hsa_nci_id,breakpoint,early.ci,late.ci,time.to.outcome,early.tto,late.tto,outcome
1,11/23/2022,11/18/2022,11/28/2022,32,27,37,1
1,6/13/2023,6/7/2023,6/20/2023,234,228,241,1
1,7/18/2024,7/14/2024,7/22/2024,635,631,639,1
1,6/26/2025,6/13/2025,7/10/2025,978,965,992,1
1,11/4/2025,10/31/2025,11/9/2025,1109,1105,1114,1
10,12/1/2022,11/27/2022,12/5/2022,40,36,44,1
10,7/25/2023,7/18/2023,8/1/2023,276,269,283,1
10,11/21/2023,11/16/2023,11/26/2023,395,390,400,1
10,6/13/2024,6/7/2024,6/19/2024,600,594,606,1
10,11/12/2024,11/10/2024,11/15/2024,752,750,755,1
10,7/30/2025,7/26/2025,8/2/2025,1012,1008,1015,1
10,11/6/2025,11/3/2025,11/10/2025,1111,1108,1115,1
101,12/5/2022,12/1/2022,12/9/2022,44,40,48,1
101,7/21/2023,7/10/2023,7/31/2023,272,261,282,1
101,11/21/2023,11/16/2023,11/25/2023,395,390,399,1
101,6/25/2024,6/22/2024,6/29/2024,612,609,616,1
101,10/30/2024,10/26/2024,11/4/2024,739,735,744,1
101,7/17/2025,7/6/2025,7/28/2025,999,988,1010,1
101,11/10/2025,11/6/2025,11/15/2025,1115,1111,1120,1
102,4/25/2023,4/13/2023,5/7/2023,185,173,197,1
102,10/30/2023,10/27/2023,11/2/2023,373,370,376,1
102,6/23/2024,6/14/2024,7/3/2024,610,601,620,1
102,10/15/2024,10/12/2024,10/18/2024,724,721,727,1
102,6/24/2025,6/18/2025,6/30/2025,976,970,982,1
102,11/25/2025,11/20/2025,11/29/2025,1130,1125,1134,1
103,11/23/2022,11/21/2022,11/24/2022,32,30,33,1
103,5/24/2023,5/12/2023,6/5/2023,214,202,226,1
103,11/2/2023,10/30/2023,11/5/2023,376,373,379,1
103,6/26/2024,6/22/2024,6/29/2024,613,609,616,1
103,11/11/2024,11/6/2024,11/17/2024,751,746,757,1
103,12/6/2025,11/11/2025,12/31/2025,1141,1116,1166,1
104,12/1/2022,11/27/2022,12/5/2022,40,36,44,1
104,7/10/2023,7/4/2023,7/17/2023,261,255,268,1
104,10/31/2023,10/27/2023,11/4/2023,374,370,378,1
104,7/2/2024,6/27/2024,7/6/2024,619,614,623,1
104,10/22/2024,10/18/2024,10/25/2024,731,727,734,1
104,7/22/2025,7/18/2025,7/26/2025,1004,1000,1008,1
104,10/30/2025,10/26/2025,11/2/2025,1104,1100,1107,1
105,11/22/2022,11/15/2022,11/30/2022,31,24,39,1
105,7/31/2023,7/24/2023,8/6/2023,282,275,288,1
105,11/2/2023,10/27/2023,11/7/2023,376,370,381,1
105,4/29/2024,4/20/2024,5/9/2024,555,546,565,1
105,10/30/2024,10/27/2024,11/3/2024,739,736,743,1
105,3/4/2025,3/2/2025,3/7/2025,864,862,867,1
105,6/24/2025,6/16/2025,7/3/2025,976,968,985,1
105,10/20/2025,10/15/2025,10/24/2025,1094,1089,1098,1
106,1/28/2023,12/26/2022,3/2/2023,98,65,131,1
106,8/9/2023,8/6/2023,8/12/2023,291,288,294,1
106,10/24/2023,10/19/2023,10/30/2023,367,362,373,1
106,5/27/2024,5/17/2024,6/6/2024,583,573,593,1
106,10/28/2024,10/24/2024,11/1/2024,737,733,741,1
106,6/11/2025,6/4/2025,6/17/2025,963,956,969,1
106,10/22/2025,10/14/2025,10/31/2025,1096,1088,1105,1
107,7/18/2023,7/12/2023,7/24/2023,269,263,275,1
107,12/5/2023,11/27/2023,12/12/2023,409,401,416,1
107,4/17/2024,4/10/2024,4/24/2024,543,536,550,1
107,11/6/2024,11/1/2024,11/12/2024,746,741,752,1
107,6/15/2025,6/8/2025,6/22/2025,967,960,974,1
107,11/23/2025,11/17/2025,11/30/2025,1128,1122,1135,1
108,11/23/2022,11/21/2022,11/25/2022,32,30,34,1
108,7/24/2023,7/18/2023,7/29/2023,275,269,280,1
108,11/17/2023,11/11/2023,11/22/2023,391,385,396,1
108,6/18/2024,6/12/2024,6/24/2024,605,599,611,1
108,11/19/2024,11/15/2024,11/22/2024,759,755,762,1
108,8/5/2025,7/31/2025,8/10/2025,1018,1013,1023,1
108,11/4/2025,10/30/2025,11/9/2025,1109,1104,1114,1
109,11/17/2022,11/8/2022,11/26/2022,26,17,35,1
109,7/24/2023,7/21/2023,7/28/2023,275,272,279,1
109,11/23/2023,11/21/2023,11/26/2023,397,395,400,1
109,5/1/2024,4/24/2024,5/8/2024,557,550,564,1
109,10/16/2024,10/11/2024,10/20/2024,725,720,729,1
109,7/1/2025,6/26/2025,7/6/2025,983,978,988,1
109,10/13/2025,10/11/2025,10/15/2025,1087,1085,1089,1
11,11/28/2022,11/24/2022,12/3/2022,37,33,42,1
11,6/26/2023,6/14/2023,7/7/2023,247,235,258,1
11,10/4/2023,9/30/2023,10/7/2023,347,343,350,1
11,5/29/2024,5/21/2024,6/5/2024,585,577,592,1
11,11/19/2024,11/11/2024,11/26/2024,759,751,766,1
11,7/21/2025,7/18/2025,7/25/2025,1003,1000,1007,1
11,11/18/2025,11/14/2025,11/23/2025,1123,1119,1128,1
112,11/22/2022,11/19/2022,11/25/2022,31,28,34,1
112,6/19/2023,6/13/2023,6/25/2023,240,234,246,1
112,11/20/2023,11/15/2023,11/25/2023,394,389,399,1
112,6/30/2024,6/27/2024,7/3/2024,617,614,620,1
112,11/13/2024,11/9/2024,11/18/2024,753,749,758,1
112,7/21/2025,7/17/2025,7/25/2025,1003,999,1007,1
112,11/11/2025,11/8/2025,11/14/2025,1116,1113,1119,1
114,7/25/2023,7/20/2023,7/30/2023,276,271,281,1
114,10/9/2023,10/5/2023,10/13/2023,352,348,356,1
114,6/3/2024,5/28/2024,6/10/2024,590,584,597,1
114,11/26/2024,11/19/2024,12/2/2024,766,759,772,1
114,6/26/2025,6/20/2025,7/3/2025,978,972,985,1
114,10/22/2025,10/11/2025,11/1/2025,1096,1085,1106,1
115,2/22/2023,2/17/2023,2/26/2023,123,118,127,1
115,7/10/2023,7/5/2023,7/15/2023,261,256,266,1
115,10/25/2023,10/21/2023,10/29/2023,368,364,372,1
115,6/3/2024,5/27/2024,6/10/2024,590,583,597,1
115,10/30/2024,10/25/2024,11/4/2024,739,734,744,1
116,6/20/2023,6/10/2023,6/29/2023,241,231,250,1
116,5/21/2024,5/11/2024,5/31/2024,577,567,587,1
116,10/22/2024,10/18/2024,10/26/2024,731,727,735,1
116,11/28/2025,10/27/2025,12/29/2025,1133,1101,1164,1
119,7/5/2023,6/29/2023,7/11/2023,256,250,262,1
119,10/25/2023,10/12/2023,11/7/2023,368,355,381,1
119,6/11/2024,6/6/2024,6/15/2024,598,593,602,1
119,10/3/2024,9/30/2024,10/5/2024,712,709,714,1
119,7/9/2025,7/1/2025,7/17/2025,991,983,999,1
119,11/20/2025,11/15/2025,11/26/2025,1125,1120,1131,1
12,7/12/2023,7/4/2023,7/19/2023,263,255,270,1
12,10/17/2023,10/13/2023,10/21/2023,360,356,364,1
12,5/2/2024,4/26/2024,5/8/2024,558,552,564,1
12,11/21/2024,11/16/2024,11/27/2024,761,756,767,1
12,7/14/2025,7/10/2025,7/19/2025,996,992,1001,1
12,12/1/2025,11/28/2025,12/4/2025,1136,1133,1139,1
121,11/23/2022,11/18/2022,11/27/2022,32,27,36,1
121,7/10/2023,6/26/2023,7/23/2023,261,247,274,1
121,11/22/2023,11/18/2023,11/27/2023,396,392,401,1
121,6/12/2024,6/7/2024,6/18/2024,599,594,605,1
121,11/12/2024,11/9/2024,11/16/2024,752,749,756,1
121,7/1/2025,6/26/2025,7/7/2025,983,978,989,1
121,10/28/2025,10/25/2025,10/31/2025,1102,1099,1105,1
122,6/19/2023,6/10/2023,6/27/2023,240,231,248,1
122,6/25/2024,6/20/2024,6/30/2024,612,607,617,1
122,11/28/2024,11/17/2024,12/8/2024,768,757,778,1
122,11/21/2025,11/8/2025,12/4/2025,1126,1113,1139,1
123,11/29/2022,11/25/2022,12/3/2022,38,34,42,1
123,3/6/2023,3/2/2023,3/10/2023,135,131,139,1
123,7/19/2023,7/13/2023,7/24/2023,270,264,275,1
123,10/17/2023,10/13/2023,10/21/2023,360,356,364,1
123,2/7/2024,1/30/2024,2/14/2024,473,465,480,1
123,7/18/2024,7/14/2024,7/23/2024,635,631,640,1
123,10/7/2024,10/5/2024,10/10/2024,716,714,719,1
123,7/17/2025,7/14/2025,7/20/2025,999,996,1002,1
123,11/18/2025,11/13/2025,11/22/2025,1123,1118,1127,1
123,2/4/2026,2/1/2026,2/6/2026,1201,1198,1203,1
124,11/22/2022,11/16/2022,11/27/2022,31,25,36,1
124,11/25/2023,11/20/2023,12/1/2023,399,394,405,1
124,6/13/2024,6/5/2024,6/21/2024,600,592,608,1
124,11/17/2024,11/8/2024,11/26/2024,757,748,766,1
124,4/30/2025,4/23/2025,5/6/2025,921,914,927,1
126,11/22/2022,11/17/2022,11/28/2022,31,26,37,1
126,7/19/2023,7/15/2023,7/24/2023,270,266,275,1
126,11/28/2023,11/23/2023,12/4/2023,402,397,408,1
126,6/28/2024,6/25/2024,7/2/2024,615,612,619,1
126,11/26/2024,11/13/2024,12/9/2024,766,753,779,1
126,6/9/2025,6/5/2025,6/13/2025,961,957,965,1
126,11/4/2025,10/31/2025,11/9/2025,1109,1105,1114,1
127,12/5/2022,11/29/2022,12/11/2022,44,38,50,1
127,8/9/2023,8/6/2023,8/12/2023,291,288,294,1
127,11/14/2023,11/9/2023,11/19/2023,388,383,393,1
127,6/27/2024,6/23/2024,7/2/2024,614,610,619,1
127,10/30/2024,10/27/2024,11/2/2024,739,736,742,1
127,7/3/2025,6/29/2025,7/7/2025,985,981,989,1
127,11/11/2025,11/7/2025,11/16/2025,1116,1112,1121,1
13,11/15/2022,11/9/2022,11/22/2022,24,18,31,1
13,7/10/2023,6/28/2023,7/21/2023,261,249,272,1
13,7/8/2024,7/3/2024,7/12/2024,625,620,629,1
13,10/21/2024,10/18/2024,10/25/2024,730,727,734,1
13,7/21/2025,7/16/2025,7/26/2025,1003,998,1008,1
13,11/17/2025,11/13/2025,11/21/2025,1122,1118,1126,1
131,11/24/2022,11/19/2022,11/29/2022,33,28,38,1
131,6/22/2023,6/10/2023,7/3/2023,243,231,254,1
131,6/18/2024,6/12/2024,6/23/2024,605,599,610,1
131,10/22/2024,10/17/2024,10/27/2024,731,726,736,1
131,6/11/2025,6/2/2025,6/20/2025,963,954,972,1
131,11/5/2025,11/1/2025,11/9/2025,1110,1106,1114,1
135,11/22/2022,11/15/2022,11/28/2022,31,24,37,1
135,7/19/2023,7/18/2023,7/21/2023,270,269,272,1
135,11/15/2023,11/10/2023,11/20/2023,389,384,394,1
135,6/18/2024,6/13/2024,6/24/2024,605,600,611,1
135,10/16/2024,10/12/2024,10/20/2024,725,721,729,1
135,6/24/2025,6/19/2025,6/30/2025,976,971,982,1
136,12/13/2022,12/9/2022,12/17/2022,52,48,56,1
136,7/6/2023,6/30/2023,7/12/2023,257,251,263,1
136,11/9/2023,11/6/2023,11/13/2023,383,380,387,1
136,5/16/2024,5/5/2024,5/28/2024,572,561,584,1
136,11/19/2024,11/16/2024,11/23/2024,759,756,763,1
136,12/7/2025,12/3/2025,12/10/2025,1142,1138,1145,1
14,11/28/2022,11/23/2022,12/2/2022,37,32,41,1
14,11/19/2023,10/30/2023,12/10/2023,393,373,414,1
14,5/22/2024,5/14/2024,5/29/2024,578,570,585,1
14,11/20/2024,10/29/2024,12/13/2024,760,738,783,1
14,7/1/2025,6/24/2025,7/7/2025,983,976,989,1
14,2/15/2026,1/26/2026,3/7/2026,1212,1192,1232,1
141,11/14/2022,11/7/2022,11/22/2022,23,16,31,1
141,6/16/2023,6/6/2023,6/26/2023,237,227,247,1
141,11/17/2023,11/8/2023,11/25/2023,391,382,399,1
141,7/9/2024,7/5/2024,7/13/2024,626,622,630,1
141,12/2/2024,11/27/2024,12/7/2024,772,767,777,1
141,7/28/2025,7/25/2025,7/31/2025,1010,1007,1013,1
141,10/14/2025,10/10/2025,10/17/2025,1088,1084,1091,1
143,12/28/2022,12/24/2022,12/31/2022,67,63,70,1
143,7/12/2023,7/5/2023,7/20/2023,263,256,271,1
143,9/19/2023,9/13/2023,9/26/2023,332,326,339,1
143,6/19/2024,6/16/2024,6/22/2024,606,603,609,1
143,7/9/2025,7/6/2025,7/12/2025,991,988,994,1
144,12/20/2022,12/18/2022,12/22/2022,59,57,61,1
144,7/10/2023,7/4/2023,7/15/2023,261,255,266,1
144,10/15/2023,10/4/2023,10/27/2023,358,347,370,1
144,7/31/2024,7/27/2024,8/4/2024,648,644,652,1
144,8/7/2025,7/30/2025,8/14/2025,1020,1012,1027,1
145,11/17/2022,11/7/2022,11/27/2022,26,16,36,1
145,6/6/2023,5/28/2023,6/15/2023,227,218,236,1
145,10/10/2023,10/4/2023,10/15/2023,353,347,358,1
145,6/26/2024,6/19/2024,7/4/2024,613,606,621,1
145,12/16/2024,12/11/2024,12/22/2024,786,781,792,1
145,7/9/2025,7/5/2025,7/13/2025,991,987,995,1
145,11/26/2025,11/20/2025,12/2/2025,1131,1125,1137,1
146,7/13/2023,7/5/2023,7/22/2023,264,256,273,1
146,10/16/2023,10/13/2023,10/18/2023,359,356,361,1
146,6/13/2024,6/5/2024,6/22/2024,600,592,609,1
146,10/1/2024,9/25/2024,10/6/2024,710,704,715,1
146,6/3/2025,5/29/2025,6/8/2025,955,950,960,1
146,10/14/2025,10/10/2025,10/17/2025,1088,1084,1091,1
147,12/6/2022,12/1/2022,12/12/2022,45,40,51,1
147,6/13/2023,6/3/2023,6/23/2023,234,224,244,1
147,12/7/2023,12/1/2023,12/14/2023,411,405,418,1
147,5/29/2024,5/20/2024,6/7/2024,585,576,594,1
147,10/8/2024,10/3/2024,10/12/2024,717,712,721,1
147,6/3/2025,5/27/2025,6/9/2025,955,948,961,1
147,10/21/2025,10/14/2025,10/27/2025,1095,1088,1101,1
148,11/18/2022,11/7/2022,11/29/2022,27,16,38,1
148,6/22/2023,6/14/2023,6/30/2023,243,235,251,1
148,12/7/2023,12/5/2023,12/9/2023,411,409,413,1
148,5/26/2024,5/19/2024,6/3/2024,582,575,590,1
148,10/7/2024,10/3/2024,10/12/2024,716,712,721,1
148,6/10/2025,6/2/2025,6/18/2025,962,954,970,1
148,11/26/2025,11/22/2025,11/29/2025,1131,1127,1134,1
149,12/5/2022,12/2/2022,12/8/2022,44,41,47,1
149,8/3/2023,7/31/2023,8/7/2023,285,282,289,1
149,10/24/2023,10/17/2023,11/1/2023,367,360,375,1
149,5/24/2024,5/17/2024,5/31/2024,580,573,587,1
149,10/23/2024,10/17/2024,10/28/2024,732,726,737,1
149,7/8/2025,7/3/2025,7/12/2025,990,985,994,1
149,11/24/2025,11/18/2025,12/1/2025,1129,1123,1136,1
149,2/4/2026,1/31/2026,2/7/2026,1201,1197,1204,1
151,11/28/2022,11/19/2022,12/6/2022,37,28,45,1
151,7/27/2023,7/19/2023,8/4/2023,278,270,286,1
151,10/16/2023,10/12/2023,10/20/2023,359,355,363,1
151,6/11/2024,6/1/2024,6/21/2024,598,588,608,1
151,11/29/2024,11/22/2024,12/6/2024,769,762,776,1
151,6/11/2025,6/6/2025,6/17/2025,963,958,969,1
151,11/11/2025,11/7/2025,11/16/2025,1116,1112,1121,1
153,11/28/2022,11/23/2022,12/3/2022,37,32,42,1
153,7/14/2023,7/9/2023,7/18/2023,265,260,269,1
153,11/29/2023,11/21/2023,12/8/2023,403,395,412,1
153,5/21/2024,5/14/2024,5/28/2024,577,570,584,1
153,9/26/2024,9/22/2024,9/30/2024,705,701,709,1
153,6/17/2025,6/12/2025,6/22/2025,969,964,974,1
154,11/23/2022,11/18/2022,11/29/2022,32,27,38,1
154,6/15/2023,6/7/2023,6/23/2023,236,228,244,1
154,12/5/2023,11/30/2023,12/11/2023,409,404,415,1
154,6/12/2024,6/5/2024,6/18/2024,599,592,605,1
154,9/26/2024,9/22/2024,10/1/2024,705,701,710,1
154,7/9/2025,7/2/2025,7/16/2025,991,984,998,1
154,11/16/2025,11/11/2025,11/21/2025,1121,1116,1126,1
157,12/8/2022,12/6/2022,12/10/2022,47,45,49,1
157,6/18/2023,6/7/2023,6/30/2023,239,228,251,1
157,10/31/2023,10/22/2023,11/8/2023,374,365,382,1
157,5/23/2024,5/18/2024,5/28/2024,579,574,584,1
157,10/8/2024,10/1/2024,10/14/2024,717,710,723,1
157,7/8/2025,7/2/2025,7/13/2025,990,984,995,1
157,12/3/2025,11/28/2025,12/8/2025,1138,1133,1143,1
16,11/23/2022,11/17/2022,11/29/2022,32,26,38,1
16,7/20/2023,7/17/2023,7/23/2023,271,268,274,1
16,10/25/2023,10/17/2023,11/3/2023,368,360,377,1
16,6/10/2024,5/21/2024,6/30/2024,597,577,617,1
16,10/23/2024,10/18/2024,10/27/2024,732,727,736,1
16,6/17/2025,6/12/2025,6/21/2025,969,964,973,1
16,10/21/2025,10/17/2025,10/25/2025,1095,1091,1099,1
160,11/23/2022,11/15/2022,11/30/2022,32,24,39,1
160,6/21/2023,6/9/2023,7/3/2023,242,230,254,1
160,10/29/2023,10/24/2023,11/2/2023,372,367,376,1
160,6/4/2024,5/27/2024,6/13/2024,591,583,600,1
160,10/2/2024,9/29/2024,10/5/2024,711,708,714,1
160,7/15/2025,7/10/2025,7/20/2025,997,992,1002,1
160,10/6/2025,10/3/2025,10/9/2025,1080,1077,1083,1
164,6/1/2023,5/23/2023,6/10/2023,222,213,231,1
164,10/17/2023,10/9/2023,10/24/2023,360,352,367,1
164,6/25/2024,6/18/2024,7/3/2024,612,605,620,1
164,9/19/2024,9/16/2024,9/21/2024,698,695,700,1
164,7/1/2025,6/26/2025,7/7/2025,983,978,989,1
164,11/25/2025,11/22/2025,11/28/2025,1130,1127,1133,1
167,11/29/2022,11/25/2022,12/3/2022,38,34,42,1
167,7/16/2023,7/11/2023,7/21/2023,267,262,272,1
167,10/31/2023,10/24/2023,11/6/2023,374,367,380,1
167,5/28/2024,5/21/2024,6/4/2024,584,577,591,1
167,10/15/2024,10/10/2024,10/19/2024,724,719,728,1
167,7/15/2025,7/10/2025,7/19/2025,997,992,1001,1
168,12/7/2022,12/4/2022,12/10/2022,46,43,49,1
168,7/25/2023,7/22/2023,7/27/2023,276,273,278,1
168,11/30/2023,11/22/2023,12/7/2023,404,396,411,1
168,5/23/2024,5/18/2024,5/28/2024,579,574,584,1
168,10/21/2024,10/16/2024,10/26/2024,730,725,735,1
168,7/8/2025,7/4/2025,7/13/2025,990,986,995,1
169,11/22/2022,11/17/2022,11/26/2022,31,26,35,1
169,7/12/2023,7/8/2023,7/16/2023,263,259,267,1
169,10/12/2023,10/10/2023,10/15/2023,355,353,358,1
169,6/4/2024,5/27/2024,6/12/2024,591,583,599,1
169,10/22/2024,10/13/2024,10/30/2024,731,722,739,1
169,7/16/2025,7/10/2025,7/22/2025,998,992,1004,1
169,11/21/2025,11/16/2025,11/25/2025,1126,1121,1130,1
17,1/30/2023,1/16/2023,2/13/2023,100,86,114,1
17,11/16/2023,11/9/2023,11/23/2023,390,383,397,1
17,4/16/2024,4/9/2024,4/23/2024,542,535,549,1
17,11/26/2024,11/23/2024,11/29/2024,766,763,769,1
17,11/26/2025,11/23/2025,11/29/2025,1131,1128,1134,1
170,12/7/2022,12/5/2022,12/9/2022,46,44,48,1
170,5/24/2023,5/13/2023,6/3/2023,214,203,224,1
170,12/3/2023,11/26/2023,12/10/2023,407,400,414,1
170,6/6/2024,5/31/2024,6/12/2024,593,587,599,1
170,10/7/2024,10/4/2024,10/9/2024,716,713,718,1
170,7/15/2025,7/11/2025,7/20/2025,997,993,1002,1
170,2/13/2026,1/18/2026,3/10/2026,1210,1184,1235,1
176,11/23/2022,11/18/2022,11/28/2022,32,27,37,1
176,7/6/2023,6/29/2023,7/13/2023,257,250,264,1
176,9/27/2023,9/25/2023,9/28/2023,340,338,341,1
178,12/5/2022,12/1/2022,12/9/2022,44,40,48,1
178,7/5/2023,6/27/2023,7/14/2023,256,248,265,1
178,12/26/2023,12/17/2023,1/3/2024,430,421,438,1
18,11/27/2022,11/23/2022,12/2/2022,36,32,41,1
18,7/24/2023,7/17/2023,7/31/2023,275,268,282,1
18,10/3/2023,9/26/2023,10/9/2023,346,339,352,1
18,6/5/2024,6/1/2024,6/10/2024,592,588,597,1
18,10/5/2024,9/26/2024,10/13/2024,714,705,722,1
18,6/23/2025,6/17/2025,6/30/2025,975,969,982,1
18,11/23/2025,11/17/2025,11/30/2025,1128,1122,1135,1
180,12/7/2022,12/2/2022,12/12/2022,46,41,51,1
180,6/17/2023,6/8/2023,6/26/2023,238,229,247,1
180,11/29/2023,11/18/2023,12/10/2023,403,392,414,1
180,6/6/2024,6/1/2024,6/12/2024,593,588,599,1
180,7/16/2025,7/14/2025,7/19/2025,998,996,1001,1
182,11/29/2022,11/25/2022,12/3/2022,38,34,42,1
182,7/31/2023,7/28/2023,8/3/2023,282,279,285,1
182,10/23/2023,10/17/2023,10/30/2023,366,360,373,1
182,5/21/2024,5/10/2024,6/1/2024,577,566,588,1
182,10/8/2024,10/2/2024,10/14/2024,717,711,723,1
182,7/8/2025,7/5/2025,7/12/2025,990,987,994,1
182,10/15/2025,10/9/2025,10/21/2025,1089,1083,1095,1
184,11/29/2022,11/26/2022,12/2/2022,38,35,41,1
184,7/20/2023,7/17/2023,7/22/2023,271,268,273,1
184,12/5/2023,11/27/2023,12/13/2023,409,401,417,1
184,6/12/2024,6/6/2024,6/18/2024,599,593,605,1
184,10/7/2024,10/3/2024,10/10/2024,716,712,719,1
184,6/25/2025,6/18/2025,7/2/2025,977,970,984,1
184,1/27/2026,1/8/2026,2/15/2026,1193,1174,1212,1
186,12/5/2022,12/2/2022,12/8/2022,44,41,47,1
186,7/31/2023,7/26/2023,8/6/2023,282,277,288,1
186,10/30/2023,10/26/2023,11/3/2023,373,369,377,1
186,6/4/2024,5/29/2024,6/10/2024,591,585,597,1
186,10/16/2024,10/11/2024,10/21/2024,725,720,730,1
186,7/9/2025,7/4/2025,7/14/2025,991,986,996,1
186,2/22/2026,1/30/2026,3/18/2026,1219,1196,1243,1
187,11/23/2022,11/18/2022,11/29/2022,32,27,38,1
187,7/18/2023,7/15/2023,7/21/2023,269,266,272,1
187,11/25/2023,11/2/2023,12/18/2023,399,376,422,1
187,6/18/2024,6/10/2024,6/26/2024,605,597,613,1
187,9/23/2024,9/20/2024,9/25/2024,702,699,704,1
187,7/16/2025,7/13/2025,7/19/2025,998,995,1001,1
187,10/7/2025,10/3/2025,10/10/2025,1081,1077,1084,1
188,11/24/2022,11/21/2022,11/27/2022,33,30,36,1
188,7/26/2023,7/19/2023,8/2/2023,277,270,284,1
188,10/18/2023,10/15/2023,10/21/2023,361,358,364,1
188,6/12/2024,6/5/2024,6/18/2024,599,592,605,1
188,12/2/2024,11/27/2024,12/7/2024,772,767,777,1
188,6/25/2025,6/17/2025,7/3/2025,977,969,985,1
188,11/26/2025,11/22/2025,11/29/2025,1131,1127,1134,1
189,12/6/2022,12/3/2022,12/9/2022,45,42,48,1
189,7/25/2023,7/19/2023,7/30/2023,276,270,281,1
189,11/1/2023,10/30/2023,11/3/2023,375,373,377,1
189,6/12/2024,6/6/2024,6/18/2024,599,593,605,1
189,11/15/2024,10/27/2024,12/4/2024,755,736,774,1
189,7/15/2025,7/11/2025,7/19/2025,997,993,1001,1
19,11/22/2022,11/20/2022,11/25/2022,31,29,34,1
19,8/8/2023,8/4/2023,8/11/2023,290,286,293,1
19,11/8/2023,11/4/2023,11/13/2023,382,378,387,1
19,6/28/2024,6/24/2024,7/2/2024,615,611,619,1
19,11/13/2024,11/10/2024,11/17/2024,753,750,757,1
19,6/26/2025,6/20/2025,7/1/2025,978,972,983,1
19,11/11/2025,11/2/2025,11/19/2025,1116,1107,1124,1
190,11/17/2022,11/8/2022,11/27/2022,26,17,36,1
190,5/31/2023,5/20/2023,6/10/2023,221,210,231,1
190,11/15/2023,11/8/2023,11/22/2023,389,382,396,1
190,5/22/2024,5/14/2024,5/29/2024,578,570,585,1
190,9/25/2024,9/21/2024,9/29/2024,704,700,708,1
190,7/2/2025,6/27/2025,7/6/2025,984,979,988,1
191,11/22/2022,11/13/2022,12/1/2022,31,22,40,1
191,11/17/2023,11/11/2023,11/23/2023,391,385,397,1
191,5/28/2024,5/23/2024,6/1/2024,584,579,588,1
191,1/2/2025,12/26/2024,1/8/2025,803,796,809,1
191,6/9/2025,6/3/2025,6/15/2025,961,955,967,1
191,1/8/2026,12/31/2025,1/16/2026,1174,1166,1182,1
192,11/23/2022,11/17/2022,11/29/2022,32,26,38,1
192,7/26/2023,7/18/2023,8/3/2023,277,269,285,1
192,11/8/2023,11/5/2023,11/11/2023,382,379,385,1
192,5/27/2024,5/20/2024,6/4/2024,583,576,591,1
192,10/15/2024,10/9/2024,10/21/2024,724,718,730,1
192,6/30/2025,6/23/2025,7/8/2025,982,975,990,1
192,11/27/2025,11/17/2025,12/7/2025,1132,1122,1142,1
193,12/20/2022,12/18/2022,12/22/2022,59,57,61,1
193,7/17/2023,7/15/2023,7/19/2023,268,266,270,1
193,10/24/2023,10/16/2023,11/1/2023,367,359,375,1
193,7/25/2024,7/21/2024,7/29/2024,642,638,646,1
193,2/9/2025,2/4/2025,2/15/2025,841,836,847,1
193,7/23/2025,7/18/2025,7/28/2025,1005,1000,1010,1
194,11/21/2022,11/16/2022,11/27/2022,30,25,36,1
194,7/12/2023,7/9/2023,7/16/2023,263,260,267,1
194,11/8/2023,11/4/2023,11/11/2023,382,378,385,1
194,5/22/2024,5/14/2024,5/31/2024,578,570,587,1
194,10/7/2024,10/3/2024,10/11/2024,716,712,720,1
194,6/26/2025,6/22/2025,7/1/2025,978,974,983,1
194,11/17/2025,11/10/2025,11/25/2025,1122,1115,1130,1
195,12/1/2022,11/24/2022,12/8/2022,40,33,47,1
195,8/2/2023,7/27/2023,8/9/2023,284,278,291,1
195,11/12/2023,11/8/2023,11/16/2023,386,382,390,1
195,6/4/2024,5/29/2024,6/10/2024,591,585,597,1
195,11/26/2024,11/11/2024,12/11/2024,766,751,781,1
195,7/29/2025,7/25/2025,8/1/2025,1011,1007,1014,1
195,11/28/2025,11/3/2025,12/24/2025,1133,1108,1159,1
196,11/30/2022,11/27/2022,12/2/2022,39,36,41,1
196,7/19/2023,7/16/2023,7/22/2023,270,267,273,1
196,11/9/2023,11/3/2023,11/14/2023,383,377,388,1
196,5/21/2024,5/13/2024,5/29/2024,577,569,585,1
196,12/17/2024,11/29/2024,1/5/2025,787,769,806,1
196,7/1/2025,6/26/2025,7/6/2025,983,978,988,1
196,10/22/2025,10/17/2025,10/26/2025,1096,1091,1100,1
198,11/30/2022,11/27/2022,12/3/2022,39,36,42,1
198,7/14/2023,7/9/2023,7/18/2023,265,260,269,1
198,11/23/2023,11/18/2023,11/28/2023,397,392,402,1
198,5/22/2024,5/15/2024,5/30/2024,578,571,586,1
198,10/15/2024,10/12/2024,10/19/2024,724,721,728,1
198,7/2/2025,6/26/2025,7/8/2025,984,978,990,1
198,10/15/2025,10/11/2025,10/19/2025,1089,1085,1093,1
199,11/20/2022,11/13/2022,11/28/2022,29,22,37,1
199,6/7/2023,5/26/2023,6/19/2023,228,216,240,1
199,1/4/2024,12/22/2023,1/17/2024,439,426,452,1
199,6/11/2024,6/6/2024,6/17/2024,598,593,604,1
199,12/9/2024,12/2/2024,12/15/2024,779,772,785,1
199,7/7/2025,7/2/2025,7/13/2025,989,984,995,1
199,11/4/2025,10/31/2025,11/8/2025,1109,1105,1113,1
2,7/5/2023,6/28/2023,7/12/2023,256,249,263,1
2,10/11/2023,10/7/2023,10/16/2023,354,350,359,1
2,6/4/2024,5/28/2024,6/11/2024,591,584,598,1
2,10/17/2024,10/10/2024,10/23/2024,726,719,732,1
2,6/17/2025,6/7/2025,6/26/2025,969,959,978,1
2,11/26/2025,11/18/2025,12/5/2025,1131,1123,1140,1
20,12/6/2022,12/3/2022,12/9/2022,45,42,48,1
20,8/2/2023,7/29/2023,8/7/2023,284,280,289,1
20,11/14/2023,11/9/2023,11/19/2023,388,383,393,1
20,6/20/2024,6/13/2024,6/27/2024,607,600,614,1
20,11/13/2024,11/4/2024,11/21/2024,753,744,761,1
20,7/28/2025,7/23/2025,8/2/2025,1010,1005,1015,1
20,11/4/2025,11/1/2025,11/8/2025,1109,1106,1113,1
203,11/29/2022,11/26/2022,12/2/2022,38,35,41,1
203,8/1/2023,7/29/2023,8/4/2023,283,280,286,1
203,11/2/2023,10/26/2023,11/9/2023,376,369,383,1
203,6/4/2024,5/27/2024,6/11/2024,591,583,598,1
203,10/16/2024,10/13/2024,10/19/2024,725,722,728,1
203,7/4/2025,6/28/2025,7/9/2025,986,980,991,1
203,10/15/2025,10/13/2025,10/18/2025,1089,1087,1092,1
204,11/23/2022,11/19/2022,11/27/2022,32,28,36,1
204,7/4/2023,6/25/2023,7/12/2023,255,246,263,1
204,1/27/2024,1/2/2024,2/21/2024,462,437,487,1
204,6/26/2024,6/21/2024,6/30/2024,613,608,617,1
204,1/29/2025,1/25/2025,2/3/2025,830,826,835,1
204,6/17/2025,6/9/2025,6/25/2025,969,961,977,1
204,11/21/2025,11/8/2025,12/4/2025,1126,1113,1139,1
205,11/30/2022,11/27/2022,12/3/2022,39,36,42,1
205,6/7/2023,5/27/2023,6/19/2023,228,217,240,1
205,11/26/2023,11/17/2023,12/4/2023,400,391,408,1
205,5/21/2024,5/13/2024,5/28/2024,577,569,584,1
205,10/22/2024,10/19/2024,10/26/2024,731,728,735,1
205,6/26/2025,6/17/2025,7/4/2025,978,969,986,1
205,2/7/2026,1/22/2026,2/23/2026,1204,1188,1220,1
206,11/28/2022,11/23/2022,12/2/2022,37,32,41,1
206,6/20/2023,6/11/2023,6/30/2023,241,232,251,1
206,11/22/2023,11/7/2023,12/6/2023,396,381,410,1
206,6/12/2024,6/4/2024,6/19/2024,599,591,606,1
206,12/8/2024,12/2/2024,12/14/2024,778,772,784,1
206,6/17/2025,6/11/2025,6/23/2025,969,963,975,1
206,1/15/2026,1/7/2026,1/23/2026,1181,1173,1189,1
207,11/30/2022,11/27/2022,12/3/2022,39,36,42,1
207,7/27/2023,7/23/2023,7/31/2023,278,274,282,1
207,11/7/2023,10/31/2023,11/14/2023,381,374,388,1
207,6/4/2024,5/29/2024,6/11/2024,591,585,598,1
207,10/22/2024,10/19/2024,10/25/2024,731,728,734,1
207,7/29/2025,7/24/2025,8/3/2025,1011,1006,1016,1
207,1/28/2026,1/25/2026,1/31/2026,1194,1191,1197,1
208,11/23/2022,11/16/2022,11/30/2022,32,25,39,1
208,7/6/2023,6/30/2023,7/12/2023,257,251,263,1
208,10/17/2023,10/10/2023,10/24/2023,360,353,367,1
208,5/8/2024,4/30/2024,5/16/2024,564,556,572,1
208,11/6/2024,11/1/2024,11/11/2024,746,741,751,1
208,7/17/2025,7/11/2025,7/22/2025,999,993,1004,1
208,10/9/2025,10/6/2025,10/12/2025,1083,1080,1086,1
209,11/28/2022,11/23/2022,12/3/2022,37,32,42,1
209,7/18/2023,7/10/2023,7/26/2023,269,261,277,1
209,11/22/2023,11/16/2023,11/29/2023,396,390,403,1
209,5/14/2024,5/7/2024,5/22/2024,570,563,578,1
209,2/1/2025,1/26/2025,2/7/2025,833,827,839,1
209,7/10/2025,7/3/2025,7/17/2025,992,985,999,1
209,10/20/2025,10/17/2025,10/23/2025,1094,1091,1097,1
21,11/29/2022,11/25/2022,12/2/2022,38,34,41,1
21,2/12/2023,2/9/2023,2/15/2023,113,110,116,1
21,8/14/2023,8/9/2023,8/20/2023,296,291,302,1
21,10/25/2023,10/22/2023,10/29/2023,368,365,372,1
21,5/13/2024,5/3/2024,5/24/2024,569,559,580,1
21,11/6/2024,11/3/2024,11/9/2024,746,743,749,1
21,7/5/2025,6/21/2025,7/20/2025,987,973,1002,1
211,12/5/2022,11/30/2022,12/10/2022,44,39,49,1
211,7/5/2023,6/28/2023,7/11/2023,256,249,262,1
211,11/24/2023,10/11/2023,1/7/2024,398,354,442,1
211,5/29/2024,5/22/2024,6/6/2024,585,578,593,1
211,2/7/2025,1/21/2025,2/24/2025,839,822,856,1
211,6/2/2025,5/25/2025,6/10/2025,954,946,962,1
211,10/21/2025,10/16/2025,10/26/2025,1095,1090,1100,1
212,11/28/2022,11/24/2022,12/1/2022,37,33,40,1
212,7/25/2023,7/23/2023,7/28/2023,276,274,279,1
212,12/5/2023,11/30/2023,12/9/2023,409,404,413,1
212,5/28/2024,5/20/2024,6/5/2024,584,576,592,1
212,10/16/2024,10/10/2024,10/23/2024,725,719,732,1
212,7/22/2025,7/20/2025,7/25/2025,1004,1002,1007,1
214,12/5/2022,11/29/2022,12/11/2022,44,38,50,1
214,7/25/2023,7/21/2023,7/29/2023,276,272,280,1
214,11/14/2023,11/6/2023,11/22/2023,388,380,396,1
214,5/30/2024,5/23/2024,6/5/2024,586,579,592,1
214,11/26/2024,11/16/2024,12/7/2024,766,756,777,1
214,7/18/2025,7/14/2025,7/22/2025,1000,996,1004,1
214,10/9/2025,10/6/2025,10/13/2025,1083,1080,1087,1
215,12/4/2022,11/28/2022,12/11/2022,43,37,50,1
215,7/5/2023,6/28/2023,7/12/2023,256,249,263,1
215,12/1/2023,11/23/2023,12/10/2023,405,397,414,1
215,1/30/2024,1/26/2024,2/2/2024,465,461,468,1
215,6/24/2024,6/18/2024,6/30/2024,611,605,617,1
215,10/10/2024,10/5/2024,10/14/2024,719,714,723,1
215,7/22/2025,7/18/2025,7/25/2025,1004,1000,1007,1
215,10/15/2025,10/7/2025,10/24/2025,1089,1081,1098,1
216,11/23/2022,11/18/2022,11/27/2022,32,27,36,1
216,6/27/2023,6/15/2023,7/9/2023,248,236,260,1
216,11/25/2023,9/21/2023,1/29/2024,399,334,464,1
216,7/8/2024,6/29/2024,7/18/2024,625,616,635,1
216,2/7/2025,1/29/2025,2/17/2025,839,830,849,1
216,6/25/2025,6/19/2025,7/1/2025,977,971,983,1
217,12/5/2022,11/30/2022,12/10/2022,44,39,49,1
217,6/6/2023,5/27/2023,6/16/2023,227,217,237,1
217,10/9/2023,10/7/2023,10/11/2023,352,350,354,1
217,1/31/2024,1/28/2024,2/4/2024,466,463,470,1
217,6/26/2024,6/22/2024,7/1/2024,613,609,618,1
217,12/3/2024,11/21/2024,12/15/2024,773,761,785,1
217,7/14/2025,7/7/2025,7/22/2025,996,989,1004,1
217,11/5/2025,10/27/2025,11/13/2025,1110,1101,1118,1
218,11/24/2022,11/20/2022,11/28/2022,33,29,37,1
218,7/26/2023,7/25/2023,7/28/2023,277,276,279,1
218,10/23/2023,10/18/2023,10/29/2023,366,361,372,1
218,6/4/2024,5/28/2024,6/11/2024,591,584,598,1
218,10/8/2024,10/4/2024,10/12/2024,717,713,721,1
218,7/15/2025,7/7/2025,7/22/2025,997,989,1004,1
218,10/7/2025,10/5/2025,10/10/2025,1081,1079,1084,1
22,11/23/2022,11/19/2022,11/27/2022,32,28,36,1
22,7/13/2023,6/23/2023,8/2/2023,264,244,284,1
22,11/16/2023,11/12/2023,11/20/2023,390,386,394,1
22,6/7/2024,5/31/2024,6/14/2024,594,587,601,1
22,11/13/2024,11/9/2024,11/17/2024,753,749,757,1
22,7/14/2025,6/30/2025,7/27/2025,996,982,1009,1
22,11/5/2025,10/31/2025,11/11/2025,1110,1105,1116,1
220,11/16/2022,11/3/2022,11/29/2022,25,12,38,1
220,7/20/2023,7/17/2023,7/24/2023,271,268,275,1
220,11/7/2023,11/4/2023,11/11/2023,381,378,385,1
220,5/8/2024,4/30/2024,5/17/2024,564,556,573,1
220,12/25/2024,12/19/2024,12/31/2024,795,789,801,1
220,6/16/2025,6/6/2025,6/26/2025,968,958,978,1
222,11/28/2022,11/24/2022,12/3/2022,37,33,42,1
222,6/10/2023,5/30/2023,6/21/2023,231,220,242,1
222,10/1/2023,9/25/2023,10/8/2023,344,338,351,1
222,6/27/2024,6/22/2024,7/2/2024,614,609,619,1
222,2/14/2025,2/11/2025,2/16/2025,846,843,848,1
222,8/5/2025,8/4/2025,8/7/2025,1018,1017,1020,1
223,11/24/2022,11/21/2022,11/26/2022,33,30,35,1
223,5/19/2023,5/7/2023,6/1/2023,209,197,222,1
223,10/9/2023,10/6/2023,10/12/2023,352,349,355,1
223,2/2/2024,1/31/2024,2/4/2024,468,466,470,1
223,7/3/2024,6/26/2024,7/10/2024,620,613,627,1
223,1/14/2025,1/11/2025,1/16/2025,815,812,817,1
223,7/15/2025,7/10/2025,7/21/2025,997,992,1003,1
223,10/14/2025,10/6/2025,10/22/2025,1088,1080,1096,1
225,11/30/2022,11/27/2022,12/3/2022,39,36,42,1
225,6/21/2023,6/11/2023,7/1/2023,242,232,252,1
225,10/30/2023,10/19/2023,11/10/2023,373,362,384,1
225,6/5/2024,5/31/2024,6/10/2024,592,587,597,1
225,12/1/2024,11/26/2024,12/6/2024,771,766,776,1
225,7/1/2025,6/26/2025,7/7/2025,983,978,989,1
225,10/28/2025,10/23/2025,11/1/2025,1102,1097,1106,1
226,11/16/2022,11/4/2022,11/28/2022,25,13,37,1
226,6/21/2023,6/12/2023,6/30/2023,242,233,251,1
226,12/14/2023,11/18/2023,1/9/2024,418,392,444,1
226,5/13/2024,5/5/2024,5/21/2024,569,561,577,1
226,10/16/2024,10/10/2024,10/21/2024,725,719,730,1
226,2/12/2025,2/8/2025,2/15/2025,844,840,847,1
226,6/17/2025,6/10/2025,6/24/2025,969,962,976,1
226,10/29/2025,10/23/2025,11/3/2025,1103,1097,1108,1
228,11/17/2022,11/8/2022,11/27/2022,26,17,36,1
228,6/21/2023,6/16/2023,6/26/2023,242,237,247,1
228,10/16/2023,10/11/2023,10/22/2023,359,354,365,1
228,6/18/2024,6/11/2024,6/24/2024,605,598,611,1
228,11/28/2024,11/21/2024,12/5/2024,768,761,775,1
228,6/12/2025,6/6/2025,6/18/2025,964,958,970,1
228,1/20/2026,1/16/2026,1/24/2026,1186,1182,1190,1
229,11/29/2022,11/25/2022,12/2/2022,38,34,41,1
229,7/31/2023,7/27/2023,8/5/2023,282,278,287,1
229,11/6/2023,10/28/2023,11/15/2023,380,371,389,1
229,6/3/2024,5/28/2024,6/9/2024,590,584,596,1
229,10/21/2024,10/17/2024,10/26/2024,730,726,735,1
229,6/18/2025,6/10/2025,6/25/2025,970,962,977,1
229,10/23/2025,10/19/2025,10/26/2025,1097,1093,1100,1
229,2/11/2026,2/8/2026,2/13/2026,1208,1205,1210,1
23,11/22/2022,11/16/2022,11/27/2022,31,25,36,1
23,7/21/2023,7/17/2023,7/24/2023,272,268,275,1
23,11/15/2023,11/9/2023,11/20/2023,389,383,394,1
23,7/1/2024,6/27/2024,7/5/2024,618,614,622,1
23,11/13/2024,11/9/2024,11/17/2024,753,749,757,1
23,7/21/2025,7/17/2025,7/24/2025,1003,999,1006,1
23,11/5/2025,11/1/2025,11/10/2025,1110,1106,1115,1
231,11/28/2022,11/26/2022,12/1/2022,37,35,40,1
231,6/23/2023,6/17/2023,6/29/2023,244,238,250,1
231,12/1/2023,11/28/2023,12/4/2023,405,402,408,1
231,5/21/2024,5/13/2024,5/30/2024,577,569,586,1
231,11/26/2024,11/22/2024,11/30/2024,766,762,770,1
231,7/10/2025,7/4/2025,7/15/2025,992,986,997,1
232,11/16/2022,11/7/2022,11/24/2022,25,16,33,1
232,7/10/2023,7/5/2023,7/16/2023,261,256,267,1
232,10/11/2023,10/8/2023,10/14/2023,354,351,357,1
232,7/3/2024,6/29/2024,7/6/2024,620,616,623,1
232,10/16/2024,10/9/2024,10/23/2024,725,718,732,1
232,7/14/2025,7/9/2025,7/19/2025,996,991,1001,1
232,11/12/2025,11/9/2025,11/15/2025,1117,1114,1120,1
234,6/21/2023,6/14/2023,6/28/2023,242,235,249,1
234,10/4/2023,10/2/2023,10/6/2023,347,345,349,1
234,5/22/2024,5/15/2024,5/28/2024,578,571,584,1
234,1/19/2025,1/15/2025,1/24/2025,820,816,825,1
234,6/10/2025,6/3/2025,6/17/2025,962,955,969,1
234,11/5/2025,10/29/2025,11/12/2025,1110,1103,1117,1
235,11/30/2022,11/26/2022,12/3/2022,39,35,42,1
235,7/18/2023,7/12/2023,7/25/2023,269,263,276,1
235,11/5/2023,10/31/2023,11/11/2023,379,374,385,1
235,4/13/2024,4/11/2024,4/14/2024,539,537,540,1
235,6/27/2024,6/23/2024,7/1/2024,614,610,618,1
235,10/8/2024,10/5/2024,10/11/2024,717,714,720,1
235,7/9/2025,7/3/2025,7/15/2025,991,985,997,1
235,10/15/2025,10/11/2025,10/18/2025,1089,1085,1092,1
238,11/30/2022,11/27/2022,12/2/2022,39,36,41,1
238,7/16/2023,7/12/2023,7/21/2023,267,263,272,1
238,11/13/2023,11/9/2023,11/18/2023,387,383,392,1
238,6/18/2024,6/12/2024,6/24/2024,605,599,611,1
238,12/4/2024,11/24/2024,12/14/2024,774,764,784,1
238,7/15/2025,7/11/2025,7/19/2025,997,993,1001,1
238,2/10/2026,1/15/2026,3/8/2026,1207,1181,1233,1
239,11/23/2022,11/18/2022,11/28/2022,32,27,37,1
239,7/4/2023,6/26/2023,7/12/2023,255,247,263,1
239,12/10/2023,12/3/2023,12/16/2023,414,407,420,1
239,6/5/2024,5/29/2024,6/13/2024,592,585,600,1
239,2/5/2025,1/21/2025,2/20/2025,837,822,852,1
239,7/16/2025,7/11/2025,7/21/2025,998,993,1003,1
239,10/25/2025,10/17/2025,11/3/2025,1099,1091,1108,1
240,11/30/2022,11/27/2022,12/2/2022,39,36,41,1
240,2/14/2023,2/9/2023,2/20/2023,115,110,121,1
240,6/28/2023,6/22/2023,7/4/2023,249,243,255,1
240,10/19/2023,10/15/2023,10/23/2023,362,358,366,1
240,5/30/2024,5/23/2024,6/5/2024,586,579,592,1
240,6/10/2025,6/3/2025,6/18/2025,962,955,970,1
240,11/20/2025,11/12/2025,11/28/2025,1125,1117,1133,1
242,12/1/2022,11/27/2022,12/4/2022,40,36,43,1
242,7/25/2023,7/16/2023,8/2/2023,276,267,284,1
242,11/22/2023,11/19/2023,11/25/2023,396,393,399,1
242,5/23/2024,5/15/2024,5/31/2024,579,571,587,1
242,10/24/2024,10/19/2024,10/28/2024,733,728,737,1
242,7/9/2025,7/4/2025,7/13/2025,991,986,995,1
242,10/20/2025,10/18/2025,10/23/2025,1094,1092,1097,1
243,11/24/2022,11/17/2022,12/1/2022,33,26,40,1
243,7/18/2023,7/12/2023,7/24/2023,269,263,275,1
243,10/31/2023,10/27/2023,11/4/2023,374,370,378,1
243,6/11/2024,6/4/2024,6/17/2024,598,591,604,1
243,10/14/2024,10/9/2024,10/19/2024,723,718,728,1
243,7/24/2025,7/20/2025,7/27/2025,1006,1002,1009,1
243,10/20/2025,10/16/2025,10/24/2025,1094,1090,1098,1
244,11/28/2022,11/24/2022,12/3/2022,37,33,42,1
244,7/12/2023,7/6/2023,7/18/2023,263,257,269,1
244,10/24/2023,10/16/2023,11/1/2023,367,359,375,1
244,6/5/2024,5/29/2024,6/12/2024,592,585,599,1
244,12/12/2024,12/3/2024,12/20/2024,782,773,790,1
244,7/9/2025,7/4/2025,7/14/2025,991,986,996,1
244,1/31/2026,12/22/2025,3/12/2026,1197,1157,1237,1
245,11/30/2022,11/22/2022,12/7/2022,39,31,46,1
245,7/13/2023,7/9/2023,7/17/2023,264,260,268,1
245,10/25/2023,10/22/2023,10/29/2023,368,365,372,1
245,6/19/2024,6/7/2024,6/30/2024,606,594,617,1
245,10/30/2024,10/25/2024,11/3/2024,739,734,743,1
245,6/23/2025,6/17/2025,6/30/2025,975,969,982,1
245,11/4/2025,10/30/2025,11/8/2025,1109,1104,1113,1
246,12/6/2022,12/4/2022,12/8/2022,45,43,47,1
246,7/12/2023,7/5/2023,7/19/2023,263,256,270,1
246,11/7/2023,10/30/2023,11/16/2023,381,373,390,1
246,5/21/2024,5/14/2024,5/27/2024,577,570,583,1
246,10/15/2024,10/11/2024,10/19/2024,724,720,728,1
246,7/8/2025,6/30/2025,7/16/2025,990,982,998,1
246,10/15/2025,10/11/2025,10/18/2025,1089,1085,1092,1
248,12/1/2022,11/25/2022,12/7/2022,40,34,46,1
248,7/26/2023,7/21/2023,7/30/2023,277,272,281,1
248,10/25/2023,10/21/2023,10/28/2023,368,364,371,1
248,6/19/2024,6/14/2024,6/24/2024,606,601,611,1
248,12/31/2024,12/26/2024,1/4/2025,801,796,805,1
248,7/2/2025,6/27/2025,7/8/2025,984,979,990,1
248,11/3/2025,10/30/2025,11/7/2025,1108,1104,1112,1
249,11/28/2022,11/23/2022,12/2/2022,37,32,41,1
249,7/20/2023,7/14/2023,7/25/2023,271,265,276,1
249,10/5/2023,9/27/2023,10/14/2023,348,340,357,1
249,6/25/2024,6/20/2024,6/30/2024,612,607,617,1
249,7/25/2025,7/16/2025,8/2/2025,1007,998,1015,1
25,11/29/2022,11/22/2022,12/6/2022,38,31,45,1
25,7/24/2023,7/17/2023,7/30/2023,275,268,281,1
25,10/31/2023,10/25/2023,11/6/2023,374,368,380,1
25,6/26/2024,6/21/2024,7/2/2024,613,608,619,1
25,10/22/2024,10/16/2024,10/28/2024,731,725,737,1
25,5/28/2025,5/21/2025,6/3/2025,949,942,955,1
25,12/3/2025,11/27/2025,12/9/2025,1138,1132,1144,1
252,11/29/2022,11/25/2022,12/2/2022,38,34,41,1
252,7/25/2023,7/22/2023,7/29/2023,276,273,280,1
252,10/12/2023,10/8/2023,10/16/2023,355,351,359,1
252,6/20/2024,6/14/2024,6/26/2024,607,601,613,1
252,9/29/2024,9/26/2024,10/2/2024,708,705,711,1
252,6/4/2025,5/28/2025,6/11/2025,956,949,963,1
252,10/28/2025,10/22/2025,11/2/2025,1102,1096,1107,1
256,11/23/2022,11/19/2022,11/27/2022,32,28,36,1
256,4/2/2023,3/25/2023,4/10/2023,162,154,170,1
256,7/5/2023,7/2/2023,7/7/2023,256,253,258,1
256,11/22/2023,11/18/2023,11/27/2023,396,392,401,1
256,6/5/2024,5/27/2024,6/13/2024,592,583,600,1
256,11/19/2024,11/13/2024,11/24/2024,759,753,764,1
256,7/8/2025,7/1/2025,7/15/2025,990,983,997,1
256,11/11/2025,11/6/2025,11/16/2025,1116,1111,1121,1
258,12/5/2022,12/1/2022,12/9/2022,44,40,48,1
258,7/6/2023,6/29/2023,7/13/2023,257,250,264,1
258,11/8/2023,11/5/2023,11/11/2023,382,379,385,1
258,6/10/2024,6/2/2024,6/18/2024,597,589,605,1
258,11/13/2024,11/4/2024,11/22/2024,753,744,762,1
258,6/25/2025,6/20/2025,6/30/2025,977,972,982,1
260,11/10/2022,10/28/2022,11/23/2022,19,6,32,1
260,6/7/2023,5/29/2023,6/15/2023,228,219,236,1
260,2/3/2024,1/26/2024,2/11/2024,469,461,477,1
260,7/8/2024,7/5/2024,7/12/2024,625,622,629,1
260,10/10/2024,10/4/2024,10/16/2024,719,713,725,1
260,7/10/2025,7/3/2025,7/17/2025,992,985,999,1
261,7/11/2023,7/4/2023,7/19/2023,262,255,270,1
261,11/14/2023,11/8/2023,11/21/2023,388,382,395,1
261,6/4/2024,5/25/2024,6/14/2024,591,581,601,1
261,1/22/2025,1/14/2025,1/30/2025,823,815,831,1
261,7/22/2025,7/16/2025,7/28/2025,1004,998,1010,1
261,11/26/2025,11/18/2025,12/4/2025,1131,1123,1139,1
262,11/22/2022,11/18/2022,11/27/2022,31,27,36,1
262,7/20/2023,7/17/2023,7/23/2023,271,268,274,1
262,10/31/2023,10/27/2023,11/4/2023,374,370,378,1
262,5/14/2024,5/5/2024,5/23/2024,570,561,579,1
262,10/23/2024,10/19/2024,10/26/2024,732,728,735,1
262,7/9/2025,7/3/2025,7/16/2025,991,985,998,1
262,2/7/2026,1/5/2026,3/12/2026,1204,1171,1237,1
263,11/23/2022,11/20/2022,11/26/2022,32,29,35,1
263,6/6/2023,6/1/2023,6/10/2023,227,222,231,1
263,5/22/2024,5/16/2024,5/27/2024,578,572,583,1
263,9/9/2025,9/2/2025,9/17/2025,1053,1046,1061,1
264,12/1/2022,11/27/2022,12/4/2022,40,36,43,1
264,7/17/2023,7/10/2023,7/24/2023,268,261,275,1
264,11/2/2023,10/28/2023,11/6/2023,376,371,380,1
264,6/5/2024,5/31/2024,6/9/2024,592,587,596,1
264,12/3/2024,11/28/2024,12/7/2024,773,768,777,1
264,6/24/2025,6/17/2025,7/1/2025,976,969,983,1
264,12/3/2025,11/27/2025,12/10/2025,1138,1132,1145,1
267,11/24/2022,11/19/2022,11/28/2022,33,28,37,1
267,7/26/2023,7/20/2023,8/2/2023,277,271,284,1
267,12/3/2023,11/24/2023,12/13/2023,407,398,417,1
267,6/5/2024,5/29/2024,6/12/2024,592,585,599,1
267,10/17/2024,10/14/2024,10/20/2024,726,723,729,1
267,7/4/2025,6/29/2025,7/8/2025,986,981,990,1
267,1/27/2026,1/21/2026,2/2/2026,1193,1187,1199,1
269,12/8/2022,12/3/2022,12/13/2022,47,42,52,1
269,5/31/2023,5/18/2023,6/14/2023,221,208,235,1
269,11/24/2023,11/5/2023,12/14/2023,398,379,418,1
269,6/18/2024,6/15/2024,6/22/2024,605,602,609,1
269,1/18/2025,12/30/2024,2/7/2025,819,800,839,1
269,7/9/2025,7/3/2025,7/15/2025,991,985,997,1
269,11/14/2025,10/28/2025,12/1/2025,1119,1102,1136,1
27,12/14/2022,11/24/2022,1/3/2023,53,33,73,1
27,8/1/2023,7/26/2023,8/6/2023,283,277,288,1
27,10/5/2023,9/28/2023,10/13/2023,348,341,356,1
27,7/10/2024,7/6/2024,7/14/2024,627,623,631,1
27,11/21/2024,11/12/2024,11/30/2024,761,752,770,1
27,6/10/2025,6/2/2025,6/18/2025,962,954,970,1
27,11/5/2025,10/31/2025,11/11/2025,1110,1105,1116,1
271,1/31/2023,1/28/2023,2/2/2023,101,98,103,1
271,7/20/2023,7/16/2023,7/25/2023,271,267,276,1
271,11/20/2023,11/18/2023,11/22/2023,394,392,396,1
271,6/19/2024,6/8/2024,6/30/2024,606,595,617,1
271,11/25/2024,11/22/2024,11/29/2024,765,762,769,1
271,8/5/2025,8/2/2025,8/9/2025,1018,1015,1022,1
271,11/17/2025,11/11/2025,11/23/2025,1122,1116,1128,1
272,7/5/2023,6/29/2023,7/11/2023,256,250,262,1
272,11/5/2023,10/29/2023,11/12/2023,379,372,386,1
272,5/27/2024,5/22/2024,6/2/2024,583,578,589,1
272,10/8/2024,9/30/2024,10/16/2024,717,709,725,1
272,6/26/2025,6/21/2025,6/30/2025,978,973,982,1
272,11/26/2025,11/22/2025,11/30/2025,1131,1127,1135,1
273,12/1/2022,11/26/2022,12/5/2022,40,35,44,1
273,10/28/2023,10/10/2023,11/15/2023,371,353,389,1
273,6/3/2024,5/24/2024,6/13/2024,590,580,600,1
273,12/4/2024,11/16/2024,12/22/2024,774,756,792,1
273,12/1/2025,11/19/2025,12/12/2025,1136,1124,1147,1
274,8/10/2023,8/5/2023,8/15/2023,292,287,297,1
274,10/25/2023,10/20/2023,10/29/2023,368,363,372,1
274,6/16/2024,6/5/2024,6/27/2024,603,592,614,1
274,11/19/2024,11/14/2024,11/25/2024,759,754,765,1
274,7/29/2025,7/25/2025,8/2/2025,1011,1007,1015,1
274,11/12/2025,11/7/2025,11/17/2025,1117,1112,1122,1
275,7/25/2023,7/17/2023,8/2/2023,276,268,284,1
275,10/18/2023,10/15/2023,10/21/2023,361,358,364,1
275,5/29/2024,5/22/2024,6/6/2024,585,578,593,1
275,12/2/2024,11/29/2024,12/4/2024,772,769,774,1
275,6/18/2025,6/11/2025,6/25/2025,970,963,977,1
275,10/29/2025,10/23/2025,11/4/2025,1103,1097,1109,1
277,1/19/2023,1/17/2023,1/21/2023,89,87,91,1
277,6/27/2023,6/22/2023,7/2/2023,248,243,253,1
277,10/17/2023,10/14/2023,10/20/2023,360,357,363,1
277,7/4/2024,6/27/2024,7/10/2024,621,614,627,1
277,11/24/2024,11/18/2024,12/1/2024,764,758,771,1
277,7/8/2025,6/30/2025,7/15/2025,990,982,997,1
277,11/21/2025,11/17/2025,11/24/2025,1126,1122,1129,1
278,1/23/2023,1/22/2023,1/25/2023,93,92,95,1
278,6/21/2023,6/14/2023,6/29/2023,242,235,250,1
278,5/19/2024,5/10/2024,5/28/2024,575,566,584,1
278,11/11/2024,11/7/2024,11/16/2024,751,747,756,1
278,7/24/2025,7/19/2025,7/29/2025,1006,1001,1011,1
278,11/12/2025,11/8/2025,11/16/2025,1117,1113,1121,1
279,6/15/2023,6/8/2023,6/21/2023,236,229,242,1
279,10/8/2023,9/30/2023,10/16/2023,351,343,359,1
279,7/2/2024,6/26/2024,7/8/2024,619,613,625,1
279,11/5/2024,10/28/2024,11/12/2024,745,737,752,1
279,6/8/2025,6/2/2025,6/14/2025,960,954,966,1
279,11/6/2025,11/1/2025,11/10/2025,1111,1106,1115,1
280,7/20/2023,7/10/2023,7/29/2023,271,261,280,1
280,6/19/2024,6/11/2024,6/27/2024,606,598,614,1
280,11/6/2024,11/1/2024,11/12/2024,746,741,752,1
280,7/30/2025,7/26/2025,8/3/2025,1012,1008,1016,1
280,11/19/2025,11/12/2025,11/26/2025,1124,1117,1131,1
282,1/23/2023,1/21/2023,1/25/2023,93,91,95,1
282,8/1/2023,7/10/2023,8/24/2023,283,261,306,1
282,7/1/2024,6/24/2024,7/9/2024,618,611,626,1
282,11/11/2024,11/7/2024,11/14/2024,751,747,754,1
282,7/30/2025,7/26/2025,8/3/2025,1012,1008,1016,1
282,11/18/2025,11/13/2025,11/22/2025,1123,1118,1127,1
284,2/2/2023,1/31/2023,2/5/2023,103,101,106,1
284,7/31/2023,7/26/2023,8/6/2023,282,277,288,1
284,11/7/2023,11/3/2023,11/11/2023,381,377,385,1
284,7/18/2024,7/12/2024,7/24/2024,635,629,641,1
284,11/12/2024,11/8/2024,11/17/2024,752,748,757,1
284,7/29/2025,7/25/2025,8/2/2025,1011,1007,1015,1
284,11/27/2025,11/24/2025,11/30/2025,1132,1129,1135,1
285,7/18/2023,7/9/2023,7/28/2023,269,260,279,1
285,11/1/2023,10/29/2023,11/4/2023,375,372,378,1
285,6/16/2024,5/31/2024,7/1/2024,603,587,618,1
285,11/27/2024,11/23/2024,12/1/2024,767,763,771,1
285,8/7/2025,8/4/2025,8/11/2025,1020,1017,1024,1
285,11/20/2025,11/14/2025,11/25/2025,1125,1119,1130,1
286,7/17/2023,7/9/2023,7/24/2023,268,260,275,1
286,6/11/2024,6/3/2024,6/18/2024,598,590,605,1
286,11/18/2024,11/13/2024,11/23/2024,758,753,763,1
286,10/29/2025,10/25/2025,11/2/2025,1103,1099,1107,1
287,6/11/2024,6/5/2024,6/17/2024,598,592,604,1
287,11/29/2024,11/24/2024,12/4/2024,769,764,774,1
287,7/22/2025,7/14/2025,7/29/2025,1004,996,1011,1
287,11/19/2025,11/14/2025,11/24/2025,1124,1119,1129,1
289,7/6/2023,6/30/2023,7/13/2023,257,251,264,1
289,5/30/2024,5/16/2024,6/13/2024,586,572,600,1
289,11/14/2024,11/11/2024,11/17/2024,754,751,757,1
289,11/12/2025,11/9/2025,11/16/2025,1117,1114,1121,1
29,11/23/2022,11/17/2022,11/28/2022,32,26,37,1
29,7/5/2023,6/28/2023,7/13/2023,256,249,264,1
29,11/20/2023,11/17/2023,11/24/2023,394,391,398,1
29,5/29/2024,5/23/2024,6/4/2024,585,579,591,1
29,11/28/2024,11/26/2024,12/1/2024,768,766,771,1
29,6/24/2025,6/19/2025,6/28/2025,976,971,980,1
29,10/21/2025,10/14/2025,10/29/2025,1095,1088,1103,1
290,9/14/2023,9/6/2023,9/22/2023,327,319,335,1
290,6/19/2024,6/14/2024,6/24/2024,606,601,611,1
290,9/11/2025,8/26/2025,9/26/2025,1055,1039,1070,1
291,1/23/2023,1/21/2023,1/25/2023,93,91,95,1
291,6/19/2023,6/16/2023,6/23/2023,240,237,244,1
291,10/24/2023,10/21/2023,10/27/2023,367,364,370,1
291,5/15/2024,5/5/2024,5/24/2024,571,561,580,1
291,10/31/2024,10/26/2024,11/4/2024,740,735,744,1
291,7/8/2025,7/3/2025,7/12/2025,990,985,994,1
291,11/20/2025,11/15/2025,11/24/2025,1125,1120,1129,1
293,1/30/2023,1/27/2023,2/1/2023,100,97,102,1
293,7/2/2023,6/17/2023,7/18/2023,253,238,269,1
293,6/21/2024,6/15/2024,6/26/2024,608,602,613,1
293,12/3/2024,11/24/2024,12/13/2024,773,764,783,1
293,12/6/2025,11/26/2025,12/16/2025,1141,1131,1151,1
294,11/24/2022,11/22/2022,11/27/2022,33,31,36,1
294,2/13/2023,2/11/2023,2/16/2023,114,112,117,1
294,7/12/2023,7/6/2023,7/18/2023,263,257,269,1
294,10/26/2023,10/23/2023,10/29/2023,369,366,372,1
294,6/15/2024,6/3/2024,6/27/2024,602,590,614,1
294,11/13/2024,11/7/2024,11/19/2024,753,747,759,1
294,7/22/2025,7/14/2025,7/30/2025,1004,996,1012,1
294,11/26/2025,11/22/2025,11/30/2025,1131,1127,1135,1
296,7/11/2023,7/1/2023,7/21/2023,262,252,272,1
296,10/31/2023,10/28/2023,11/3/2023,374,371,377,1
296,6/25/2024,6/15/2024,7/5/2024,612,602,622,1
296,11/21/2024,11/16/2024,11/26/2024,761,756,766,1
296,8/7/2025,8/2/2025,8/11/2025,1020,1015,1024,1
296,11/25/2025,11/19/2025,12/1/2025,1130,1124,1136,1
297,1/30/2023,1/27/2023,2/2/2023,100,97,103,1
297,6/12/2023,6/5/2023,6/19/2023,233,226,240,1
297,10/31/2023,10/28/2023,11/3/2023,374,371,377,1
297,7/3/2024,6/30/2024,7/7/2024,620,617,624,1
297,11/13/2024,11/8/2024,11/18/2024,753,748,758,1
297,10/17/2025,10/5/2025,10/30/2025,1091,1079,1104,1
298,7/28/2023,7/16/2023,8/10/2023,279,267,292,1
298,6/17/2024,6/11/2024,6/23/2024,604,598,610,1
298,11/6/2024,10/31/2024,11/11/2024,746,740,751,1
298,7/21/2025,7/15/2025,7/28/2025,1003,997,1010,1
298,11/10/2025,11/6/2025,11/14/2025,1115,1111,1119,1
299,6/28/2023,6/18/2023,7/9/2023,249,239,260,1
299,11/6/2023,11/1/2023,11/10/2023,380,375,384,1
299,6/19/2024,6/12/2024,6/25/2024,606,599,612,1
299,10/28/2024,10/21/2024,11/5/2024,737,730,745,1
299,7/23/2025,7/18/2025,7/28/2025,1005,1000,1010,1
299,11/20/2025,11/16/2025,11/24/2025,1125,1121,1129,1
3,12/1/2022,11/27/2022,12/4/2022,40,36,43,1
3,7/12/2023,7/6/2023,7/19/2023,263,257,270,1
3,11/14/2023,11/9/2023,11/19/2023,388,383,393,1
3,6/26/2024,6/19/2024,7/3/2024,613,606,620,1
3,10/30/2024,10/27/2024,11/2/2024,739,736,742,1
3,7/8/2025,6/28/2025,7/18/2025,990,980,1000,1
3,11/5/2025,10/29/2025,11/11/2025,1110,1103,1116,1
30,12/1/2022,11/24/2022,12/8/2022,40,33,47,1
30,6/22/2023,6/6/2023,7/8/2023,243,227,259,1
30,6/26/2024,6/19/2024,7/3/2024,613,606,620,1
30,10/28/2024,10/24/2024,11/2/2024,737,733,742,1
30,6/24/2025,6/15/2025,7/4/2025,976,967,986,1
30,2/17/2026,1/31/2026,3/7/2026,1214,1197,1232,1
300,1/24/2023,1/22/2023,1/26/2023,94,92,96,1
300,7/16/2023,7/7/2023,7/25/2023,267,258,276,1
300,11/2/2023,10/29/2023,11/5/2023,376,372,379,1
300,7/8/2024,7/4/2024,7/11/2024,625,621,628,1
300,10/28/2024,10/22/2024,11/4/2024,737,731,744,1
300,7/29/2025,7/24/2025,8/2/2025,1011,1006,1015,1
300,10/13/2025,10/5/2025,10/20/2025,1087,1079,1094,1
301,1/31/2023,1/28/2023,2/2/2023,101,98,103,1
301,8/7/2023,7/31/2023,8/14/2023,289,282,296,1
301,10/18/2023,10/14/2023,10/22/2023,361,357,365,1
301,6/26/2024,6/22/2024,7/1/2024,613,609,618,1
301,11/14/2024,11/9/2024,11/18/2024,754,749,758,1
301,8/4/2025,7/31/2025,8/9/2025,1017,1013,1022,1
301,11/26/2025,11/19/2025,12/2/2025,1131,1124,1137,1
302,1/16/2023,1/13/2023,1/19/2023,86,83,89,1
302,7/5/2023,6/25/2023,7/15/2023,256,246,266,1
302,6/13/2024,5/25/2024,7/2/2024,600,581,619,1
302,11/7/2024,11/3/2024,11/11/2024,747,743,751,1
302,11/17/2025,11/6/2025,11/29/2025,1122,1111,1134,1
303,7/24/2023,7/18/2023,7/31/2023,275,269,282,1
303,11/7/2023,11/4/2023,11/9/2023,381,378,383,1
303,6/24/2024,6/19/2024,6/29/2024,611,606,616,1
303,10/22/2024,10/16/2024,10/27/2024,731,725,736,1
303,7/14/2025,7/8/2025,7/19/2025,996,990,1001,1
303,11/12/2025,11/6/2025,11/18/2025,1117,1111,1123,1
304,1/24/2023,1/22/2023,1/26/2023,94,92,96,1
304,7/19/2023,7/3/2023,8/4/2023,270,254,286,1
304,6/4/2024,5/24/2024,6/15/2024,591,580,602,1
304,11/27/2024,11/22/2024,12/2/2024,767,762,772,1
304,7/9/2025,7/4/2025,7/14/2025,991,986,996,1
304,11/17/2025,11/13/2025,11/22/2025,1122,1118,1127,1
305,11/23/2023,11/13/2023,12/2/2023,397,387,406,1
305,6/4/2024,5/26/2024,6/13/2024,591,582,600,1
305,10/23/2024,10/16/2024,10/29/2024,732,725,738,1
305,11/6/2025,10/28/2025,11/14/2025,1111,1102,1119,1
306,1/24/2023,1/22/2023,1/26/2023,94,92,96,1
306,6/29/2023,6/18/2023,7/10/2023,250,239,261,1
306,7/3/2024,6/28/2024,7/8/2024,620,615,625,1
306,11/6/2024,11/2/2024,11/10/2024,746,742,750,1
306,7/28/2025,7/22/2025,8/2/2025,1010,1004,1015,1
306,11/17/2025,11/13/2025,11/22/2025,1122,1118,1127,1
307,1/24/2023,1/22/2023,1/27/2023,94,92,97,1
307,7/26/2023,7/18/2023,8/2/2023,277,269,284,1
307,10/25/2023,10/21/2023,10/30/2023,368,364,373,1
307,7/10/2024,7/4/2024,7/15/2024,627,621,632,1
307,11/12/2024,11/7/2024,11/18/2024,752,747,758,1
307,7/10/2025,7/6/2025,7/14/2025,992,988,996,1
307,11/4/2025,10/31/2025,11/9/2025,1109,1105,1114,1
308,6/27/2023,6/19/2023,7/5/2023,248,240,256,1
308,10/25/2023,10/23/2023,10/27/2023,368,366,370,1
308,7/2/2024,6/27/2024,7/7/2024,619,614,624,1
308,11/5/2024,10/30/2024,11/11/2024,745,739,751,1
308,7/21/2025,7/18/2025,7/25/2025,1003,1000,1007,1
308,11/13/2025,11/8/2025,11/17/2025,1118,1113,1122,1
309,7/12/2023,7/4/2023,7/20/2023,263,255,271,1
309,11/7/2023,11/2/2023,11/11/2023,381,376,385,1
309,6/26/2024,6/20/2024,7/2/2024,613,607,619,1
309,12/1/2024,11/28/2024,12/4/2024,771,768,774,1
309,7/30/2025,7/27/2025,8/2/2025,1012,1009,1015,1
309,11/18/2025,11/13/2025,11/24/2025,1123,1118,1129,1
31,11/30/2022,11/26/2022,12/3/2022,39,35,42,1
31,8/7/2023,8/2/2023,8/11/2023,289,284,293,1
31,10/23/2023,10/21/2023,10/25/2023,366,364,368,1
31,6/18/2024,6/10/2024,6/26/2024,605,597,613,1
31,10/16/2024,10/10/2024,10/21/2024,725,719,730,1
31,6/24/2025,6/15/2025,7/3/2025,976,967,985,1
31,11/11/2025,11/5/2025,11/17/2025,1116,1110,1122,1
310,7/18/2023,7/14/2023,7/23/2023,269,265,274,1
310,10/26/2023,10/22/2023,10/29/2023,369,365,372,1
310,7/3/2024,6/29/2024,7/6/2024,620,616,623,1
310,10/17/2024,10/13/2024,10/20/2024,726,722,729,1
310,11/24/2025,11/13/2025,12/4/2025,1129,1118,1139,1
312,6/28/2023,6/21/2023,7/4/2023,249,242,255,1
312,10/23/2023,10/19/2023,10/28/2023,366,362,371,1
312,7/10/2024,7/5/2024,7/15/2024,627,622,632,1
312,11/6/2024,10/30/2024,11/13/2024,746,739,753,1
312,7/22/2025,7/18/2025,7/26/2025,1004,1000,1008,1
312,11/16/2025,11/11/2025,11/21/2025,1121,1116,1126,1
313,10/24/2023,9/23/2023,11/25/2023,367,336,399,1
313,5/22/2024,5/14/2024,5/29/2024,578,570,585,1
313,11/21/2024,11/15/2024,11/27/2024,761,755,767,1
313,7/16/2025,7/13/2025,7/19/2025,998,995,1001,1
313,12/1/2025,11/19/2025,12/14/2025,1136,1124,1149,1
314,2/8/2023,2/5/2023,2/10/2023,109,106,111,1
314,7/3/2023,6/29/2023,7/7/2023,254,250,258,1
314,6/12/2024,6/5/2024,6/20/2024,599,592,607,1
314,12/1/2025,11/24/2025,12/8/2025,1136,1129,1143,1
315,2/7/2023,1/21/2023,2/24/2023,108,91,125,1
315,8/8/2023,7/27/2023,8/21/2023,290,278,303,1
315,7/4/2024,6/30/2024,7/7/2024,621,617,624,1
315,12/4/2024,11/29/2024,12/9/2024,774,769,779,1
315,8/5/2025,8/3/2025,8/8/2025,1018,1016,1021,1
315,11/11/2025,11/6/2025,11/15/2025,1116,1111,1120,1
316,7/13/2023,6/25/2023,7/30/2023,264,246,281,1
316,6/13/2024,6/7/2024,6/20/2024,600,594,607,1
316,11/25/2024,11/15/2024,12/5/2024,765,755,775,1
316,10/21/2025,10/18/2025,10/23/2025,1095,1092,1097,1
317,11/22/2022,11/19/2022,11/25/2022,31,28,34,1
317,7/26/2023,7/19/2023,8/1/2023,277,270,283,1
317,11/1/2023,10/28/2023,11/5/2023,375,371,379,1
317,7/8/2024,6/27/2024,7/19/2024,625,614,636,1
317,10/29/2024,10/23/2024,11/3/2024,738,732,743,1
317,11/29/2025,11/23/2025,12/4/2025,1134,1128,1139,1
318,7/5/2023,6/19/2023,7/21/2023,256,240,272,1
318,5/28/2024,5/17/2024,6/7/2024,584,573,594,1
318,11/27/2024,11/16/2024,12/8/2024,767,756,778,1
318,7/28/2025,7/25/2025,7/31/2025,1010,1007,1013,1
318,11/18/2025,11/14/2025,11/22/2025,1123,1119,1127,1
319,2/1/2023,1/29/2023,2/3/2023,102,99,104,1
319,7/12/2023,7/7/2023,7/18/2023,263,258,269,1
319,10/10/2023,9/30/2023,10/20/2023,353,343,363,1
319,7/1/2024,6/25/2024,7/7/2024,618,612,624,1
319,11/27/2024,11/22/2024,12/3/2024,767,762,773,1
319,7/16/2025,7/12/2025,7/19/2025,998,994,1001,1
319,11/11/2025,11/7/2025,11/16/2025,1116,1112,1121,1
32,7/19/2023,7/7/2023,8/1/2023,270,258,283,1
32,11/1/2023,10/29/2023,11/4/2023,375,372,378,1
32,6/19/2024,6/13/2024,6/24/2024,606,600,611,1
32,11/5/2024,10/30/2024,11/10/2024,745,739,750,1
32,7/28/2025,7/25/2025,7/31/2025,1010,1007,1013,1
32,10/28/2025,10/25/2025,10/31/2025,1102,1099,1105,1
320,1/22/2023,1/20/2023,1/24/2023,92,90,94,1
320,7/5/2023,6/28/2023,7/13/2023,256,249,264,1
320,11/6/2023,11/1/2023,11/12/2023,380,375,386,1
320,7/4/2024,6/28/2024,7/10/2024,621,615,627,1
320,10/30/2024,10/23/2024,11/6/2024,739,732,746,1
320,7/31/2025,7/26/2025,8/5/2025,1013,1008,1018,1
320,11/25/2025,11/20/2025,11/30/2025,1130,1125,1135,1
321,7/26/2023,7/21/2023,7/30/2023,277,272,281,1
321,10/18/2023,10/14/2023,10/22/2023,361,357,365,1
321,7/11/2024,7/7/2024,7/14/2024,628,624,631,1
321,11/5/2024,10/29/2024,11/12/2024,745,738,752,1
321,7/16/2025,7/12/2025,7/20/2025,998,994,1002,1
321,10/29/2025,10/24/2025,11/3/2025,1103,1098,1108,1
322,7/17/2023,7/10/2023,7/23/2023,268,261,274,1
322,10/23/2023,10/20/2023,10/26/2023,366,363,369,1
322,5/23/2024,5/15/2024,6/1/2024,579,571,588,1
322,11/13/2024,11/8/2024,11/18/2024,753,748,758,1
322,8/6/2025,8/3/2025,8/10/2025,1019,1016,1023,1
322,11/12/2025,11/6/2025,11/17/2025,1117,1111,1122,1
323,5/10/2023,4/30/2023,5/19/2023,200,190,209,1
323,10/24/2023,10/20/2023,10/29/2023,367,363,372,1
323,7/9/2024,7/5/2024,7/13/2024,626,622,630,1
323,10/29/2024,10/23/2024,11/3/2024,738,732,743,1
323,7/30/2025,7/27/2025,8/2/2025,1012,1009,1015,1
323,11/3/2025,10/30/2025,11/7/2025,1108,1104,1112,1
324,1/30/2023,1/27/2023,2/2/2023,100,97,103,1
324,7/3/2023,6/26/2023,7/11/2023,254,247,262,1
324,10/16/2023,10/10/2023,10/22/2023,359,353,365,1
324,6/25/2024,6/19/2024,7/1/2024,612,606,618,1
324,11/18/2024,11/14/2024,11/23/2024,758,754,763,1
324,11/16/2025,11/9/2025,11/23/2025,1121,1114,1128,1
325,7/11/2023,7/3/2023,7/18/2023,262,254,269,1
325,10/17/2023,10/14/2023,10/21/2023,360,357,364,1
325,5/13/2024,5/7/2024,5/19/2024,569,563,575,1
325,11/5/2024,10/29/2024,11/12/2024,745,738,752,1
325,7/7/2025,7/5/2025,7/10/2025,989,987,992,1
325,11/12/2025,11/7/2025,11/17/2025,1117,1112,1122,1
326,2/8/2023,2/5/2023,2/10/2023,109,106,111,1
326,7/13/2023,7/5/2023,7/20/2023,264,256,271,1
326,10/25/2023,10/20/2023,10/29/2023,368,363,372,1
326,6/27/2024,6/15/2024,7/9/2024,614,602,626,1
326,11/5/2024,11/1/2024,11/8/2024,745,741,748,1
326,7/28/2025,7/23/2025,8/2/2025,1010,1005,1015,1
326,11/12/2025,11/6/2025,11/19/2025,1117,1111,1124,1
327,6/26/2023,6/14/2023,7/9/2023,247,235,260,1
327,10/31/2023,10/27/2023,11/3/2023,374,370,377,1
327,6/24/2024,6/19/2024,6/29/2024,611,606,616,1
327,11/12/2024,11/7/2024,11/17/2024,752,747,757,1
327,12/5/2025,11/30/2025,12/10/2025,1140,1135,1145,1
328,1/24/2023,1/22/2023,1/26/2023,94,92,96,1
328,7/17/2023,7/5/2023,7/29/2023,268,256,280,1
328,8/18/2024,8/14/2024,8/23/2024,666,662,671,1
328,11/19/2024,11/15/2024,11/24/2024,759,755,764,1
328,11/25/2025,11/22/2025,11/29/2025,1130,1127,1134,1
33,11/30/2022,11/27/2022,12/3/2022,39,36,42,1
33,7/20/2023,7/15/2023,7/26/2023,271,266,277,1
33,11/21/2023,11/13/2023,11/28/2023,395,387,402,1
33,5/22/2024,5/15/2024,5/29/2024,578,571,585,1
33,10/14/2024,10/9/2024,10/19/2024,723,718,728,1
33,6/24/2025,6/18/2025,6/30/2025,976,970,982,1
33,10/15/2025,10/9/2025,10/20/2025,1089,1083,1094,1
330,2/3/2023,1/21/2023,2/16/2023,104,91,117,1
330,7/4/2023,6/30/2023,7/9/2023,255,251,260,1
330,11/1/2023,10/26/2023,11/6/2023,375,369,380,1
330,7/8/2024,7/3/2024,7/13/2024,625,620,630,1
330,11/26/2024,11/18/2024,12/3/2024,766,758,773,1
330,7/31/2025,7/29/2025,8/3/2025,1013,1011,1016,1
330,11/10/2025,11/6/2025,11/14/2025,1115,1111,1119,1
331,2/2/2023,1/30/2023,2/4/2023,103,100,105,1
331,7/19/2023,7/12/2023,7/26/2023,270,263,277,1
331,10/18/2023,10/12/2023,10/24/2023,361,355,367,1
331,7/31/2024,7/27/2024,8/5/2024,648,644,653,1
331,11/26/2024,11/18/2024,12/4/2024,766,758,774,1
331,6/30/2025,6/21/2025,7/10/2025,982,973,992,1
331,11/25/2025,11/22/2025,11/28/2025,1130,1127,1133,1
332,10/3/2023,9/27/2023,10/10/2023,346,340,353,1
332,7/9/2024,7/5/2024,7/13/2024,626,622,630,1
332,11/5/2024,11/1/2024,11/9/2024,745,741,749,1
332,11/13/2025,11/9/2025,11/16/2025,1118,1114,1121,1
333,6/21/2023,6/11/2023,7/2/2023,242,232,253,1
333,6/19/2024,6/10/2024,6/28/2024,606,597,615,1
333,11/5/2024,10/30/2024,11/11/2024,745,739,751,1
333,7/29/2025,7/24/2025,8/4/2025,1011,1006,1017,1
333,11/3/2025,10/30/2025,11/8/2025,1108,1104,1113,1
334,7/5/2023,6/28/2023,7/12/2023,256,249,263,1
334,10/19/2023,10/15/2023,10/22/2023,362,358,365,1
334,7/10/2024,7/8/2024,7/13/2024,627,625,630,1
334,11/6/2024,10/30/2024,11/13/2024,746,739,753,1
334,8/8/2025,8/5/2025,8/12/2025,1021,1018,1025,1
334,12/2/2025,11/29/2025,12/5/2025,1137,1134,1140,1
335,1/25/2023,1/23/2023,1/28/2023,95,93,98,1
335,7/12/2023,7/6/2023,7/18/2023,263,257,269,1
335,10/9/2023,10/7/2023,10/11/2023,352,350,354,1
335,6/26/2024,6/18/2024,7/5/2024,613,605,622,1
335,11/6/2024,10/31/2024,11/12/2024,746,740,752,1
335,7/30/2025,7/27/2025,8/2/2025,1012,1009,1015,1
335,11/18/2025,11/14/2025,11/21/2025,1123,1119,1126,1
336,7/4/2023,6/23/2023,7/15/2023,255,244,266,1
336,6/27/2024,6/18/2024,7/6/2024,614,605,623,1
336,11/6/2024,10/31/2024,11/12/2024,746,740,752,1
336,7/17/2025,7/13/2025,7/20/2025,999,995,1002,1
336,11/11/2025,11/6/2025,11/17/2025,1116,1111,1122,1
338,11/16/2023,11/10/2023,11/22/2023,390,384,396,1
338,6/26/2024,6/19/2024,7/3/2024,613,606,620,1
338,11/5/2024,10/30/2024,11/12/2024,745,739,752,1
338,7/10/2025,7/6/2025,7/14/2025,992,988,996,1
338,11/11/2025,11/7/2025,11/16/2025,1116,1112,1121,1
339,6/13/2023,6/7/2023,6/20/2023,234,228,241,1
339,10/17/2023,10/13/2023,10/22/2023,360,356,365,1
339,5/14/2024,5/7/2024,5/21/2024,570,563,577,1
339,11/28/2024,11/24/2024,12/1/2024,768,764,771,1
339,6/30/2025,6/23/2025,7/8/2025,982,975,990,1
339,11/13/2025,11/8/2025,11/17/2025,1118,1113,1122,1
341,6/27/2023,6/17/2023,7/8/2023,248,238,259,1
341,7/3/2024,6/28/2024,7/9/2024,620,615,626,1
341,11/28/2024,11/24/2024,12/1/2024,768,764,771,1
341,11/21/2025,11/16/2025,11/25/2025,1126,1121,1130,1
342,1/22/2023,1/20/2023,1/24/2023,92,90,94,1
342,7/6/2023,7/1/2023,7/11/2023,257,252,262,1
342,10/23/2023,10/16/2023,10/29/2023,366,359,372,1
342,7/24/2024,7/18/2024,7/30/2024,641,635,647,1
342,11/19/2024,11/11/2024,11/27/2024,759,751,767,1
342,11/10/2025,11/6/2025,11/14/2025,1115,1111,1119,1
343,7/4/2023,6/23/2023,7/15/2023,255,244,266,1
343,6/25/2024,6/17/2024,7/4/2024,612,604,621,1
343,10/29/2024,10/24/2024,11/2/2024,738,733,742,1
343,7/28/2025,7/25/2025,7/31/2025,1010,1007,1013,1
343,10/20/2025,10/8/2025,11/2/2025,1094,1082,1107,1
344,7/31/2023,7/22/2023,8/9/2023,282,273,291,1
344,7/1/2024,6/26/2024,7/7/2024,618,613,624,1
344,11/11/2024,11/8/2024,11/15/2024,751,748,755,1
344,7/16/2025,7/10/2025,7/22/2025,998,992,1004,1
344,11/13/2025,11/9/2025,11/17/2025,1118,1114,1122,1
348,1/23/2023,1/21/2023,1/25/2023,93,91,95,1
348,7/26/2023,7/20/2023,8/2/2023,277,271,284,1
348,10/30/2023,10/27/2023,11/3/2023,373,370,377,1
348,6/26/2024,6/20/2024,7/2/2024,613,607,619,1
348,11/14/2024,11/8/2024,11/19/2024,754,748,759,1
348,7/24/2025,7/21/2025,7/28/2025,1006,1003,1010,1
348,11/11/2025,11/6/2025,11/17/2025,1116,1111,1122,1
349,7/24/2023,7/17/2023,8/1/2023,275,268,283,1
349,11/8/2023,11/4/2023,11/11/2023,382,378,385,1
349,5/15/2024,5/5/2024,5/25/2024,571,561,581,1
349,10/22/2024,10/14/2024,10/30/2024,731,723,739,1
349,11/19/2025,11/13/2025,11/25/2025,1124,1118,1130,1
35,12/1/2022,11/27/2022,12/5/2022,40,36,44,1
35,8/8/2023,7/28/2023,8/20/2023,290,279,302,1
35,7/1/2024,6/25/2024,7/7/2024,618,612,624,1
35,12/3/2024,11/23/2024,12/13/2024,773,763,783,1
35,12/3/2025,11/24/2025,12/13/2025,1138,1129,1148,1
350,1/3/2023,12/30/2022,1/7/2023,73,69,77,1
350,6/27/2023,6/15/2023,7/9/2023,248,236,260,1
350,7/3/2024,6/28/2024,7/7/2024,620,615,624,1
350,10/31/2024,10/27/2024,11/3/2024,740,736,743,1
350,6/5/2025,5/28/2025,6/13/2025,957,949,965,1
350,11/25/2025,11/21/2025,11/28/2025,1130,1126,1133,1
351,6/21/2023,6/9/2023,7/2/2023,242,230,253,1
351,11/8/2023,11/4/2023,11/12/2023,382,378,386,1
351,7/17/2024,7/9/2024,7/24/2024,634,626,641,1
351,11/5/2024,11/2/2024,11/9/2024,745,742,749,1
351,6/26/2025,6/21/2025,7/1/2025,978,973,983,1
351,11/13/2025,11/9/2025,11/16/2025,1118,1114,1121,1
353,1/20/2023,1/16/2023,1/23/2023,90,86,93,1
353,6/7/2023,6/2/2023,6/11/2023,228,223,232,1
353,11/6/2023,11/2/2023,11/10/2023,380,376,384,1
353,7/3/2024,6/29/2024,7/7/2024,620,616,624,1
353,11/6/2024,11/2/2024,11/10/2024,746,742,750,1
353,7/24/2025,7/22/2025,7/27/2025,1006,1004,1009,1
353,11/19/2025,11/13/2025,11/24/2025,1124,1118,1129,1
355,7/10/2023,7/3/2023,7/17/2023,261,254,268,1
355,7/1/2024,6/26/2024,7/7/2024,618,613,624,1
355,11/25/2024,11/13/2024,12/7/2024,765,753,777,1
355,8/4/2025,7/31/2025,8/8/2025,1017,1013,1021,1
355,11/5/2025,11/1/2025,11/10/2025,1110,1106,1115,1
357,2/1/2023,1/27/2023,2/6/2023,102,97,107,1
357,7/31/2023,7/22/2023,8/9/2023,282,273,291,1
357,6/26/2024,6/18/2024,7/4/2024,613,605,621,1
357,11/11/2024,11/8/2024,11/14/2024,751,748,754,1
357,7/30/2025,7/25/2025,8/3/2025,1012,1007,1016,1
357,11/22/2025,11/17/2025,11/27/2025,1127,1122,1132,1
358,11/22/2022,11/17/2022,11/27/2022,31,26,36,1
358,7/12/2023,7/6/2023,7/18/2023,263,257,269,1
358,10/18/2023,10/14/2023,10/21/2023,361,357,364,1
358,7/2/2024,6/25/2024,7/9/2024,619,612,626,1
358,10/16/2024,10/10/2024,10/22/2024,725,719,731,1
358,7/23/2025,7/21/2025,7/25/2025,1005,1003,1007,1
358,11/5/2025,10/31/2025,11/11/2025,1110,1105,1116,1
359,1/5/2023,1/1/2023,1/9/2023,75,71,79,1
359,6/7/2023,5/29/2023,6/16/2023,228,219,237,1
359,6/19/2024,6/14/2024,6/23/2024,606,601,610,1
36,12/1/2022,11/27/2022,12/5/2022,40,36,44,1
36,7/27/2023,7/23/2023,7/30/2023,278,274,281,1
36,11/21/2023,11/16/2023,11/25/2023,395,390,399,1
36,6/10/2024,6/4/2024,6/17/2024,597,591,604,1
36,10/28/2024,10/21/2024,11/3/2024,737,730,743,1
36,6/18/2025,6/12/2025,6/23/2025,970,964,975,1
36,11/26/2025,11/16/2025,12/5/2025,1131,1121,1140,1
361,1/26/2023,1/23/2023,1/29/2023,96,93,99,1
361,6/21/2023,6/14/2023,6/28/2023,242,235,249,1
361,10/17/2023,10/13/2023,10/20/2023,360,356,363,1
361,6/4/2024,5/26/2024,6/13/2024,591,582,600,1
361,11/7/2024,10/31/2024,11/13/2024,747,740,753,1
361,6/30/2025,6/27/2025,7/3/2025,982,979,985,1
361,11/20/2025,11/16/2025,11/23/2025,1125,1121,1128,1
362,6/28/2023,6/17/2023,7/8/2023,249,238,259,1
362,6/24/2024,6/15/2024,7/3/2024,611,602,620,1
362,10/31/2024,10/25/2024,11/6/2024,740,734,746,1
362,7/16/2025,7/12/2025,7/20/2025,998,994,1002,1
362,10/28/2025,10/24/2025,11/2/2025,1102,1098,1107,1
363,2/22/2023,2/19/2023,2/25/2023,123,120,126,1
363,10/10/2023,9/28/2023,10/21/2023,353,341,364,1
363,7/10/2024,7/7/2024,7/13/2024,627,624,630,1
363,11/11/2024,11/8/2024,11/15/2024,751,748,755,1
363,7/27/2025,7/20/2025,8/3/2025,1009,1002,1016,1
363,11/19/2025,11/15/2025,11/23/2025,1124,1120,1128,1
364,1/26/2023,1/23/2023,1/29/2023,96,93,99,1
364,6/30/2023,6/24/2023,7/6/2023,251,245,257,1
364,10/18/2023,10/14/2023,10/22/2023,361,357,365,1
364,7/2/2024,6/29/2024,7/6/2024,619,616,623,1
364,10/28/2024,10/21/2024,11/3/2024,737,730,743,1
364,10/28/2025,10/17/2025,11/8/2025,1102,1091,1113,1
365,7/12/2023,7/8/2023,7/15/2023,263,259,266,1
365,10/10/2023,10/5/2023,10/15/2023,353,348,358,1
365,7/4/2024,6/30/2024,7/7/2024,621,617,624,1
365,11/5/2024,10/29/2024,11/12/2024,745,738,752,1
367,11/14/2022,11/3/2022,11/25/2022,23,12,34,1
367,6/27/2023,6/21/2023,7/2/2023,248,242,253,1
367,7/9/2024,7/3/2024,7/15/2024,626,620,632,1
367,11/18/2024,11/7/2024,11/29/2024,758,747,769,1
367,7/10/2025,7/4/2025,7/16/2025,992,986,998,1
367,11/18/2025,11/14/2025,11/22/2025,1123,1119,1127,1
37,12/9/2022,12/5/2022,12/12/2022,48,44,51,1
37,7/27/2023,7/23/2023,7/31/2023,278,274,282,1
37,10/18/2023,10/14/2023,10/21/2023,361,357,364,1
37,7/1/2024,6/25/2024,7/7/2024,618,612,624,1
37,11/26/2024,11/15/2024,12/6/2024,766,755,776,1
37,11/27/2025,11/19/2025,12/6/2025,1132,1124,1141,1
370,12/23/2022,12/19/2022,12/26/2022,62,58,65,1
370,11/17/2023,11/9/2023,11/26/2023,391,383,400,1
370,6/2/2024,5/26/2024,6/10/2024,589,582,597,1
370,11/13/2024,11/10/2024,11/16/2024,753,750,756,1
370,11/29/2025,11/19/2025,12/9/2025,1134,1124,1144,1
373,7/26/2023,7/22/2023,7/30/2023,277,273,281,1
373,10/16/2023,10/14/2023,10/19/2023,359,357,362,1
373,5/13/2024,5/6/2024,5/20/2024,569,562,576,1
373,11/29/2024,11/21/2024,12/6/2024,769,761,776,1
373,7/13/2025,7/5/2025,7/22/2025,995,987,1004,1
373,11/12/2025,11/8/2025,11/16/2025,1117,1113,1121,1
374,1/20/2023,1/17/2023,1/22/2023,90,87,92,1
374,8/15/2023,8/7/2023,8/24/2023,297,289,306,1
374,7/1/2024,6/28/2024,7/5/2024,618,615,622,1
374,11/20/2024,11/16/2024,11/23/2024,760,756,763,1
374,6/20/2025,6/4/2025,7/6/2025,972,956,988,1
374,11/25/2025,11/21/2025,11/28/2025,1130,1126,1133,1
375,1/18/2023,1/16/2023,1/20/2023,88,86,90,1
375,7/20/2023,7/8/2023,8/1/2023,271,259,283,1
375,11/1/2023,10/29/2023,11/5/2023,375,372,379,1
375,7/15/2024,7/11/2024,7/19/2024,632,628,636,1
375,11/5/2024,10/29/2024,11/13/2024,745,738,753,1
375,7/17/2025,7/13/2025,7/20/2025,999,995,1002,1
375,11/27/2025,11/23/2025,12/1/2025,1132,1128,1136,1
378,7/3/2023,6/22/2023,7/13/2023,254,243,264,1
378,7/2/2024,6/27/2024,7/6/2024,619,614,623,1
378,11/18/2024,11/12/2024,11/23/2024,758,752,763,1
378,11/10/2025,11/6/2025,11/15/2025,1115,1111,1120,1
379,8/1/2023,7/23/2023,8/11/2023,283,274,293,1
379,5/30/2024,5/11/2024,6/18/2024,586,567,605,1
379,11/21/2024,11/18/2024,11/25/2024,761,758,765,1
379,11/17/2025,11/9/2025,11/25/2025,1122,1114,1130,1
38,11/9/2022,10/31/2022,11/18/2022,18,9,27,1
38,6/21/2023,6/10/2023,7/3/2023,242,231,254,1
38,5/8/2024,4/29/2024,5/17/2024,564,555,573,1
38,11/14/2024,11/9/2024,11/18/2024,754,749,758,1
38,12/3/2025,11/29/2025,12/7/2025,1138,1134,1142,1
381,2/4/2023,1/18/2023,2/21/2023,105,88,122,1
381,7/10/2023,7/6/2023,7/14/2023,261,257,265,1
381,11/14/2023,11/9/2023,11/19/2023,388,383,393,1
381,7/18/2024,7/14/2024,7/23/2024,635,631,640,1
381,11/12/2024,11/4/2024,11/20/2024,752,744,760,1
381,8/5/2025,7/31/2025,8/10/2025,1018,1013,1023,1
381,11/26/2025,11/20/2025,12/2/2025,1131,1125,1137,1
382,7/18/2023,7/10/2023,7/26/2023,269,261,277,1
382,10/22/2023,10/19/2023,10/26/2023,365,362,369,1
382,6/27/2024,6/20/2024,7/4/2024,614,607,621,1
382,11/14/2024,11/8/2024,11/19/2024,754,748,759,1
382,7/15/2025,7/8/2025,7/21/2025,997,990,1003,1
382,11/20/2025,11/14/2025,11/25/2025,1125,1119,1130,1
383,6/5/2023,5/29/2023,6/12/2023,226,219,233,1
383,11/9/2023,11/6/2023,11/12/2023,383,380,386,1
383,7/11/2024,7/6/2024,7/15/2024,628,623,632,1
383,12/3/2024,11/26/2024,12/9/2024,773,766,779,1
383,5/13/2025,4/30/2025,5/25/2025,934,921,946,1
383,11/18/2025,11/7/2025,11/28/2025,1123,1112,1133,1
384,7/3/2023,6/26/2023,7/10/2023,254,247,261,1
384,10/30/2023,10/25/2023,11/4/2023,373,368,378,1
384,6/5/2024,5/28/2024,6/13/2024,592,584,600,1
384,11/21/2024,11/12/2024,11/29/2024,761,752,769,1
384,7/7/2025,7/3/2025,7/11/2025,989,985,993,1
384,11/20/2025,11/15/2025,11/24/2025,1125,1120,1129,1
385,7/6/2023,6/26/2023,7/16/2023,257,247,267,1
385,6/25/2024,6/19/2024,7/1/2024,612,606,618,1
385,11/17/2024,11/12/2024,11/22/2024,757,752,762,1
385,5/29/2025,5/15/2025,6/11/2025,950,936,963,1
387,7/17/2023,7/10/2023,7/23/2023,268,261,274,1
387,10/22/2023,10/16/2023,10/28/2023,365,359,371,1
387,6/16/2024,6/11/2024,6/22/2024,603,598,609,1
387,10/29/2024,10/24/2024,11/3/2024,738,733,743,1
387,8/4/2025,8/1/2025,8/8/2025,1017,1014,1021,1
387,11/25/2025,11/20/2025,11/29/2025,1130,1125,1134,1
389,1/31/2023,1/28/2023,2/3/2023,101,98,104,1
389,7/19/2023,7/10/2023,7/27/2023,270,261,278,1
389,10/23/2023,10/19/2023,10/28/2023,366,362,371,1
389,7/18/2024,7/15/2024,7/20/2024,635,632,637,1
389,11/21/2024,11/16/2024,11/25/2024,761,756,765,1
389,7/20/2025,7/16/2025,7/25/2025,1002,998,1007,1
389,11/4/2025,11/1/2025,11/8/2025,1109,1106,1113,1
39,11/30/2022,11/27/2022,12/4/2022,39,36,43,1
39,10/2/2023,9/23/2023,10/11/2023,345,336,354,1
39,8/3/2024,7/21/2024,8/16/2024,651,638,664,1
39,10/23/2024,10/17/2024,10/29/2024,732,726,738,1
39,5/28/2025,5/11/2025,6/15/2025,949,932,967,1
39,10/29/2025,10/24/2025,11/2/2025,1103,1098,1107,1
390,7/17/2023,7/12/2023,7/22/2023,268,263,273,1
390,10/25/2023,10/21/2023,10/29/2023,368,364,372,1
390,5/22/2024,5/15/2024,5/30/2024,578,571,586,1
390,11/28/2024,11/24/2024,12/2/2024,768,764,772,1
390,6/11/2025,6/2/2025,6/20/2025,963,954,972,1
390,11/11/2025,11/3/2025,11/19/2025,1116,1108,1124,1
391,6/27/2023,6/21/2023,7/2/2023,248,242,253,1
391,7/1/2024,6/26/2024,7/7/2024,618,613,624,1
391,11/28/2024,11/17/2024,12/10/2024,768,757,780,1
391,7/9/2025,7/4/2025,7/14/2025,991,986,996,1
391,11/24/2025,11/20/2025,11/29/2025,1129,1125,1134,1
392,1/28/2023,1/23/2023,2/1/2023,98,93,102,1
392,7/19/2023,7/14/2023,7/23/2023,270,265,274,1
392,11/8/2023,11/4/2023,11/13/2023,382,378,387,1
392,6/24/2024,6/18/2024,6/30/2024,611,605,617,1
392,11/13/2024,11/8/2024,11/18/2024,753,748,758,1
392,11/25/2025,11/19/2025,12/1/2025,1130,1124,1136,1
394,11/9/2023,11/4/2023,11/14/2023,383,378,388,1
394,5/20/2024,5/8/2024,6/2/2024,576,564,589,1
394,11/26/2024,11/18/2024,12/5/2024,766,758,775,1
394,7/1/2025,6/27/2025,7/6/2025,983,979,988,1
394,10/20/2025,10/17/2025,10/24/2025,1094,1091,1098,1
395,1/30/2023,1/28/2023,2/2/2023,100,98,103,1
395,6/22/2023,6/11/2023,7/2/2023,243,232,253,1
395,10/31/2023,10/29/2023,11/2/2023,374,372,376,1
395,6/13/2024,6/6/2024,6/20/2024,600,593,607,1
395,11/27/2024,11/18/2024,12/7/2024,767,758,777,1
395,6/19/2025,6/9/2025,6/29/2025,971,961,981,1
395,11/11/2025,11/7/2025,11/15/2025,1116,1112,1120,1
396,10/31/2023,10/24/2023,11/7/2023,374,367,381,1
396,6/24/2024,6/19/2024,6/29/2024,611,606,616,1
396,11/7/2024,11/5/2024,11/10/2024,747,745,750,1
396,7/8/2025,7/1/2025,7/15/2025,990,983,997,1
396,11/17/2025,11/13/2025,11/20/2025,1122,1118,1125,1
399,8/14/2023,8/5/2023,8/23/2023,296,287,305,1
399,6/18/2024,6/11/2024,6/25/2024,605,598,612,1
399,7/1/2025,6/22/2025,7/10/2025,983,974,992,1
399,11/5/2025,11/1/2025,11/9/2025,1110,1106,1114,1
4,11/23/2022,11/18/2022,11/27/2022,32,27,36,1
4,7/24/2023,7/19/2023,7/29/2023,275,270,280,1
4,11/15/2023,11/8/2023,11/22/2023,389,382,396,1
4,5/31/2024,5/7/2024,6/23/2024,587,563,610,1
4,10/30/2024,10/25/2024,11/4/2024,739,734,744,1
4,7/23/2025,7/19/2025,7/28/2025,1005,1001,1010,1
4,11/23/2025,11/17/2025,11/30/2025,1128,1122,1135,1
40,11/9/2022,10/27/2022,11/22/2022,18,5,31,1
40,7/6/2023,6/29/2023,7/13/2023,257,250,264,1
40,10/18/2023,10/12/2023,10/23/2023,361,355,366,1
40,5/27/2024,5/18/2024,6/5/2024,583,574,592,1
40,11/27/2024,11/20/2024,12/4/2024,767,760,774,1
40,7/9/2025,7/4/2025,7/14/2025,991,986,996,1
40,11/20/2025,11/17/2025,11/23/2025,1125,1122,1128,1
400,12/8/2022,12/5/2022,12/11/2022,47,44,50,1
400,7/4/2023,6/28/2023,7/11/2023,255,249,262,1
400,10/26/2023,10/22/2023,10/29/2023,369,365,372,1
400,7/2/2024,6/26/2024,7/9/2024,619,613,626,1
400,11/20/2024,11/12/2024,11/28/2024,760,752,768,1
400,7/23/2025,7/18/2025,7/28/2025,1005,1000,1010,1
400,11/27/2025,11/24/2025,11/30/2025,1132,1129,1135,1
401,1/12/2023,1/9/2023,1/15/2023,82,79,85,1
401,6/6/2023,6/1/2023,6/10/2023,227,222,231,1
401,11/6/2023,11/3/2023,11/10/2023,380,377,384,1
401,7/2/2024,6/27/2024,7/7/2024,619,614,624,1
401,10/27/2024,10/21/2024,11/3/2024,736,730,743,1
401,6/12/2025,6/4/2025,6/19/2025,964,956,971,1
401,11/3/2025,10/29/2025,11/8/2025,1108,1103,1113,1
402,8/2/2023,7/29/2023,8/6/2023,284,280,288,1
402,10/24/2023,10/22/2023,10/25/2023,367,365,368,1
402,5/25/2024,5/12/2024,6/6/2024,581,568,593,1
402,11/5/2024,10/31/2024,11/11/2024,745,740,751,1
402,7/24/2025,7/20/2025,7/27/2025,1006,1002,1009,1
402,11/5/2025,11/1/2025,11/9/2025,1110,1106,1114,1
403,12/1/2022,11/22/2022,12/10/2022,40,31,49,1
403,6/6/2023,5/30/2023,6/12/2023,227,220,233,1
403,12/1/2023,11/21/2023,12/12/2023,405,395,416,1
403,5/14/2024,5/8/2024,5/20/2024,570,564,576,1
403,9/24/2024,9/21/2024,9/26/2024,703,700,705,1
403,7/6/2025,7/3/2025,7/10/2025,988,985,992,1
405,6/30/2023,6/23/2023,7/8/2023,251,244,259,1
405,10/10/2023,10/7/2023,10/13/2023,353,350,356,1
405,6/5/2024,5/30/2024,6/10/2024,592,586,597,1
405,12/1/2024,11/26/2024,12/6/2024,771,766,776,1
405,7/14/2025,7/8/2025,7/19/2025,996,990,1001,1
405,10/16/2025,10/8/2025,10/24/2025,1090,1082,1098,1
406,11/16/2022,11/7/2022,11/25/2022,25,16,34,1
406,7/27/2023,7/20/2023,8/3/2023,278,271,285,1
406,10/17/2023,10/13/2023,10/22/2023,360,356,365,1
406,6/4/2024,5/26/2024,6/13/2024,591,582,600,1
406,10/16/2024,10/11/2024,10/20/2024,725,720,729,1
406,7/29/2025,7/26/2025,8/1/2025,1011,1008,1014,1
406,10/28/2025,10/24/2025,11/1/2025,1102,1098,1106,1
408,11/30/2022,11/25/2022,12/4/2022,39,34,43,1
408,6/22/2023,6/16/2023,6/27/2023,243,237,248,1
408,11/22/2023,11/3/2023,12/11/2023,396,377,415,1
408,5/27/2024,5/19/2024,6/3/2024,583,575,590,1
408,6/30/2025,6/28/2025,7/3/2025,982,980,985,1
409,12/13/2022,12/10/2022,12/17/2022,52,49,56,1
409,7/20/2023,7/15/2023,7/25/2023,271,266,276,1
409,11/16/2023,11/5/2023,11/27/2023,390,379,401,1
409,6/6/2024,5/28/2024,6/14/2024,593,584,601,1
409,9/17/2024,9/12/2024,9/21/2024,696,691,700,1
409,7/9/2025,7/5/2025,7/13/2025,991,987,995,1
41,12/5/2022,11/22/2022,12/19/2022,44,31,58,1
41,7/24/2023,7/20/2023,7/28/2023,275,271,279,1
41,11/22/2023,11/18/2023,11/27/2023,396,392,401,1
41,5/20/2024,5/13/2024,5/27/2024,576,569,583,1
41,11/13/2024,11/10/2024,11/16/2024,753,750,756,1
41,7/2/2025,6/24/2025,7/10/2025,984,976,992,1
41,10/27/2025,10/23/2025,10/31/2025,1101,1097,1105,1
410,11/23/2022,11/16/2022,11/29/2022,32,25,38,1
410,7/11/2023,7/5/2023,7/16/2023,262,256,267,1
410,11/20/2023,11/9/2023,12/1/2023,394,383,405,1
410,6/4/2024,5/28/2024,6/11/2024,591,584,598,1
410,1/11/2025,12/25/2024,1/28/2025,812,795,829,1
410,7/8/2025,7/4/2025,7/11/2025,990,986,993,1
411,12/1/2022,11/20/2022,12/12/2022,40,29,51,1
411,6/29/2023,6/21/2023,7/6/2023,250,242,257,1
411,11/28/2023,11/23/2023,12/3/2023,402,397,407,1
411,6/7/2024,6/1/2024,6/12/2024,594,588,599,1
411,10/1/2024,9/27/2024,10/5/2024,710,706,714,1
411,6/25/2025,6/17/2025,7/2/2025,977,969,984,1
413,12/1/2022,11/27/2022,12/4/2022,40,36,43,1
413,7/4/2023,6/29/2023,7/9/2023,255,250,260,1
413,10/18/2023,10/12/2023,10/23/2023,361,355,366,1
413,6/11/2024,6/6/2024,6/17/2024,598,593,604,1
413,7/10/2025,7/6/2025,7/14/2025,992,988,996,1
414,11/9/2022,10/27/2022,11/21/2022,18,5,30,1
414,6/6/2023,5/27/2023,6/17/2023,227,217,238,1
414,6/27/2024,6/18/2024,7/5/2024,614,605,622,1
414,10/28/2024,10/25/2024,10/31/2024,737,734,740,1
414,6/24/2025,6/18/2025,6/30/2025,976,970,982,1
414,10/29/2025,10/20/2025,11/6/2025,1103,1094,1111,1
415,1/30/2023,1/24/2023,2/5/2023,100,94,106,1
415,10/19/2023,10/11/2023,10/27/2023,362,354,370,1
415,5/28/2024,5/19/2024,6/5/2024,584,575,592,1
415,9/24/2024,9/19/2024,9/28/2024,703,698,707,1
415,10/29/2025,10/24/2025,11/2/2025,1103,1098,1107,1
416,12/9/2022,12/7/2022,12/10/2022,48,46,49,1
416,7/20/2023,7/12/2023,7/28/2023,271,263,279,1
416,11/7/2023,10/4/2023,12/11/2023,381,347,415,1
416,6/25/2024,6/19/2024,6/30/2024,612,606,617,1
416,10/13/2024,10/8/2024,10/18/2024,722,717,727,1
416,6/18/2025,6/10/2025,6/26/2025,970,962,978,1
416,10/8/2025,10/5/2025,10/12/2025,1082,1079,1086,1
417,7/20/2023,7/16/2023,7/24/2023,271,267,275,1
417,10/9/2023,10/6/2023,10/12/2023,352,349,355,1
417,5/22/2024,5/15/2024,5/29/2024,578,571,585,1
417,10/30/2024,10/25/2024,11/5/2024,739,734,745,1
417,6/8/2025,6/1/2025,6/15/2025,960,953,967,1
417,11/5/2025,10/29/2025,11/11/2025,1110,1103,1116,1
418,6/28/2023,6/18/2023,7/9/2023,249,239,260,1
418,11/8/2023,10/31/2023,11/15/2023,382,374,389,1
418,6/13/2024,6/6/2024,6/19/2024,600,593,606,1
418,9/29/2024,9/26/2024,10/3/2024,708,705,712,1
418,6/16/2025,6/9/2025,6/24/2025,968,961,976,1
418,10/6/2025,10/1/2025,10/11/2025,1080,1075,1085,1
419,11/29/2022,11/23/2022,12/6/2022,38,32,45,1
419,6/1/2023,5/23/2023,6/11/2023,222,213,232,1
419,11/14/2023,10/25/2023,12/3/2023,388,368,407,1
419,5/23/2024,5/15/2024,5/31/2024,579,571,587,1
419,2/18/2025,1/30/2025,3/8/2025,850,831,868,1
419,6/24/2025,6/20/2025,6/29/2025,976,972,981,1
420,11/21/2022,11/15/2022,11/27/2022,30,24,36,1
420,6/14/2023,6/4/2023,6/23/2023,235,225,244,1
420,10/24/2023,10/19/2023,10/30/2023,367,362,373,1
420,5/1/2024,4/25/2024,5/6/2024,557,551,562,1
420,1/8/2025,12/31/2024,1/15/2025,809,801,816,1
420,6/18/2025,6/11/2025,6/26/2025,970,963,978,1
420,11/12/2025,11/7/2025,11/18/2025,1117,1112,1123,1
422,7/4/2023,6/24/2023,7/13/2023,255,245,264,1
422,11/28/2023,11/24/2023,12/3/2023,402,398,407,1
422,5/28/2024,5/21/2024,6/4/2024,584,577,591,1
422,12/1/2024,11/24/2024,12/9/2024,771,764,779,1
422,6/26/2025,6/17/2025,7/6/2025,978,969,988,1
422,11/4/2025,11/1/2025,11/7/2025,1109,1106,1112,1
423,11/29/2022,11/25/2022,12/2/2022,38,34,41,1
423,7/5/2023,6/29/2023,7/11/2023,256,250,262,1
423,12/12/2023,12/9/2023,12/15/2023,416,413,419,1
423,5/28/2024,5/21/2024,6/3/2024,584,577,590,1
423,9/30/2024,9/29/2024,10/2/2024,709,708,711,1
423,7/4/2025,6/30/2025,7/9/2025,986,982,991,1
424,11/27/2022,11/21/2022,12/3/2022,36,30,42,1
424,6/28/2023,6/25/2023,7/1/2023,249,246,252,1
424,10/16/2023,10/10/2023,10/22/2023,359,353,365,1
424,6/11/2024,6/4/2024,6/17/2024,598,591,604,1
424,2/15/2025,2/4/2025,2/26/2025,847,836,858,1
424,7/8/2025,7/2/2025,7/15/2025,990,984,997,1
425,11/22/2022,11/13/2022,11/30/2022,31,22,39,1
425,6/26/2023,6/18/2023,7/4/2023,247,239,255,1
425,10/11/2023,10/6/2023,10/16/2023,354,349,359,1
425,5/29/2024,5/23/2024,6/5/2024,585,579,592,1
425,7/16/2025,7/13/2025,7/19/2025,998,995,1001,1
426,11/16/2022,11/10/2022,11/22/2022,25,19,31,1
426,7/4/2023,6/25/2023,7/12/2023,255,246,263,1
426,11/1/2023,10/28/2023,11/5/2023,375,371,379,1
426,5/29/2024,5/22/2024,6/5/2024,585,578,592,1
426,11/24/2024,11/12/2024,12/7/2024,764,752,777,1
426,6/25/2025,6/19/2025,6/30/2025,977,971,982,1
426,10/22/2025,10/19/2025,10/25/2025,1096,1093,1099,1
427,12/7/2022,12/4/2022,12/10/2022,46,43,49,1
427,7/19/2023,7/16/2023,7/23/2023,270,267,274,1
427,11/27/2023,11/19/2023,12/6/2023,401,393,410,1
427,5/29/2024,5/20/2024,6/7/2024,585,576,594,1
427,7/3/2025,6/27/2025,7/8/2025,985,979,990,1
428,11/22/2022,11/18/2022,11/27/2022,31,27,36,1
428,7/25/2023,7/20/2023,7/30/2023,276,271,281,1
428,11/29/2023,11/21/2023,12/6/2023,403,395,410,1
428,6/5/2024,5/30/2024,6/12/2024,592,586,599,1
428,11/20/2024,11/10/2024,11/30/2024,760,750,770,1
428,6/24/2025,6/19/2025,6/29/2025,976,971,981,1
429,11/20/2022,11/14/2022,11/27/2022,29,23,36,1
429,7/20/2023,7/10/2023,7/30/2023,271,261,281,1
429,6/25/2024,6/22/2024,6/29/2024,612,609,616,1
429,11/14/2024,11/6/2024,11/22/2024,754,746,762,1
429,11/22/2025,11/4/2025,12/10/2025,1127,1109,1145,1
430,6/28/2023,6/22/2023,7/4/2023,249,243,255,1
430,10/4/2023,9/30/2023,10/9/2023,347,343,352,1
430,6/17/2024,6/12/2024,6/22/2024,604,599,609,1
430,11/26/2024,11/18/2024,12/4/2024,766,758,774,1
430,11/29/2025,11/7/2025,12/20/2025,1134,1112,1155,1
433,12/1/2022,11/28/2022,12/5/2022,40,37,44,1
433,3/13/2023,2/27/2023,3/27/2023,142,128,156,1
433,7/13/2023,7/8/2023,7/17/2023,264,259,268,1
433,12/5/2023,11/19/2023,12/20/2023,409,393,424,1
433,6/19/2024,6/14/2024,6/24/2024,606,601,611,1
433,1/15/2025,1/4/2025,1/26/2025,816,805,827,1
433,6/12/2025,6/9/2025,6/16/2025,964,961,968,1
434,11/23/2022,11/19/2022,11/28/2022,32,28,37,1
434,6/27/2023,6/19/2023,7/5/2023,248,240,256,1
434,12/4/2023,12/2/2023,12/7/2023,408,406,411,1
434,5/21/2024,5/14/2024,5/28/2024,577,570,584,1
434,11/28/2024,11/18/2024,12/8/2024,768,758,778,1
434,7/7/2025,7/3/2025,7/12/2025,989,985,994,1
435,11/16/2022,11/5/2022,11/27/2022,25,14,36,1
435,7/4/2023,6/29/2023,7/9/2023,255,250,260,1
435,12/5/2023,12/1/2023,12/9/2023,409,405,413,1
435,6/25/2024,6/21/2024,6/29/2024,612,608,616,1
435,1/13/2025,1/10/2025,1/17/2025,814,811,818,1
435,5/14/2025,5/10/2025,5/18/2025,935,931,939,1
437,11/30/2022,11/26/2022,12/4/2022,39,35,43,1
437,7/5/2023,6/27/2023,7/13/2023,256,248,264,1
437,12/2/2023,11/21/2023,12/13/2023,406,395,417,1
437,5/8/2024,4/29/2024,5/17/2024,564,555,573,1
437,7/15/2025,7/11/2025,7/19/2025,997,993,1001,1
439,11/29/2022,11/25/2022,12/3/2022,38,34,42,1
439,6/20/2023,6/13/2023,6/27/2023,241,234,248,1
439,10/17/2023,10/14/2023,10/19/2023,360,357,362,1
439,6/18/2024,6/13/2024,6/23/2024,605,600,610,1
439,1/23/2025,1/16/2025,1/30/2025,824,817,831,1
439,7/1/2025,6/26/2025,7/6/2025,983,978,988,1
439,10/28/2025,10/23/2025,11/2/2025,1102,1097,1107,1
441,11/10/2022,10/27/2022,11/25/2022,19,5,34,1
441,6/14/2023,6/9/2023,6/18/2023,235,230,239,1
441,12/11/2023,12/6/2023,12/16/2023,415,410,420,1
441,5/30/2024,5/24/2024,6/5/2024,586,580,592,1
441,1/18/2025,1/5/2025,2/1/2025,819,806,833,1
441,7/1/2025,6/24/2025,7/9/2025,983,976,991,1
443,12/8/2022,11/30/2022,12/16/2022,47,39,55,1
443,5/29/2023,5/24/2023,6/2/2023,219,214,223,1
443,11/13/2023,11/2/2023,11/23/2023,387,376,397,1
443,6/11/2024,6/7/2024,6/15/2024,598,594,602,1
443,1/8/2025,12/21/2024,1/26/2025,809,791,827,1
443,5/29/2025,5/22/2025,6/6/2025,950,943,958,1
443,10/7/2025,10/4/2025,10/11/2025,1081,1078,1085,1
444,11/21/2022,11/13/2022,11/28/2022,30,22,37,1
444,6/28/2023,6/17/2023,7/10/2023,249,238,261,1
444,9/29/2023,9/23/2023,10/4/2023,342,336,347,1
444,5/27/2024,5/22/2024,6/1/2024,583,578,588,1
444,10/15/2024,10/9/2024,10/20/2024,724,718,729,1
444,6/26/2025,6/19/2025,7/2/2025,978,971,984,1
444,10/28/2025,10/24/2025,11/2/2025,1102,1098,1107,1
447,11/29/2022,11/26/2022,12/2/2022,38,35,41,1
447,6/28/2023,6/17/2023,7/9/2023,249,238,260,1
447,12/4/2023,11/30/2023,12/8/2023,408,404,412,1
447,5/28/2024,5/19/2024,6/7/2024,584,575,594,1
447,12/16/2024,12/9/2024,12/23/2024,786,779,793,1
447,6/25/2025,6/21/2025,6/29/2025,977,973,981,1
449,12/1/2022,11/24/2022,12/9/2022,40,33,48,1
449,7/11/2023,7/6/2023,7/16/2023,262,257,267,1
449,12/7/2023,11/27/2023,12/16/2023,411,401,420,1
449,6/5/2024,5/30/2024,6/11/2024,592,586,598,1
449,1/9/2025,1/4/2025,1/14/2025,810,805,815,1
449,7/3/2025,6/27/2025,7/8/2025,985,979,990,1
45,11/28/2022,11/22/2022,12/4/2022,37,31,43,1
45,7/12/2023,7/9/2023,7/16/2023,263,260,267,1
45,10/24/2023,10/20/2023,10/27/2023,367,363,370,1
45,6/11/2024,6/4/2024,6/18/2024,598,591,605,1
45,12/6/2024,12/2/2024,12/10/2024,776,772,780,1
45,7/31/2025,7/26/2025,8/6/2025,1013,1008,1019,1
45,10/30/2025,10/13/2025,11/15/2025,1104,1087,1120,1
45,2/9/2026,2/5/2026,2/14/2026,1206,1202,1211,1
450,11/29/2022,11/25/2022,12/3/2022,38,34,42,1
450,6/29/2023,6/19/2023,7/8/2023,250,240,259,1
450,11/21/2023,11/7/2023,12/5/2023,395,381,409,1
450,6/12/2024,6/6/2024,6/18/2024,599,593,605,1
450,10/15/2024,10/12/2024,10/18/2024,724,721,727,1
450,6/23/2025,6/18/2025,6/29/2025,975,970,981,1
451,7/4/2023,6/26/2023,7/11/2023,255,247,262,1
451,10/31/2023,10/28/2023,11/4/2023,374,371,378,1
451,5/31/2024,5/9/2024,6/22/2024,587,565,609,1
451,11/4/2024,10/31/2024,11/7/2024,744,740,747,1
451,12/10/2025,12/4/2025,12/17/2025,1145,1139,1152,1
452,11/30/2022,11/26/2022,12/4/2022,39,35,43,1
452,7/25/2023,7/22/2023,7/29/2023,276,273,280,1
452,11/29/2023,11/6/2023,12/21/2023,403,380,425,1
452,5/22/2024,5/12/2024,5/31/2024,578,568,587,1
452,2/8/2025,1/27/2025,2/20/2025,840,828,852,1
452,7/10/2025,7/6/2025,7/14/2025,992,988,996,1
453,11/23/2022,11/17/2022,11/28/2022,32,26,37,1
453,6/26/2023,6/18/2023,7/5/2023,247,239,256,1
453,11/29/2023,11/27/2023,12/2/2023,403,401,406,1
453,5/21/2024,5/14/2024,5/28/2024,577,570,584,1
453,1/14/2025,1/4/2025,1/23/2025,815,805,824,1
453,7/8/2025,7/3/2025,7/12/2025,990,985,994,1
454,11/20/2022,11/14/2022,11/27/2022,29,23,36,1
454,5/31/2023,5/25/2023,6/7/2023,221,215,228,1
454,10/31/2023,10/27/2023,11/4/2023,374,370,378,1
454,6/2/2024,5/28/2024,6/7/2024,589,584,594,1
454,10/16/2024,10/13/2024,10/20/2024,725,722,729,1
454,7/15/2025,7/12/2025,7/18/2025,997,994,1000,1
455,11/28/2022,11/23/2022,12/3/2022,37,32,42,1
455,7/13/2023,7/7/2023,7/20/2023,264,258,271,1
455,10/1/2023,9/26/2023,10/6/2023,344,339,349,1
455,12/10/2023,12/7/2023,12/13/2023,414,411,417,1
455,6/20/2024,6/15/2024,6/25/2024,607,602,612,1
455,12/10/2024,12/4/2024,12/15/2024,780,774,785,1
455,7/3/2025,6/30/2025,7/7/2025,985,982,989,1
455,1/13/2026,1/2/2026,1/25/2026,1179,1168,1191,1
456,12/5/2022,12/2/2022,12/8/2022,44,41,47,1
456,6/7/2023,5/27/2023,6/18/2023,228,217,239,1
456,11/6/2023,10/30/2023,11/14/2023,380,373,388,1
456,6/4/2024,5/27/2024,6/12/2024,591,583,599,1
456,9/24/2024,9/21/2024,9/27/2024,703,700,706,1
456,7/9/2025,7/5/2025,7/12/2025,991,987,994,1
456,12/3/2025,11/17/2025,12/18/2025,1138,1122,1153,1
458,11/21/2022,11/14/2022,11/29/2022,30,23,38,1
458,6/27/2023,6/20/2023,7/4/2023,248,241,255,1
458,10/23/2023,10/19/2023,10/26/2023,366,362,369,1
458,6/20/2024,6/15/2024,6/24/2024,607,602,611,1
458,1/11/2025,12/31/2024,1/22/2025,812,801,823,1
458,4/1/2025,3/30/2025,4/4/2025,892,890,895,1
458,7/30/2025,7/23/2025,8/6/2025,1012,1005,1019,1
458,12/31/2025,12/23/2025,1/7/2026,1166,1158,1173,1
459,11/30/2022,11/27/2022,12/3/2022,39,36,42,1
459,6/25/2023,6/13/2023,7/7/2023,246,234,258,1
459,11/14/2023,11/8/2023,11/20/2023,388,382,394,1
459,6/5/2024,5/27/2024,6/14/2024,592,583,601,1
459,11/20/2024,11/9/2024,11/30/2024,760,749,770,1
459,7/15/2025,7/11/2025,7/19/2025,997,993,1001,1
459,10/27/2025,10/13/2025,11/10/2025,1101,1087,1115,1
46,11/30/2022,11/27/2022,12/3/2022,39,36,42,1
46,5/10/2023,5/3/2023,5/16/2023,200,193,206,1
46,6/18/2024,6/8/2024,6/28/2024,605,595,615,1
46,10/29/2024,10/20/2024,11/7/2024,738,729,747,1
46,7/15/2025,7/10/2025,7/20/2025,997,992,1002,1
46,11/11/2025,11/5/2025,11/18/2025,1116,1110,1123,1
460,8/8/2023,8/1/2023,8/15/2023,290,283,297,1
460,6/6/2024,5/24/2024,6/20/2024,593,580,607,1
460,11/5/2024,11/1/2024,11/8/2024,745,741,748,1
460,11/12/2025,11/4/2025,11/19/2025,1117,1109,1124,1
462,6/27/2023,6/20/2023,7/4/2023,248,241,255,1
462,10/11/2023,10/7/2023,10/16/2023,354,350,359,1
462,6/5/2024,5/27/2024,6/13/2024,592,583,600,1
462,12/2/2024,11/28/2024,12/7/2024,772,768,777,1
462,6/19/2025,6/13/2025,6/25/2025,971,965,977,1
463,12/10/2022,10/31/2022,1/19/2023,49,9,89,1
463,6/20/2023,6/10/2023,6/29/2023,241,231,250,1
463,10/17/2023,10/13/2023,10/21/2023,360,356,364,1
463,6/13/2024,6/5/2024,6/22/2024,600,592,609,1
463,12/6/2024,11/10/2024,1/1/2025,776,750,802,1
463,6/18/2025,6/11/2025,6/24/2025,970,963,976,1
464,11/24/2022,11/19/2022,11/28/2022,33,28,37,1
464,6/21/2023,6/15/2023,6/26/2023,242,236,247,1
464,11/24/2023,11/6/2023,12/11/2023,398,380,415,1
464,5/29/2024,5/23/2024,6/5/2024,585,579,592,1
464,1/25/2025,1/18/2025,2/1/2025,826,819,833,1
464,6/24/2025,6/18/2025,6/30/2025,976,970,982,1
465,11/28/2022,11/25/2022,12/2/2022,37,34,41,1
465,6/14/2023,6/6/2023,6/21/2023,235,227,242,1
465,12/9/2023,12/1/2023,12/18/2023,413,405,422,1
465,6/18/2024,6/12/2024,6/25/2024,605,599,612,1
465,11/20/2024,11/4/2024,12/7/2024,760,744,777,1
465,7/8/2025,7/4/2025,7/12/2025,990,986,994,1
467,12/1/2022,11/27/2022,12/5/2022,40,36,44,1
467,6/19/2023,6/12/2023,6/26/2023,240,233,247,1
467,12/2/2023,11/22/2023,12/12/2023,406,396,416,1
467,5/22/2024,5/14/2024,5/30/2024,578,570,586,1
467,10/1/2024,9/28/2024,10/4/2024,710,707,713,1
467,7/16/2025,7/13/2025,7/18/2025,998,995,1000,1
467,9/24/2025,9/22/2025,9/26/2025,1068,1066,1070,1
470,11/20/2022,11/11/2022,11/29/2022,29,20,38,1
470,7/4/2023,6/25/2023,7/13/2023,255,246,264,1
470,11/14/2023,11/7/2023,11/22/2023,388,381,396,1
470,5/22/2024,5/13/2024,5/30/2024,578,569,586,1
470,11/28/2024,11/19/2024,12/7/2024,768,759,777,1
470,6/18/2025,6/14/2025,6/21/2025,970,966,973,1
471,12/6/2022,11/29/2022,12/12/2022,45,38,51,1
471,6/27/2023,6/19/2023,7/5/2023,248,240,256,1
471,10/26/2023,10/18/2023,11/3/2023,369,361,377,1
471,6/4/2024,5/27/2024,6/11/2024,591,583,598,1
471,9/30/2024,9/27/2024,10/4/2024,709,706,713,1
471,7/15/2025,7/12/2025,7/19/2025,997,994,1001,1
471,1/30/2026,1/22/2026,2/7/2026,1196,1188,1204,1
474,6/6/2023,5/23/2023,6/19/2023,227,213,240,1
474,10/8/2023,10/5/2023,10/12/2023,351,348,355,1
474,5/21/2024,5/14/2024,5/29/2024,577,570,585,1
474,2/8/2025,1/14/2025,3/5/2025,840,815,865,1
474,7/23/2025,7/21/2025,7/25/2025,1005,1003,1007,1
474,10/28/2025,10/23/2025,11/3/2025,1102,1097,1108,1
475,11/17/2022,11/9/2022,11/25/2022,26,18,34,1
475,5/29/2023,5/21/2023,6/6/2023,219,211,227,1
475,6/13/2024,6/8/2024,6/18/2024,600,595,605,1
475,11/25/2024,11/20/2024,12/1/2024,765,760,771,1
475,11/11/2025,11/7/2025,11/16/2025,1116,1112,1121,1
477,12/8/2022,12/2/2022,12/14/2022,47,41,53,1
477,7/26/2023,7/24/2023,7/28/2023,277,275,279,1
477,12/2/2023,11/19/2023,12/15/2023,406,393,419,1
477,6/11/2024,6/2/2024,6/20/2024,598,589,607,1
477,9/26/2024,9/23/2024,9/29/2024,705,702,708,1
477,6/11/2025,6/2/2025,6/20/2025,963,954,972,1
478,6/6/2023,5/31/2023,6/12/2023,227,221,233,1
478,10/8/2023,10/2/2023,10/14/2023,351,345,357,1
478,6/19/2024,6/13/2024,6/24/2024,606,600,611,1
478,12/2/2024,11/23/2024,12/11/2024,772,763,781,1
478,7/15/2025,7/9/2025,7/22/2025,997,991,1004,1
478,11/11/2025,11/6/2025,11/16/2025,1116,1111,1121,1
479,12/13/2022,12/11/2022,12/16/2022,52,50,55,1
479,7/11/2023,7/7/2023,7/15/2023,262,258,266,1
479,11/27/2023,11/17/2023,12/7/2023,401,391,411,1
479,6/26/2024,6/18/2024,7/4/2024,613,605,621,1
479,11/20/2024,11/14/2024,11/26/2024,760,754,766,1
479,7/3/2025,6/27/2025,7/9/2025,985,979,991,1
479,12/5/2025,11/25/2025,12/14/2025,1140,1130,1149,1
48,12/1/2022,11/28/2022,12/4/2022,40,37,43,1
48,7/27/2023,7/24/2023,7/30/2023,278,275,281,1
48,10/30/2023,10/27/2023,11/3/2023,373,370,377,1
48,6/26/2024,6/21/2024,6/30/2024,613,608,617,1
48,11/28/2024,11/22/2024,12/4/2024,768,762,774,1
48,6/24/2025,6/19/2025,6/29/2025,976,971,981,1
48,12/2/2025,11/23/2025,12/11/2025,1137,1128,1146,1
481,6/28/2023,6/19/2023,7/6/2023,249,240,257,1
481,10/5/2023,10/2/2023,10/7/2023,348,345,350,1
481,5/15/2024,5/5/2024,5/24/2024,571,561,580,1
481,10/7/2024,10/4/2024,10/9/2024,716,713,718,1
481,6/22/2025,6/14/2025,7/1/2025,974,966,983,1
481,10/30/2025,10/26/2025,11/3/2025,1104,1100,1108,1
482,11/17/2022,11/8/2022,11/27/2022,26,17,36,1
482,7/5/2023,6/27/2023,7/13/2023,256,248,264,1
482,10/4/2023,9/29/2023,10/8/2023,347,342,351,1
482,1/30/2024,1/27/2024,2/2/2024,465,462,468,1
482,5/28/2024,5/20/2024,6/5/2024,584,576,592,1
482,9/23/2024,9/17/2024,9/29/2024,702,696,708,1
482,7/8/2025,7/4/2025,7/13/2025,990,986,995,1
482,10/13/2025,10/10/2025,10/17/2025,1087,1084,1091,1
484,11/30/2022,11/26/2022,12/4/2022,39,35,43,1
484,6/28/2023,6/18/2023,7/7/2023,249,239,258,1
484,11/30/2023,11/21/2023,12/9/2023,404,395,413,1
484,6/20/2024,6/15/2024,6/26/2024,607,602,613,1
484,1/11/2025,12/20/2024,2/2/2025,812,790,834,1
484,6/13/2025,6/6/2025,6/20/2025,965,958,972,1
484,9/18/2025,9/15/2025,9/20/2025,1062,1059,1064,1
485,11/15/2022,11/6/2022,11/24/2022,24,15,33,1
485,6/21/2023,6/14/2023,6/27/2023,242,235,248,1
485,11/8/2023,11/1/2023,11/15/2023,382,375,389,1
485,5/29/2024,5/23/2024,6/3/2024,585,579,590,1
485,11/27/2024,11/22/2024,12/3/2024,767,762,773,1
485,6/25/2025,6/20/2025,6/30/2025,977,972,982,1
485,11/28/2025,11/11/2025,12/14/2025,1133,1116,1149,1
487,11/23/2022,11/17/2022,11/28/2022,32,26,37,1
487,6/18/2023,6/6/2023,6/30/2023,239,227,251,1
487,1/18/2024,1/15/2024,1/21/2024,453,450,456,1
487,6/11/2024,6/3/2024,6/18/2024,598,590,605,1
487,10/8/2024,10/5/2024,10/10/2024,717,714,719,1
487,6/25/2025,6/18/2025,7/2/2025,977,970,984,1
487,10/29/2025,10/24/2025,11/3/2025,1103,1098,1108,1
488,12/1/2022,11/28/2022,12/4/2022,40,37,43,1
488,2/28/2023,2/23/2023,3/5/2023,129,124,134,1
488,7/5/2023,7/1/2023,7/8/2023,256,252,259,1
488,1/19/2024,1/14/2024,1/24/2024,454,449,459,1
488,4/30/2024,4/21/2024,5/9/2024,556,547,565,1
488,11/13/2024,11/3/2024,11/23/2024,753,743,763,1
488,7/1/2025,6/22/2025,7/9/2025,983,974,991,1
488,10/30/2025,10/23/2025,11/6/2025,1104,1097,1111,1
489,11/14/2022,11/2/2022,11/27/2022,23,11,36,1
489,6/28/2023,6/23/2023,7/3/2023,249,244,254,1
489,12/3/2023,11/23/2023,12/13/2023,407,397,417,1
489,6/4/2024,5/28/2024,6/10/2024,591,584,597,1
489,1/3/2025,12/24/2024,1/12/2025,804,794,813,1
489,7/14/2025,7/10/2025,7/18/2025,996,992,1000,1
49,11/22/2022,11/18/2022,11/26/2022,31,27,35,1
49,7/9/2023,6/28/2023,7/20/2023,260,249,271,1
49,10/31/2023,10/27/2023,11/4/2023,374,370,378,1
49,5/15/2024,5/7/2024,5/23/2024,571,563,579,1
49,10/31/2024,10/27/2024,11/4/2024,740,736,744,1
49,6/11/2025,5/31/2025,6/22/2025,963,952,974,1
490,6/7/2023,6/1/2023,6/14/2023,228,222,235,1
490,7/31/2024,7/26/2024,8/5/2024,648,643,653,1
490,5/31/2025,5/25/2025,6/5/2025,952,946,957,1
490,12/18/2025,12/11/2025,12/26/2025,1153,1146,1161,1
491,7/27/2023,7/25/2023,7/30/2023,278,276,281,1
491,10/10/2023,10/8/2023,10/12/2023,353,351,355,1
491,6/5/2024,5/29/2024,6/12/2024,592,585,599,1
491,11/5/2024,10/28/2024,11/12/2024,745,737,752,1
491,7/21/2025,7/16/2025,7/27/2025,1003,998,1009,1
491,10/28/2025,10/23/2025,11/1/2025,1102,1097,1106,1
492,11/17/2022,11/9/2022,11/26/2022,26,18,35,1
492,7/19/2023,7/12/2023,7/26/2023,270,263,277,1
492,11/23/2023,11/13/2023,12/4/2023,397,387,408,1
492,6/6/2024,6/2/2024,6/11/2024,593,589,598,1
492,11/27/2024,11/19/2024,12/4/2024,767,759,774,1
492,5/20/2025,5/12/2025,5/27/2025,941,933,948,1
492,10/28/2025,10/24/2025,10/31/2025,1102,1098,1105,1
495,11/27/2022,11/21/2022,12/2/2022,36,30,41,1
495,6/8/2023,5/30/2023,6/16/2023,229,220,237,1
495,12/3/2023,11/27/2023,12/9/2023,407,401,413,1
495,5/8/2024,5/2/2024,5/14/2024,564,558,570,1
495,1/23/2025,1/4/2025,2/10/2025,824,805,842,1
495,6/30/2025,6/25/2025,7/6/2025,982,977,988,1
498,7/7/2023,6/28/2023,7/16/2023,258,249,267,1
498,10/24/2023,10/19/2023,10/30/2023,367,362,373,1
498,6/27/2024,6/22/2024,7/1/2024,614,609,618,1
498,11/22/2024,11/9/2024,12/6/2024,762,749,776,1
498,6/11/2025,6/5/2025,6/18/2025,963,957,970,1
498,10/29/2025,10/25/2025,11/2/2025,1103,1099,1107,1
5,11/30/2022,11/26/2022,12/5/2022,39,35,44,1
5,7/12/2023,7/9/2023,7/15/2023,263,260,266,1
5,11/8/2023,11/3/2023,11/13/2023,382,377,387,1
5,6/24/2024,6/18/2024,7/1/2024,611,605,618,1
5,10/16/2024,10/11/2024,10/21/2024,725,720,730,1
5,7/1/2025,6/23/2025,7/8/2025,983,975,990,1
5,11/25/2025,11/17/2025,12/3/2025,1130,1122,1138,1
50,11/23/2022,11/20/2022,11/26/2022,32,29,35,1
50,7/12/2023,6/21/2023,8/1/2023,263,242,283,1
50,6/26/2024,6/19/2024,7/4/2024,613,606,621,1
50,10/21/2024,10/18/2024,10/24/2024,730,727,733,1
50,7/3/2025,6/24/2025,7/12/2025,985,976,994,1
50,11/13/2025,11/8/2025,11/18/2025,1118,1113,1123,1
500,11/29/2022,11/22/2022,12/5/2022,38,31,44,1
500,7/25/2023,7/18/2023,7/31/2023,276,269,282,1
500,11/15/2023,11/5/2023,11/25/2023,389,379,399,1
500,5/21/2024,5/14/2024,5/27/2024,577,570,583,1
500,9/26/2024,9/24/2024,9/29/2024,705,703,708,1
500,7/8/2025,7/3/2025,7/13/2025,990,985,995,1
500,10/7/2025,10/2/2025,10/11/2025,1081,1076,1085,1
501,11/21/2022,11/12/2022,11/29/2022,30,21,38,1
501,5/31/2023,5/22/2023,6/8/2023,221,212,229,1
501,11/15/2023,10/30/2023,12/1/2023,389,373,405,1
501,6/7/2024,6/3/2024,6/11/2024,594,590,598,1
501,11/24/2024,11/15/2024,12/2/2024,764,755,772,1
501,7/1/2025,6/25/2025,7/7/2025,983,977,989,1
502,11/23/2022,11/20/2022,11/27/2022,32,29,36,1
502,7/17/2023,7/12/2023,7/21/2023,268,263,272,1
502,10/31/2023,10/25/2023,11/6/2023,374,368,380,1
502,7/1/2024,6/27/2024,7/5/2024,618,614,622,1
502,11/28/2024,11/21/2024,12/5/2024,768,761,775,1
502,6/11/2025,6/1/2025,6/22/2025,963,953,974,1
503,11/9/2022,10/22/2022,11/26/2022,18,0,35,1
503,7/18/2023,7/13/2023,7/23/2023,269,264,274,1
503,10/17/2023,10/15/2023,10/20/2023,360,358,363,1
503,6/17/2024,6/11/2024,6/23/2024,604,598,610,1
503,1/8/2025,12/28/2024,1/19/2025,809,798,820,1
503,7/1/2025,6/24/2025,7/9/2025,983,976,991,1
503,10/28/2025,10/25/2025,11/1/2025,1102,1099,1106,1
504,11/29/2022,11/25/2022,12/3/2022,38,34,42,1
504,6/26/2023,6/12/2023,7/10/2023,247,233,261,1
504,11/9/2023,11/3/2023,11/15/2023,383,377,389,1
504,6/10/2024,6/4/2024,6/16/2024,597,591,603,1
504,9/19/2024,9/15/2024,9/23/2024,698,694,702,1
504,2/12/2025,2/8/2025,2/16/2025,844,840,848,1
504,7/15/2025,7/12/2025,7/19/2025,997,994,1001,1
504,9/24/2025,9/21/2025,9/27/2025,1068,1065,1071,1
505,12/7/2022,12/5/2022,12/9/2022,46,44,48,1
505,7/6/2023,7/1/2023,7/10/2023,257,252,261,1
505,12/1/2023,11/15/2023,12/17/2023,405,389,421,1
505,5/10/2024,5/1/2024,5/19/2024,566,557,575,1
505,12/17/2024,12/9/2024,12/24/2024,787,779,794,1
505,7/9/2025,7/2/2025,7/15/2025,991,984,997,1
506,11/11/2022,10/21/2022,12/1/2022,20,-1,40,1
506,7/24/2023,7/17/2023,7/31/2023,275,268,282,1
506,12/6/2023,11/25/2023,12/17/2023,410,399,421,1
506,5/20/2024,5/14/2024,5/25/2024,576,570,581,1
506,10/14/2024,10/11/2024,10/18/2024,723,720,727,1
506,6/26/2025,6/23/2025,6/30/2025,978,975,982,1
507,11/21/2022,11/13/2022,11/29/2022,30,22,38,1
507,7/18/2023,7/13/2023,7/23/2023,269,264,274,1
507,11/12/2023,11/2/2023,11/22/2023,386,376,396,1
507,5/29/2024,5/21/2024,6/6/2024,585,577,593,1
507,1/30/2025,1/26/2025,2/3/2025,831,827,835,1
507,7/1/2025,6/25/2025,7/8/2025,983,977,990,1
507,12/17/2025,12/8/2025,12/25/2025,1152,1143,1160,1
508,6/8/2023,6/1/2023,6/16/2023,229,222,237,1
508,10/1/2023,9/29/2023,10/3/2023,344,342,346,1
508,5/14/2024,5/7/2024,5/21/2024,570,563,577,1
508,10/3/2024,9/28/2024,10/7/2024,712,707,716,1
508,10/30/2025,10/22/2025,11/8/2025,1104,1096,1113,1
509,7/6/2023,6/30/2023,7/11/2023,257,251,262,1
509,11/30/2023,11/24/2023,12/6/2023,404,398,410,1
509,6/12/2024,6/8/2024,6/16/2024,599,595,603,1
509,2/21/2025,2/6/2025,3/9/2025,853,838,869,1
509,6/9/2025,6/4/2025,6/14/2025,961,956,966,1
51,11/24/2022,11/19/2022,11/28/2022,33,28,37,1
51,7/5/2023,6/28/2023,7/11/2023,256,249,262,1
51,10/9/2023,10/6/2023,10/12/2023,352,349,355,1
51,7/8/2024,7/4/2024,7/13/2024,625,621,630,1
51,10/26/2024,10/18/2024,11/3/2024,735,727,743,1
51,7/16/2025,7/11/2025,7/20/2025,998,993,1002,1
51,11/4/2025,10/30/2025,11/9/2025,1109,1104,1114,1
510,11/28/2022,11/22/2022,12/3/2022,37,31,42,1
510,7/4/2023,6/28/2023,7/9/2023,255,249,260,1
510,12/6/2023,12/1/2023,12/11/2023,410,405,415,1
510,5/30/2024,5/24/2024,6/5/2024,586,580,592,1
510,7/7/2025,7/5/2025,7/10/2025,989,987,992,1
511,11/25/2022,11/18/2022,12/1/2022,34,27,40,1
511,7/12/2023,7/6/2023,7/18/2023,263,257,269,1
511,11/27/2023,11/19/2023,12/5/2023,401,393,409,1
511,7/4/2024,7/1/2024,7/6/2024,621,618,623,1
511,12/4/2024,11/26/2024,12/11/2024,774,766,781,1
511,7/10/2025,7/7/2025,7/14/2025,992,989,996,1
512,10/19/2023,10/16/2023,10/22/2023,362,359,365,1
512,6/19/2024,6/13/2024,6/26/2024,606,600,613,1
512,6/26/2025,6/21/2025,6/30/2025,978,973,982,1
513,11/23/2022,11/16/2022,12/1/2022,32,25,40,1
513,7/5/2023,7/1/2023,7/10/2023,256,252,261,1
513,11/17/2023,11/2/2023,12/1/2023,391,376,405,1
513,6/4/2024,5/28/2024,6/10/2024,591,584,597,1
513,6/12/2025,5/29/2025,6/27/2025,964,950,979,1
516,11/17/2022,11/9/2022,11/26/2022,26,18,35,1
516,7/6/2023,7/2/2023,7/10/2023,257,253,261,1
516,1/1/2024,12/21/2023,1/11/2024,436,425,446,1
516,6/10/2024,6/7/2024,6/12/2024,597,594,599,1
516,9/19/2024,9/17/2024,9/20/2024,698,696,699,1
516,7/24/2025,7/19/2025,7/29/2025,1006,1001,1011,1
517,11/29/2022,11/24/2022,12/3/2022,38,33,42,1
517,6/14/2023,6/2/2023,6/26/2023,235,223,247,1
517,12/5/2023,11/26/2023,12/13/2023,409,400,417,1
517,5/29/2024,5/20/2024,6/6/2024,585,576,593,1
517,12/24/2024,12/16/2024,1/1/2025,794,786,802,1
517,7/8/2025,7/4/2025,7/12/2025,990,986,994,1
518,7/12/2023,7/5/2023,7/18/2023,263,256,269,1
518,11/20/2023,11/13/2023,11/27/2023,394,387,401,1
518,6/25/2024,6/20/2024,7/1/2024,612,607,618,1
518,10/8/2024,10/6/2024,10/11/2024,717,715,720,1
518,5/6/2025,4/29/2025,5/12/2025,927,920,933,1
520,11/28/2022,11/23/2022,12/3/2022,37,32,42,1
520,7/20/2023,7/16/2023,7/23/2023,271,267,274,1
520,10/31/2023,10/25/2023,11/5/2023,374,368,379,1
520,6/4/2024,5/27/2024,6/12/2024,591,583,599,1
520,7/9/2025,7/5/2025,7/13/2025,991,987,995,1
523,12/1/2022,11/25/2022,12/7/2022,40,34,46,1
523,7/3/2023,6/24/2023,7/11/2023,254,245,262,1
523,9/28/2023,9/24/2023,10/2/2023,341,337,345,1
523,6/13/2024,6/9/2024,6/17/2024,600,596,604,1
523,10/8/2024,10/5/2024,10/11/2024,717,714,720,1
523,6/25/2025,6/18/2025,7/3/2025,977,970,985,1
523,12/24/2025,12/17/2025,12/31/2025,1159,1152,1166,1
525,6/28/2023,6/22/2023,7/4/2023,249,243,255,1
525,12/27/2023,12/20/2023,1/2/2024,431,424,437,1
525,5/29/2024,5/22/2024,6/6/2024,585,578,593,1
525,12/25/2024,12/20/2024,12/29/2024,795,790,799,1
525,7/14/2025,7/11/2025,7/18/2025,996,993,1000,1
526,11/14/2022,11/3/2022,11/24/2022,23,12,33,1
526,10/31/2023,10/27/2023,11/3/2023,374,370,377,1
526,6/19/2024,6/13/2024,6/24/2024,606,600,611,1
526,11/4/2024,11/1/2024,11/7/2024,744,741,747,1
528,6/5/2024,5/31/2024,6/11/2024,592,587,598,1
528,2/4/2025,2/2/2025,2/6/2025,836,834,838,1
528,7/24/2025,7/19/2025,7/29/2025,1006,1001,1011,1
528,1/5/2026,12/29/2025,1/11/2026,1171,1164,1177,1
53,11/21/2022,11/13/2022,11/28/2022,30,22,37,1
53,7/4/2023,6/29/2023,7/9/2023,255,250,260,1
53,10/25/2023,10/21/2023,10/30/2023,368,364,373,1
53,6/19/2024,6/13/2024,6/25/2024,606,600,612,1
53,11/25/2024,11/22/2024,11/29/2024,765,762,769,1
53,6/23/2025,6/15/2025,7/1/2025,975,967,983,1
53,11/26/2025,11/20/2025,12/2/2025,1131,1125,1137,1
530,11/14/2022,11/11/2022,11/17/2022,23,20,26,1
530,6/21/2023,6/17/2023,6/24/2023,242,238,245,1
530,11/28/2023,11/22/2023,12/4/2023,402,396,408,1
530,6/13/2024,6/8/2024,6/17/2024,600,595,604,1
530,12/8/2024,11/30/2024,12/16/2024,778,770,786,1
530,6/11/2025,6/6/2025,6/17/2025,963,958,969,1
531,7/26/2023,7/23/2023,7/29/2023,277,274,280,1
531,10/16/2023,10/13/2023,10/19/2023,359,356,362,1
531,4/16/2024,4/7/2024,4/25/2024,542,533,551,1
531,4/19/2025,4/1/2025,5/7/2025,910,892,928,1
531,7/23/2025,7/19/2025,7/28/2025,1005,1001,1010,1
532,11/23/2022,11/19/2022,11/27/2022,32,28,36,1
532,6/28/2023,6/22/2023,7/4/2023,249,243,255,1
532,11/29/2023,11/20/2023,12/9/2023,403,394,413,1
532,5/7/2024,4/29/2024,5/15/2024,563,555,571,1
532,6/26/2025,6/22/2025,6/30/2025,978,974,982,1
533,11/21/2022,11/6/2022,12/5/2022,30,15,44,1
533,6/28/2023,6/25/2023,6/30/2023,249,246,251,1
533,11/1/2023,10/22/2023,11/10/2023,375,365,384,1
533,6/20/2024,6/11/2024,6/28/2024,607,598,615,1
533,1/13/2025,1/7/2025,1/19/2025,814,808,820,1
533,7/21/2025,7/16/2025,7/25/2025,1003,998,1007,1
533,10/9/2025,10/6/2025,10/11/2025,1083,1080,1085,1
536,11/17/2022,11/9/2022,11/26/2022,26,18,35,1
536,7/13/2023,7/9/2023,7/17/2023,264,260,268,1
536,10/17/2023,10/12/2023,10/21/2023,360,355,364,1
536,5/21/2024,5/16/2024,5/27/2024,577,572,583,1
536,5/7/2025,5/1/2025,5/14/2025,928,922,935,1
536,12/16/2025,12/11/2025,12/21/2025,1151,1146,1156,1
538,11/21/2022,11/14/2022,11/29/2022,30,23,38,1
538,3/8/2023,2/25/2023,3/20/2023,137,126,149,1
538,7/13/2023,7/8/2023,7/17/2023,264,259,268,1
538,11/21/2023,11/13/2023,11/30/2023,395,387,404,1
538,6/5/2024,5/30/2024,6/11/2024,592,586,598,1
538,7/31/2025,7/29/2025,8/2/2025,1013,1011,1015,1
54,11/23/2022,11/20/2022,11/25/2022,32,29,34,1
54,8/6/2023,7/30/2023,8/13/2023,288,281,295,1
54,10/23/2023,10/18/2023,10/27/2023,366,361,370,1
54,6/27/2024,6/19/2024,7/4/2024,614,606,621,1
54,11/12/2024,11/6/2024,11/18/2024,752,746,758,1
54,8/19/2025,8/14/2025,8/23/2025,1032,1027,1036,1
54,11/4/2025,10/30/2025,11/8/2025,1109,1104,1113,1
540,6/19/2023,6/10/2023,6/29/2023,240,231,250,1
540,5/26/2024,5/16/2024,6/6/2024,582,572,593,1
540,10/20/2024,10/18/2024,10/21/2024,729,727,730,1
540,8/12/2025,8/4/2025,8/20/2025,1025,1017,1033,1
540,11/5/2025,10/31/2025,11/9/2025,1110,1105,1114,1
542,1/22/2023,1/20/2023,1/25/2023,92,90,95,1
542,11/8/2023,10/31/2023,11/16/2023,382,374,390,1
542,6/25/2024,6/18/2024,7/2/2024,612,605,619,1
542,12/2/2024,11/27/2024,12/8/2024,772,767,778,1
542,6/18/2025,6/8/2025,6/27/2025,970,960,979,1
542,11/4/2025,10/30/2025,11/10/2025,1109,1104,1115,1
545,1/11/2023,1/5/2023,1/16/2023,81,75,86,1
545,7/24/2023,7/12/2023,8/5/2023,275,263,287,1
545,11/16/2023,11/14/2023,11/18/2023,390,388,392,1
545,6/30/2024,6/24/2024,7/7/2024,617,611,624,1
545,11/26/2024,11/17/2024,12/6/2024,766,757,776,1
545,7/10/2025,7/4/2025,7/16/2025,992,986,998,1
545,11/11/2025,11/6/2025,11/15/2025,1116,1111,1120,1
546,11/28/2022,11/24/2022,12/2/2022,37,33,41,1
546,7/12/2023,7/5/2023,7/18/2023,263,256,269,1
546,11/7/2023,11/3/2023,11/10/2023,381,377,384,1
546,7/5/2024,7/1/2024,7/8/2024,622,618,625,1
546,11/20/2024,11/12/2024,11/28/2024,760,752,768,1
546,7/3/2025,6/29/2025,7/7/2025,985,981,989,1
546,11/24/2025,11/15/2025,12/2/2025,1129,1120,1137,1
547,12/1/2022,11/27/2022,12/5/2022,40,36,44,1
547,6/15/2023,6/8/2023,6/22/2023,236,229,243,1
547,7/11/2024,7/6/2024,7/15/2024,628,623,632,1
547,11/14/2024,10/30/2024,11/30/2024,754,739,770,1
547,7/21/2025,7/18/2025,7/25/2025,1003,1000,1007,1
547,11/11/2025,11/7/2025,11/15/2025,1116,1112,1120,1
55,11/30/2022,11/27/2022,12/3/2022,39,36,42,1
55,4/6/2023,3/30/2023,4/14/2023,166,159,174,1
55,7/26/2023,7/22/2023,7/29/2023,277,273,280,1
55,9/27/2023,9/5/2023,10/20/2023,340,318,363,1
55,1/23/2024,1/21/2024,1/26/2024,458,456,461,1
55,7/11/2024,7/6/2024,7/16/2024,628,623,633,1
55,11/25/2024,11/17/2024,12/3/2024,765,757,773,1
55,7/24/2025,7/21/2025,7/27/2025,1006,1003,1009,1
55,10/28/2025,10/22/2025,11/3/2025,1102,1096,1108,1
551,7/11/2023,6/28/2023,7/25/2023,262,249,276,1
551,10/22/2023,10/16/2023,10/27/2023,365,359,370,1
551,6/24/2024,6/15/2024,7/2/2024,611,602,619,1
551,11/19/2024,11/10/2024,11/29/2024,759,750,769,1
551,7/23/2025,7/20/2025,7/25/2025,1005,1002,1007,1
551,11/24/2025,11/17/2025,11/30/2025,1129,1122,1135,1
552,7/25/2023,7/18/2023,8/2/2023,276,269,284,1
552,7/10/2024,7/4/2024,7/15/2024,627,621,632,1
552,11/21/2024,11/18/2024,11/24/2024,761,758,764,1
552,11/9/2025,11/3/2025,11/14/2025,1114,1108,1119,1
554,1/24/2023,1/21/2023,1/27/2023,94,91,97,1
554,6/29/2023,6/22/2023,7/5/2023,250,243,256,1
554,10/17/2023,10/15/2023,10/20/2023,360,358,363,1
554,5/28/2024,5/20/2024,6/5/2024,584,576,592,1
554,11/6/2024,11/2/2024,11/10/2024,746,742,750,1
554,7/23/2025,7/20/2025,7/26/2025,1005,1002,1008,1
554,11/5/2025,10/31/2025,11/10/2025,1110,1105,1115,1
555,1/23/2023,1/20/2023,1/27/2023,93,90,97,1
555,11/4/2023,10/29/2023,11/10/2023,378,372,384,1
555,4/11/2024,4/3/2024,4/19/2024,537,529,545,1
555,6/26/2025,6/13/2025,7/10/2025,978,965,992,1
556,1/25/2023,1/23/2023,1/27/2023,95,93,97,1
556,10/30/2023,10/23/2023,11/6/2023,373,366,380,1
556,7/4/2024,6/30/2024,7/8/2024,621,617,625,1
556,10/29/2024,10/26/2024,11/2/2024,738,735,742,1
556,7/17/2025,7/11/2025,7/23/2025,999,993,1005,1
556,11/27/2025,11/23/2025,11/30/2025,1132,1128,1135,1
557,2/1/2023,1/29/2023,2/3/2023,102,99,104,1
557,8/1/2023,7/26/2023,8/6/2023,283,277,288,1
557,11/13/2023,11/10/2023,11/16/2023,387,384,390,1
557,7/1/2024,6/22/2024,7/10/2024,618,609,627,1
557,12/10/2024,12/2/2024,12/18/2024,780,772,788,1
557,8/5/2025,7/30/2025,8/10/2025,1018,1012,1023,1
557,11/24/2025,11/21/2025,11/27/2025,1129,1126,1132,1
559,7/20/2023,7/10/2023,7/31/2023,271,261,282,1
559,4/17/2024,4/12/2024,4/21/2024,543,538,547,1
559,10/13/2025,10/8/2025,10/18/2025,1087,1082,1092,1
56,11/28/2022,11/24/2022,12/1/2022,37,33,40,1
56,7/5/2023,6/28/2023,7/13/2023,256,249,264,1
56,11/20/2023,11/16/2023,11/25/2023,394,390,399,1
56,6/20/2024,6/7/2024,7/3/2024,607,594,620,1
56,11/10/2024,11/5/2024,11/16/2024,750,745,756,1
56,7/8/2025,7/4/2025,7/12/2025,990,986,994,1
56,11/20/2025,11/11/2025,11/30/2025,1125,1116,1135,1
560,1/25/2023,1/23/2023,1/27/2023,95,93,97,1
560,7/24/2023,7/20/2023,7/27/2023,275,271,278,1
560,10/31/2023,10/28/2023,11/4/2023,374,371,378,1
560,6/27/2024,6/19/2024,7/5/2024,614,606,622,1
560,11/19/2024,11/12/2024,11/25/2024,759,752,765,1
560,8/7/2025,7/31/2025,8/14/2025,1020,1013,1027,1
560,11/27/2025,11/21/2025,12/2/2025,1132,1126,1137,1
561,1/11/2023,1/8/2023,1/14/2023,81,78,84,1
561,6/21/2023,6/15/2023,6/26/2023,242,236,247,1
561,11/15/2023,11/10/2023,11/20/2023,389,384,394,1
561,6/20/2024,6/15/2024,6/25/2024,607,602,612,1
561,10/28/2024,10/24/2024,11/1/2024,737,733,741,1
561,7/21/2025,7/17/2025,7/26/2025,1003,999,1008,1
561,11/11/2025,11/7/2025,11/15/2025,1116,1112,1120,1
563,7/18/2023,7/13/2023,7/23/2023,269,264,274,1
563,11/16/2023,11/12/2023,11/20/2023,390,386,394,1
563,7/24/2024,7/19/2024,7/28/2024,641,636,645,1
563,12/16/2024,12/5/2024,12/26/2024,786,775,796,1
563,6/11/2025,6/5/2025,6/18/2025,963,957,970,1
563,11/5/2025,10/31/2025,11/9/2025,1110,1105,1114,1
564,9/12/2023,9/1/2023,9/23/2023,325,314,336,1
564,6/27/2024,6/22/2024,7/1/2024,614,609,618,1
564,10/22/2024,10/19/2024,10/25/2024,731,728,734,1
564,11/11/2025,11/1/2025,11/21/2025,1116,1106,1126,1
565,11/9/2023,10/31/2023,11/18/2023,383,374,392,1
565,6/26/2024,6/21/2024,7/1/2024,613,608,618,1
565,11/6/2024,11/2/2024,11/10/2024,746,742,750,1
565,11/24/2025,11/20/2025,11/29/2025,1129,1125,1134,1
567,8/14/2023,8/5/2023,8/23/2023,296,287,305,1
567,6/11/2024,6/5/2024,6/16/2024,598,592,603,1
567,6/26/2025,6/6/2025,7/16/2025,978,958,998,1
569,6/21/2023,6/14/2023,6/29/2023,242,235,250,1
569,5/29/2024,5/20/2024,6/7/2024,585,576,594,1
569,11/5/2024,10/31/2024,11/9/2024,745,740,749,1
569,12/4/2025,11/28/2025,12/10/2025,1139,1133,1145,1
570,1/17/2023,1/14/2023,1/19/2023,87,84,89,1
570,7/31/2023,7/23/2023,8/9/2023,282,274,291,1
570,6/26/2024,6/21/2024,7/2/2024,613,608,619,1
570,11/6/2024,11/2/2024,11/10/2024,746,742,750,1
570,7/23/2025,7/19/2025,7/27/2025,1005,1001,1009,1
570,11/12/2025,11/5/2025,11/18/2025,1117,1110,1123,1
573,8/1/2023,7/27/2023,8/6/2023,283,278,288,1
573,6/24/2024,6/19/2024,6/29/2024,611,606,616,1
573,11/25/2024,11/16/2024,12/5/2024,765,756,775,1
573,11/28/2025,11/15/2025,12/10/2025,1133,1120,1145,1
575,1/19/2023,1/16/2023,1/22/2023,89,86,92,1
575,7/19/2023,7/12/2023,7/26/2023,270,263,277,1
575,11/7/2023,10/22/2023,11/23/2023,381,365,397,1
575,6/11/2024,6/4/2024,6/17/2024,598,591,604,1
575,11/27/2024,11/22/2024,12/2/2024,767,762,772,1
575,7/29/2025,7/27/2025,7/30/2025,1011,1009,1012,1
575,11/13/2025,11/5/2025,11/20/2025,1118,1110,1125,1
576,8/7/2023,8/4/2023,8/10/2023,289,286,292,1
576,10/10/2023,10/7/2023,10/12/2023,353,350,355,1
576,6/27/2024,6/21/2024,7/4/2024,614,608,621,1
576,11/20/2024,11/16/2024,11/24/2024,760,756,764,1
576,12/5/2025,11/24/2025,12/16/2025,1140,1129,1151,1
577,1/19/2023,1/15/2023,1/22/2023,89,85,92,1
577,7/13/2023,7/7/2023,7/18/2023,264,258,269,1
577,10/18/2023,10/13/2023,10/23/2023,361,356,366,1
577,6/25/2024,6/15/2024,7/5/2024,612,602,622,1
577,11/13/2024,11/9/2024,11/16/2024,753,749,756,1
577,7/17/2025,7/12/2025,7/22/2025,999,994,1004,1
577,11/27/2025,11/22/2025,12/3/2025,1132,1127,1138,1
58,11/24/2022,11/21/2022,11/27/2022,33,30,36,1
58,6/21/2023,6/14/2023,6/28/2023,242,235,249,1
58,11/6/2023,11/1/2023,11/12/2023,380,375,386,1
58,5/7/2024,4/25/2024,5/19/2024,563,551,575,1
58,10/29/2024,10/25/2024,11/1/2024,738,734,741,1
58,7/9/2025,7/3/2025,7/15/2025,991,985,997,1
58,11/4/2025,11/1/2025,11/7/2025,1109,1106,1112,1
580,1/9/2023,1/6/2023,1/12/2023,79,76,82,1
580,8/21/2023,8/12/2023,8/31/2023,303,294,313,1
580,6/18/2024,6/14/2024,6/22/2024,605,601,609,1
583,1/24/2023,1/21/2023,1/26/2023,94,91,96,1
583,6/26/2023,6/19/2023,7/3/2023,247,240,254,1
583,10/31/2023,10/27/2023,11/3/2023,374,370,377,1
583,7/15/2024,7/11/2024,7/19/2024,632,628,636,1
583,10/28/2024,10/24/2024,11/1/2024,737,733,741,1
583,11/13/2025,11/5/2025,11/21/2025,1118,1110,1126,1
584,9/20/2023,9/15/2023,9/25/2023,333,328,338,1
584,6/5/2024,5/26/2024,6/16/2024,592,582,603,1
584,11/4/2024,11/1/2024,11/7/2024,744,741,747,1
584,12/9/2025,12/4/2025,12/15/2025,1144,1139,1150,1
585,1/26/2023,1/23/2023,1/28/2023,96,93,98,1
585,7/12/2023,7/7/2023,7/18/2023,263,258,269,1
585,6/13/2024,6/2/2024,6/24/2024,600,589,611,1
585,11/28/2024,11/22/2024,12/4/2024,768,762,774,1
585,7/24/2025,7/19/2025,7/30/2025,1006,1001,1012,1
585,12/2/2025,11/29/2025,12/5/2025,1137,1134,1140,1
587,1/3/2023,12/30/2022,1/7/2023,73,69,77,1
587,7/11/2023,7/7/2023,7/14/2023,262,258,265,1
587,10/10/2023,10/3/2023,10/17/2023,353,346,360,1
587,6/5/2024,5/28/2024,6/12/2024,592,584,599,1
587,11/7/2024,10/28/2024,11/17/2024,747,737,757,1
587,7/2/2025,6/28/2025,7/7/2025,984,980,989,1
587,12/1/2025,11/22/2025,12/10/2025,1136,1127,1145,1
588,6/20/2023,6/15/2023,6/25/2023,241,236,246,1
588,10/31/2023,10/29/2023,11/3/2023,374,372,377,1
588,7/9/2024,7/6/2024,7/13/2024,626,623,630,1
588,11/18/2024,11/15/2024,11/22/2024,758,755,762,1
588,7/10/2025,7/3/2025,7/16/2025,992,985,998,1
588,11/5/2025,10/27/2025,11/14/2025,1110,1101,1119,1
589,12/15/2022,11/21/2022,1/8/2023,54,30,78,1
589,11/24/2023,11/14/2023,12/3/2023,398,388,407,1
589,7/4/2024,6/29/2024,7/9/2024,621,616,626,1
589,11/4/2024,11/1/2024,11/7/2024,744,741,747,1
589,5/21/2025,5/18/2025,5/25/2025,942,939,946,1
589,11/13/2025,11/8/2025,11/17/2025,1118,1113,1122,1
59,11/23/2022,11/20/2022,11/27/2022,32,29,36,1
59,7/14/2023,7/5/2023,7/24/2023,265,256,275,1
59,11/2/2023,10/29/2023,11/5/2023,376,372,379,1
59,7/10/2024,7/2/2024,7/17/2024,627,619,634,1
59,10/28/2024,10/25/2024,11/1/2024,737,734,741,1
59,6/25/2025,6/16/2025,7/3/2025,977,968,985,1
59,10/17/2025,10/7/2025,10/26/2025,1091,1081,1100,1
592,12/9/2022,11/29/2022,12/19/2022,48,38,58,1
592,10/19/2023,10/13/2023,10/26/2023,362,356,369,1
592,6/4/2024,5/24/2024,6/14/2024,591,580,601,1
592,11/19/2024,11/16/2024,11/22/2024,759,756,762,1
592,7/23/2025,7/21/2025,7/26/2025,1005,1003,1008,1
592,11/5/2025,11/1/2025,11/10/2025,1110,1106,1115,1
593,1/13/2023,1/8/2023,1/17/2023,83,78,87,1
593,8/30/2023,8/21/2023,9/7/2023,312,303,320,1
593,3/19/2024,3/14/2024,3/25/2024,514,509,520,1
593,3/11/2025,2/28/2025,3/22/2025,871,860,882,1
593,11/20/2025,11/16/2025,11/24/2025,1125,1121,1129,1
596,11/20/2023,11/17/2023,11/23/2023,394,391,397,1
596,6/27/2024,6/21/2024,7/3/2024,614,608,620,1
596,11/22/2024,11/4/2024,12/11/2024,762,744,781,1
596,7/23/2025,7/16/2025,7/30/2025,1005,998,1012,1
596,11/12/2025,11/7/2025,11/17/2025,1117,1112,1122,1
598,1/24/2023,1/22/2023,1/25/2023,94,92,95,1
598,7/4/2023,6/13/2023,7/24/2023,255,234,275,1
598,7/23/2024,7/19/2024,7/27/2024,640,636,644,1
598,11/19/2024,11/16/2024,11/22/2024,759,756,762,1
598,11/25/2025,11/15/2025,12/5/2025,1130,1120,1140,1
60,12/5/2022,12/1/2022,12/9/2022,44,40,48,1
60,6/14/2023,6/6/2023,6/22/2023,235,227,243,1
60,10/26/2023,10/21/2023,10/31/2023,369,364,374,1
60,7/11/2024,7/4/2024,7/18/2024,628,621,635,1
60,10/16/2024,10/11/2024,10/21/2024,725,720,730,1
60,6/25/2025,6/17/2025,7/2/2025,977,969,984,1
60,11/5/2025,10/31/2025,11/9/2025,1110,1105,1114,1
601,8/7/2023,8/5/2023,8/10/2023,289,287,292,1
601,10/16/2023,10/13/2023,10/20/2023,359,356,363,1
601,6/30/2024,6/26/2024,7/5/2024,617,613,622,1
601,11/5/2024,10/30/2024,11/11/2024,745,739,751,1
601,7/22/2025,7/17/2025,7/27/2025,1004,999,1009,1
601,11/17/2025,11/13/2025,11/22/2025,1122,1118,1127,1
602,6/27/2023,6/15/2023,7/9/2023,248,236,260,1
602,6/4/2024,5/20/2024,6/19/2024,591,576,606,1
602,11/19/2024,11/17/2024,11/22/2024,759,757,762,1
602,12/2/2025,11/23/2025,12/11/2025,1137,1128,1146,1
603,9/15/2023,9/12/2023,9/18/2023,328,325,331,1
603,7/21/2024,7/13/2024,7/29/2024,638,630,646,1
603,11/11/2024,11/7/2024,11/15/2024,751,747,755,1
603,8/6/2025,8/3/2025,8/9/2025,1019,1016,1022,1
603,11/13/2025,11/8/2025,11/17/2025,1118,1113,1122,1
606,1/23/2023,1/21/2023,1/26/2023,93,91,96,1
606,6/29/2023,6/24/2023,7/4/2023,250,245,255,1
606,11/1/2023,10/29/2023,11/4/2023,375,372,378,1
606,6/30/2024,6/25/2024,7/6/2024,617,612,623,1
606,11/12/2024,11/8/2024,11/16/2024,752,748,756,1
606,6/24/2025,6/16/2025,7/2/2025,976,968,984,1
606,11/20/2025,11/15/2025,11/24/2025,1125,1120,1129,1
608,7/19/2023,7/16/2023,7/22/2023,270,267,273,1
608,11/7/2023,11/3/2023,11/10/2023,381,377,384,1
608,6/28/2024,6/21/2024,7/4/2024,615,608,621,1
608,11/19/2024,11/16/2024,11/22/2024,759,756,762,1
608,7/27/2025,7/21/2025,8/3/2025,1009,1003,1016,1
608,11/19/2025,11/15/2025,11/24/2025,1124,1120,1129,1
609,7/26/2023,7/18/2023,8/4/2023,277,269,286,1
609,6/19/2024,6/9/2024,6/29/2024,606,596,616,1
609,11/6/2024,11/2/2024,11/10/2024,746,742,750,1
609,10/16/2025,10/11/2025,10/21/2025,1090,1085,1095,1
61,11/23/2022,11/17/2022,11/29/2022,32,26,38,1
61,7/27/2023,7/24/2023,7/29/2023,278,275,280,1
61,11/15/2023,11/8/2023,11/21/2023,389,382,395,1
61,5/7/2024,5/1/2024,5/14/2024,563,557,570,1
61,10/17/2024,10/13/2024,10/21/2024,726,722,730,1
61,6/16/2025,6/10/2025,6/21/2025,968,962,973,1
61,11/19/2025,10/30/2025,12/8/2025,1124,1104,1143,1
611,7/16/2023,7/7/2023,7/26/2023,267,258,277,1
611,6/5/2024,5/30/2024,6/11/2024,592,586,598,1
611,6/4/2025,5/21/2025,6/18/2025,956,942,970,1
612,7/12/2023,7/6/2023,7/19/2023,263,257,270,1
612,6/26/2024,6/19/2024,7/3/2024,613,606,620,1
612,11/5/2024,10/31/2024,11/10/2024,745,740,750,1
612,7/21/2025,7/17/2025,7/25/2025,1003,999,1007,1
612,11/13/2025,11/9/2025,11/17/2025,1118,1114,1122,1
616,9/7/2023,9/1/2023,9/12/2023,320,314,325,1
616,10/23/2024,10/19/2024,10/27/2024,732,728,736,1
616,10/14/2025,10/10/2025,10/19/2025,1088,1084,1093,1
617,1/1/2023,12/27/2022,1/7/2023,71,66,77,1
617,7/27/2023,7/21/2023,8/2/2023,278,272,284,1
617,11/8/2023,11/4/2023,11/12/2023,382,378,386,1
617,7/18/2024,7/15/2024,7/21/2024,635,632,638,1
617,12/9/2024,12/2/2024,12/16/2024,779,772,786,1
617,8/5/2025,7/31/2025,8/11/2025,1018,1013,1024,1
617,12/9/2025,12/5/2025,12/12/2025,1144,1140,1147,1
618,6/5/2023,5/24/2023,6/17/2023,226,214,238,1
618,6/26/2024,6/20/2024,7/2/2024,613,607,619,1
618,6/2/2025,5/27/2025,6/9/2025,954,948,961,1
62,7/4/2023,6/26/2023,7/11/2023,255,247,262,1
62,10/17/2023,10/13/2023,10/21/2023,360,356,364,1
62,6/4/2024,5/29/2024,6/10/2024,591,585,597,1
62,10/15/2024,10/9/2024,10/20/2024,724,718,729,1
62,7/1/2025,6/21/2025,7/12/2025,983,973,994,1
62,11/20/2025,11/10/2025,11/29/2025,1125,1115,1134,1
621,7/14/2023,7/8/2023,7/19/2023,265,259,270,1
621,10/22/2023,10/15/2023,10/28/2023,365,358,371,1
621,5/22/2024,5/17/2024,5/28/2024,578,573,584,1
621,10/28/2024,10/21/2024,11/4/2024,737,730,744,1
621,7/16/2025,7/12/2025,7/20/2025,998,994,1002,1
621,10/31/2025,10/25/2025,11/5/2025,1105,1099,1110,1
622,1/30/2023,1/27/2023,2/2/2023,100,97,103,1
622,8/1/2023,7/25/2023,8/7/2023,283,276,289,1
622,7/12/2024,7/7/2024,7/17/2024,629,624,634,1
622,10/29/2024,10/25/2024,11/2/2024,738,734,742,1
622,10/11/2025,10/5/2025,10/17/2025,1085,1079,1091,1
624,6/27/2023,6/19/2023,7/5/2023,248,240,256,1
624,10/21/2023,10/12/2023,10/30/2023,364,355,373,1
624,5/22/2024,5/15/2024,5/28/2024,578,571,584,1
624,10/30/2024,10/24/2024,11/5/2024,739,733,745,1
624,5/28/2025,5/17/2025,6/8/2025,949,938,960,1
624,11/18/2025,11/13/2025,11/24/2025,1123,1118,1129,1
625,11/16/2022,11/9/2022,11/23/2022,25,18,32,1
625,10/30/2023,10/22/2023,11/8/2023,373,365,382,1
625,7/9/2024,7/5/2024,7/13/2024,626,622,630,1
625,11/28/2024,11/19/2024,12/7/2024,768,759,777,1
625,7/17/2025,7/12/2025,7/21/2025,999,994,1003,1
625,11/11/2025,11/7/2025,11/16/2025,1116,1112,1121,1
626,11/16/2022,11/12/2022,11/19/2022,25,21,28,1
626,10/24/2023,10/16/2023,11/2/2023,367,359,376,1
626,7/2/2024,6/29/2024,7/6/2024,619,616,623,1
626,12/3/2024,11/28/2024,12/9/2024,773,768,779,1
626,7/8/2025,7/3/2025,7/13/2025,990,985,995,1
626,11/17/2025,11/14/2025,11/21/2025,1122,1119,1126,1
628,7/5/2023,6/21/2023,7/18/2023,256,242,269,1
628,6/20/2024,6/14/2024,6/26/2024,607,601,613,1
628,10/14/2024,10/11/2024,10/18/2024,723,720,727,1
628,11/11/2025,11/7/2025,11/14/2025,1116,1112,1119,1
63,11/28/2022,11/22/2022,12/3/2022,37,31,42,1
63,7/24/2023,7/19/2023,7/28/2023,275,270,279,1
63,11/26/2023,11/20/2023,12/2/2023,400,394,406,1
63,6/5/2024,5/28/2024,6/13/2024,592,584,600,1
63,10/15/2024,10/9/2024,10/21/2024,724,718,730,1
63,6/11/2025,6/6/2025,6/15/2025,963,958,967,1
63,12/3/2025,11/25/2025,12/11/2025,1138,1130,1146,1
630,12/28/2022,12/26/2022,12/30/2022,67,65,69,1
630,7/27/2023,7/21/2023,8/1/2023,278,272,283,1
630,10/23/2023,10/19/2023,10/27/2023,366,362,370,1
630,7/23/2024,7/21/2024,7/26/2024,640,638,643,1
630,10/29/2024,10/24/2024,11/3/2024,738,733,743,1
630,7/28/2025,7/22/2025,8/3/2025,1010,1004,1016,1
630,11/12/2025,10/29/2025,11/25/2025,1117,1103,1130,1
631,12/27/2022,12/24/2022,12/30/2022,66,63,69,1
631,7/17/2023,7/12/2023,7/21/2023,268,263,272,1
631,10/19/2023,10/15/2023,10/22/2023,362,358,365,1
631,3/25/2024,3/19/2024,4/1/2024,520,514,527,1
631,7/30/2025,7/27/2025,8/2/2025,1012,1009,1015,1
631,11/17/2025,11/10/2025,11/23/2025,1122,1115,1128,1
633,1/25/2023,1/22/2023,1/27/2023,95,92,97,1
633,10/12/2023,10/4/2023,10/20/2023,355,347,363,1
633,6/20/2024,6/15/2024,6/26/2024,607,602,613,1
633,11/19/2024,11/15/2024,11/22/2024,759,755,762,1
633,7/23/2025,7/14/2025,7/31/2025,1005,996,1013,1
633,11/25/2025,11/20/2025,11/29/2025,1130,1125,1134,1
634,12/20/2022,12/14/2022,12/25/2022,59,53,64,1
634,8/1/2023,7/24/2023,8/9/2023,283,275,291,1
634,6/25/2024,6/19/2024,7/2/2024,612,606,619,1
634,11/7/2024,10/24/2024,11/20/2024,747,733,760,1
634,11/22/2025,11/14/2025,11/30/2025,1127,1119,1135,1
635,7/19/2023,7/12/2023,7/26/2023,270,263,277,1
635,4/9/2024,4/3/2024,4/16/2024,535,529,542,1
635,10/7/2025,10/3/2025,10/11/2025,1081,1077,1085,1
637,9/19/2023,9/9/2023,9/29/2023,332,322,342,1
637,12/5/2024,11/13/2024,12/27/2024,775,753,797,1
637,9/29/2025,9/18/2025,10/11/2025,1073,1062,1085,1
64,11/20/2022,11/14/2022,11/27/2022,29,23,36,1
64,7/20/2023,7/17/2023,7/24/2023,271,268,275,1
64,11/16/2023,11/12/2023,11/20/2023,390,386,394,1
64,6/20/2024,6/16/2024,6/24/2024,607,603,611,1
64,11/12/2024,11/7/2024,11/17/2024,752,747,757,1
64,7/16/2025,7/10/2025,7/23/2025,998,992,1005,1
64,11/11/2025,11/8/2025,11/14/2025,1116,1113,1119,1
641,2/3/2023,1/29/2023,2/8/2023,104,99,109,1
641,6/28/2023,6/23/2023,7/3/2023,249,244,254,1
641,11/7/2023,11/4/2023,11/10/2023,381,378,384,1
641,6/23/2024,6/14/2024,7/2/2024,610,601,619,1
641,11/10/2024,11/6/2024,11/14/2024,750,746,754,1
641,7/29/2025,7/26/2025,8/1/2025,1011,1008,1014,1
641,11/19/2025,11/15/2025,11/23/2025,1124,1120,1128,1
642,7/5/2023,6/20/2023,7/19/2023,256,241,270,1
642,11/1/2024,10/29/2024,11/3/2024,741,738,743,1
642,8/19/2025,8/12/2025,8/26/2025,1032,1025,1039,1
643,7/6/2023,7/2/2023,7/9/2023,257,253,260,1
643,8/14/2024,8/3/2024,8/24/2024,662,651,672,1
643,4/9/2025,4/4/2025,4/14/2025,900,895,905,1
644,8/12/2023,7/31/2023,8/24/2023,294,282,306,1
644,6/20/2024,6/9/2024,7/1/2024,607,596,618,1
644,10/29/2024,10/26/2024,11/1/2024,738,735,741,1
644,12/1/2025,11/8/2025,12/24/2025,1136,1113,1159,1
645,7/27/2023,7/23/2023,7/31/2023,278,274,282,1
645,10/31/2023,10/27/2023,11/3/2023,374,370,377,1
645,7/9/2024,7/5/2024,7/13/2024,626,622,630,1
645,11/10/2025,11/7/2025,11/14/2025,1115,1112,1119,1
646,6/28/2023,6/22/2023,7/4/2023,249,243,255,1
646,10/12/2023,10/8/2023,10/16/2023,355,351,359,1
646,5/10/2024,4/30/2024,5/19/2024,566,556,575,1
646,11/19/2024,11/8/2024,12/1/2024,759,748,771,1
646,12/6/2025,11/27/2025,12/16/2025,1141,1132,1151,1
647,8/9/2023,8/2/2023,8/15/2023,291,284,297,1
647,6/19/2024,6/14/2024,6/23/2024,606,601,610,1
647,10/23/2024,10/20/2024,10/26/2024,732,729,735,1
647,9/6/2025,8/25/2025,9/18/2025,1050,1038,1062,1
649,11/22/2022,11/13/2022,12/2/2022,31,22,41,1
649,7/20/2023,7/16/2023,7/24/2023,271,267,275,1
649,10/19/2023,10/15/2023,10/23/2023,362,358,366,1
649,7/17/2024,7/15/2024,7/20/2024,634,632,637,1
649,10/8/2024,10/6/2024,10/11/2024,717,715,720,1
649,8/5/2025,7/30/2025,8/11/2025,1018,1012,1024,1
649,11/12/2025,11/8/2025,11/16/2025,1117,1113,1121,1
65,1/27/2023,1/19/2023,2/3/2023,97,89,104,1
65,6/11/2023,6/4/2023,6/18/2023,232,225,239,1
65,10/31/2023,10/27/2023,11/3/2023,374,370,377,1
65,5/14/2024,5/4/2024,5/24/2024,570,560,580,1
65,12/2/2024,11/23/2024,12/11/2024,772,763,781,1
65,7/7/2025,6/27/2025,7/17/2025,989,979,999,1
65,11/5/2025,10/31/2025,11/9/2025,1110,1105,1114,1
650,1/18/2023,1/15/2023,1/21/2023,88,85,91,1
650,11/1/2023,10/21/2023,11/13/2023,375,364,387,1
650,7/9/2024,7/4/2024,7/15/2024,626,621,632,1
650,11/11/2024,11/4/2024,11/18/2024,751,744,758,1
650,7/24/2025,7/20/2025,7/28/2025,1006,1002,1010,1
650,10/21/2025,10/18/2025,10/25/2025,1095,1092,1099,1
651,7/12/2023,7/1/2023,7/22/2023,263,252,273,1
651,7/4/2024,6/28/2024,7/9/2024,621,615,626,1
651,11/6/2024,11/2/2024,11/11/2024,746,742,751,1
659,8/30/2023,8/20/2023,9/10/2023,312,302,323,1
659,5/29/2024,5/23/2024,6/4/2024,585,579,591,1
659,11/11/2024,11/1/2024,11/21/2024,751,741,761,1
659,11/30/2025,11/24/2025,12/6/2025,1135,1129,1141,1
66,11/21/2022,11/17/2022,11/26/2022,30,26,35,1
66,7/19/2023,7/16/2023,7/22/2023,270,267,273,1
66,11/21/2023,11/16/2023,11/27/2023,395,390,401,1
66,6/13/2024,6/7/2024,6/18/2024,600,594,605,1
66,10/31/2024,10/26/2024,11/4/2024,740,735,744,1
66,7/1/2025,6/24/2025,7/9/2025,983,976,991,1
66,11/20/2025,11/13/2025,11/26/2025,1125,1118,1131,1
660,7/26/2023,7/9/2023,8/11/2023,277,260,293,1
660,7/17/2024,7/13/2024,7/20/2024,634,630,637,1
660,12/18/2024,12/12/2024,12/23/2024,788,782,793,1
660,6/26/2025,6/21/2025,7/1/2025,978,973,983,1
660,11/13/2025,11/9/2025,11/16/2025,1118,1114,1121,1
661,6/28/2023,6/15/2023,7/10/2023,249,236,261,1
661,6/20/2024,6/16/2024,6/24/2024,607,603,611,1
661,11/12/2024,11/9/2024,11/15/2024,752,749,755,1
661,12/11/2025,12/9/2025,12/14/2025,1146,1144,1149,1
662,10/25/2023,10/20/2023,10/29/2023,368,363,372,1
662,7/17/2024,7/10/2024,7/23/2024,634,627,640,1
662,12/1/2024,11/18/2024,12/15/2024,771,758,785,1
662,5/13/2025,5/4/2025,5/22/2025,934,925,943,1
665,7/20/2023,7/16/2023,7/24/2023,271,267,275,1
665,11/2/2023,10/28/2023,11/7/2023,376,371,381,1
665,6/25/2024,6/19/2024,7/1/2024,612,606,618,1
665,11/26/2024,11/23/2024,11/30/2024,766,763,770,1
665,7/22/2025,7/17/2025,7/27/2025,1004,999,1009,1
665,11/11/2025,11/7/2025,11/15/2025,1116,1112,1120,1
67,8/9/2023,8/1/2023,8/17/2023,291,283,299,1
67,7/17/2024,7/14/2024,7/20/2024,634,631,637,1
67,10/23/2025,10/19/2025,10/27/2025,1097,1093,1101,1
671,11/20/2022,11/13/2022,11/28/2022,29,22,37,1
671,6/20/2023,6/9/2023,6/30/2023,241,230,251,1
671,10/11/2023,10/8/2023,10/15/2023,354,351,358,1
671,6/26/2024,6/19/2024,7/2/2024,613,606,619,1
671,10/21/2024,10/18/2024,10/25/2024,730,727,734,1
671,7/29/2025,7/26/2025,8/1/2025,1011,1008,1014,1
671,12/1/2025,11/28/2025,12/5/2025,1136,1133,1140,1
672,1/4/2023,1/1/2023,1/8/2023,74,71,78,1
672,11/9/2023,11/2/2023,11/15/2023,383,376,389,1
672,6/5/2024,5/28/2024,6/13/2024,592,584,600,1
672,11/6/2024,11/2/2024,11/10/2024,746,742,750,1
672,11/25/2025,11/15/2025,12/5/2025,1130,1120,1140,1
674,1/19/2023,1/16/2023,1/23/2023,89,86,93,1
674,6/27/2023,6/16/2023,7/7/2023,248,237,258,1
674,5/30/2024,5/24/2024,6/5/2024,586,580,592,1
674,11/13/2024,11/3/2024,11/22/2024,753,743,762,1
674,7/16/2025,7/12/2025,7/20/2025,998,994,1002,1
675,6/29/2023,6/6/2023,7/21/2023,250,227,272,1
675,5/30/2024,5/23/2024,6/5/2024,586,579,592,1
675,11/7/2024,11/4/2024,11/10/2024,747,744,750,1
675,12/3/2025,11/30/2025,12/6/2025,1138,1135,1141,1
679,12/5/2022,11/25/2022,12/15/2022,44,34,54,1
679,7/18/2023,7/10/2023,7/26/2023,269,261,277,1
679,11/16/2023,11/10/2023,11/21/2023,390,384,395,1
679,6/26/2024,6/13/2024,7/9/2024,613,600,626,1
679,11/5/2024,10/31/2024,11/9/2024,745,740,749,1
679,7/2/2025,6/25/2025,7/9/2025,984,977,991,1
679,11/19/2025,11/11/2025,11/27/2025,1124,1116,1132,1
68,11/28/2022,11/21/2022,12/4/2022,37,30,43,1
68,7/21/2023,7/18/2023,7/24/2023,272,269,275,1
68,11/13/2023,11/10/2023,11/17/2023,387,384,391,1
68,6/5/2024,5/25/2024,6/17/2024,592,581,604,1
68,11/7/2024,11/2/2024,11/11/2024,747,742,751,1
68,7/29/2025,7/25/2025,8/2/2025,1011,1007,1015,1
68,10/28/2025,10/25/2025,10/31/2025,1102,1099,1105,1
686,7/13/2023,7/8/2023,7/18/2023,264,259,269,1
686,11/13/2023,11/9/2023,11/17/2023,387,383,391,1
686,7/2/2024,6/26/2024,7/8/2024,619,613,625,1
686,10/23/2024,10/21/2024,10/26/2024,732,730,735,1
686,6/25/2025,6/20/2025,6/30/2025,977,972,982,1
686,12/3/2025,11/29/2025,12/7/2025,1138,1134,1142,1
688,1/17/2023,1/15/2023,1/19/2023,87,85,89,1
688,7/14/2023,6/24/2023,8/3/2023,265,245,285,1
688,5/1/2024,4/26/2024,5/5/2024,557,552,561,1
688,10/29/2024,10/25/2024,11/2/2024,738,734,742,1
688,6/12/2025,6/2/2025,6/21/2025,964,954,973,1
688,11/10/2025,11/1/2025,11/19/2025,1115,1106,1124,1
689,7/11/2023,7/6/2023,7/15/2023,262,257,266,1
689,11/22/2023,11/17/2023,11/28/2023,396,391,402,1
689,4/23/2024,4/17/2024,4/28/2024,549,543,554,1
689,7/2/2025,6/28/2025,7/6/2025,984,980,988,1
69,11/20/2022,11/13/2022,11/28/2022,29,22,37,1
69,7/25/2023,7/22/2023,7/29/2023,276,273,280,1
69,11/11/2023,11/2/2023,11/19/2023,385,376,393,1
69,6/5/2024,5/31/2024,6/11/2024,592,587,598,1
69,10/22/2024,10/18/2024,10/27/2024,731,727,736,1
69,6/26/2025,6/21/2025,7/1/2025,978,973,983,1
691,1/19/2023,1/16/2023,1/22/2023,89,86,92,1
691,6/19/2023,6/11/2023,6/27/2023,240,232,248,1
691,7/18/2024,7/13/2024,7/23/2024,635,630,640,1
691,11/29/2025,11/7/2025,12/21/2025,1134,1112,1156,1
692,7/6/2023,6/28/2023,7/13/2023,257,249,264,1
692,5/21/2024,5/16/2024,5/26/2024,577,572,582,1
692,11/19/2025,11/14/2025,11/23/2025,1124,1119,1128,1
693,1/16/2023,1/13/2023,1/20/2023,86,83,90,1
693,7/19/2023,7/11/2023,7/27/2023,270,262,278,1
693,5/6/2024,4/21/2024,5/22/2024,562,547,578,1
693,10/23/2024,10/19/2024,10/27/2024,732,728,736,1
693,7/21/2025,7/16/2025,7/25/2025,1003,998,1007,1
693,11/5/2025,10/22/2025,11/19/2025,1110,1096,1124,1
694,6/8/2023,5/30/2023,6/16/2023,229,220,237,1
694,7/18/2024,7/13/2024,7/24/2024,635,630,641,1
694,10/31/2024,10/28/2024,11/3/2024,740,737,743,1
694,7/16/2025,7/11/2025,7/21/2025,998,993,1003,1
695,1/25/2023,1/23/2023,1/27/2023,95,93,97,1
695,7/12/2023,7/5/2023,7/19/2023,263,256,270,1
695,11/15/2023,11/7/2023,11/23/2023,389,381,397,1
695,6/12/2024,6/6/2024,6/19/2024,599,593,606,1
695,10/21/2024,10/18/2024,10/25/2024,730,727,734,1
695,7/16/2025,7/12/2025,7/20/2025,998,994,1002,1
696,1/25/2023,1/18/2023,1/31/2023,95,88,101,1
696,7/24/2023,7/15/2023,8/3/2023,275,266,285,1
696,11/21/2023,11/17/2023,11/26/2023,395,391,400,1
696,6/5/2024,5/29/2024,6/12/2024,592,585,599,1
696,12/25/2025,12/17/2025,1/2/2026,1160,1152,1168,1
7,11/30/2022,11/27/2022,12/3/2022,39,36,42,1
7,8/9/2023,8/4/2023,8/14/2023,291,286,296,1
7,10/23/2023,10/17/2023,10/29/2023,366,360,372,1
7,6/19/2024,6/8/2024,6/30/2024,606,595,617,1
7,10/9/2024,10/2/2024,10/15/2024,718,711,724,1
7,7/1/2025,6/23/2025,7/8/2025,983,975,990,1
7,11/17/2025,11/13/2025,11/22/2025,1122,1118,1127,1
70,11/24/2022,11/20/2022,11/29/2022,33,29,38,1
70,7/31/2023,7/28/2023,8/3/2023,282,279,285,1
70,12/9/2023,11/4/2023,1/13/2024,413,378,448,1
70,5/28/2024,5/20/2024,6/5/2024,584,576,592,1
70,10/10/2024,10/4/2024,10/15/2024,719,713,724,1
70,7/9/2025,7/4/2025,7/14/2025,991,986,996,1
70,10/25/2025,10/13/2025,11/6/2025,1099,1087,1111,1
703,1/23/2023,1/20/2023,1/25/2023,93,90,95,1
703,6/15/2023,6/5/2023,6/24/2023,236,226,245,1
703,6/11/2024,6/4/2024,6/17/2024,598,591,604,1
703,10/22/2024,10/19/2024,10/26/2024,731,728,735,1
703,6/19/2025,6/12/2025,6/25/2025,971,964,977,1
704,1/12/2023,1/9/2023,1/14/2023,82,79,84,1
704,7/26/2023,7/16/2023,8/5/2023,277,267,287,1
704,7/4/2024,6/28/2024,7/10/2024,621,615,627,1
704,10/28/2024,10/22/2024,11/4/2024,737,731,744,1
704,7/25/2025,7/22/2025,7/28/2025,1007,1004,1010,1
704,10/27/2025,10/23/2025,10/31/2025,1101,1097,1105,1
705,6/15/2023,6/7/2023,6/23/2023,236,228,244,1
705,11/8/2023,11/3/2023,11/12/2023,382,377,386,1
705,4/30/2024,4/27/2024,5/3/2024,556,553,559,1
705,7/20/2025,7/17/2025,7/24/2025,1002,999,1006,1
707,12/10/2023,11/29/2023,12/21/2023,414,403,425,1
707,6/7/2024,5/31/2024,6/13/2024,594,587,600,1
707,7/22/2025,7/19/2025,7/25/2025,1004,1001,1007,1
708,1/27/2023,1/20/2023,2/3/2023,97,90,104,1
708,7/4/2023,6/27/2023,7/11/2023,255,248,262,1
708,10/23/2023,10/19/2023,10/26/2023,366,362,369,1
708,5/22/2024,5/9/2024,6/4/2024,578,565,591,1
708,10/23/2024,10/20/2024,10/26/2024,732,729,735,1
708,7/1/2025,6/26/2025,7/5/2025,983,978,987,1
71,11/30/2022,11/27/2022,12/3/2022,39,36,42,1
71,7/20/2023,7/14/2023,7/26/2023,271,265,277,1
71,11/14/2023,11/7/2023,11/21/2023,388,381,395,1
71,5/25/2024,5/18/2024,5/31/2024,581,574,587,1
71,10/14/2024,10/10/2024,10/19/2024,723,719,728,1
71,6/18/2025,6/9/2025,6/27/2025,970,961,979,1
71,12/3/2025,11/27/2025,12/9/2025,1138,1132,1144,1
711,1/3/2023,12/30/2022,1/7/2023,73,69,77,1
711,7/6/2023,7/2/2023,7/10/2023,257,253,261,1
711,6/13/2024,6/3/2024,6/23/2024,600,590,610,1
711,10/22/2024,10/18/2024,10/25/2024,731,727,734,1
711,7/15/2025,7/12/2025,7/18/2025,997,994,1000,1
711,11/24/2025,11/16/2025,12/3/2025,1129,1121,1138,1
712,2/6/2023,2/2/2023,2/10/2023,107,103,111,1
712,8/28/2023,8/22/2023,9/4/2023,310,304,317,1
712,5/27/2024,5/12/2024,6/10/2024,583,568,597,1
712,12/9/2024,11/29/2024,12/18/2024,779,769,788,1
712,7/16/2025,7/12/2025,7/20/2025,998,994,1002,1
712,11/12/2025,11/8/2025,11/16/2025,1117,1113,1121,1
713,1/22/2023,1/17/2023,1/27/2023,92,87,97,1
713,6/28/2023,6/18/2023,7/8/2023,249,239,259,1
713,11/15/2023,11/11/2023,11/19/2023,389,385,393,1
713,5/28/2024,5/14/2024,6/11/2024,584,570,598,1
713,7/2/2025,6/27/2025,7/7/2025,984,979,989,1
714,7/7/2023,6/27/2023,7/16/2023,258,248,267,1
714,11/8/2023,11/5/2023,11/12/2023,382,379,386,1
714,11/4/2024,10/20/2024,11/19/2024,744,729,759,1
714,12/4/2025,11/24/2025,12/14/2025,1139,1129,1149,1
715,8/29/2023,8/26/2023,9/1/2023,311,308,314,1
715,5/7/2024,4/30/2024,5/13/2024,563,556,569,1
715,6/3/2025,5/30/2025,6/8/2025,955,951,960,1
716,1/23/2023,1/21/2023,1/25/2023,93,91,95,1
716,6/28/2023,6/21/2023,7/5/2023,249,242,256,1
716,10/29/2023,10/27/2023,11/1/2023,372,370,375,1
716,6/5/2024,5/27/2024,6/14/2024,592,583,601,1
716,10/15/2024,10/13/2024,10/18/2024,724,722,727,1
716,7/22/2025,7/19/2025,7/25/2025,1004,1001,1007,1
717,6/5/2023,5/30/2023,6/12/2023,226,220,233,1
717,1/30/2024,1/19/2024,2/11/2024,465,454,477,1
717,6/14/2024,6/6/2024,6/22/2024,601,593,609,1
717,2/23/2025,1/27/2025,3/21/2025,855,828,881,1
717,7/29/2025,7/26/2025,7/31/2025,1011,1008,1013,1
717,1/12/2026,1/5/2026,1/20/2026,1178,1171,1186,1
719,7/10/2023,7/5/2023,7/16/2023,261,256,267,1
719,11/28/2023,11/26/2023,12/1/2023,402,400,405,1
719,6/4/2024,5/28/2024,6/12/2024,591,584,599,1
719,7/16/2025,7/14/2025,7/18/2025,998,996,1000,1
72,12/17/2022,11/30/2022,1/3/2023,56,39,73,1
72,6/22/2023,6/10/2023,7/3/2023,243,231,254,1
72,10/25/2023,10/23/2023,10/27/2023,368,366,370,1
72,5/21/2024,5/15/2024,5/27/2024,577,571,583,1
72,11/28/2024,11/19/2024,12/7/2024,768,759,777,1
72,6/10/2025,6/3/2025,6/18/2025,962,955,970,1
72,11/24/2025,11/15/2025,12/2/2025,1129,1120,1137,1
720,6/28/2023,6/18/2023,7/9/2023,249,239,260,1
720,4/29/2024,4/24/2024,5/4/2024,555,550,560,1
720,7/8/2025,6/29/2025,7/17/2025,990,981,999,1
721,1/16/2023,1/14/2023,1/18/2023,86,84,88,1
721,6/28/2023,6/20/2023,7/5/2023,249,241,256,1
721,10/31/2023,10/26/2023,11/6/2023,374,369,380,1
721,4/24/2024,4/19/2024,4/30/2024,550,545,556,1
721,12/15/2025,11/28/2025,12/31/2025,1150,1133,1166,1
722,1/9/2023,1/7/2023,1/12/2023,79,77,82,1
722,6/7/2023,6/1/2023,6/14/2023,228,222,235,1
722,5/30/2024,5/20/2024,6/9/2024,586,576,596,1
722,10/29/2024,10/26/2024,10/31/2024,738,735,740,1
722,6/11/2025,6/4/2025,6/17/2025,963,956,969,1
722,12/24/2025,12/21/2025,12/28/2025,1159,1156,1163,1
724,7/17/2023,7/9/2023,7/26/2023,268,260,277,1
724,5/13/2024,5/2/2024,5/24/2024,569,558,580,1
724,10/29/2024,10/23/2024,11/4/2024,738,732,744,1
724,7/23/2025,7/21/2025,7/25/2025,1005,1003,1007,1
724,11/24/2025,11/18/2025,12/1/2025,1129,1123,1136,1
725,12/9/2022,12/5/2022,12/13/2022,48,44,52,1
725,2/6/2023,2/4/2023,2/9/2023,107,105,110,1
725,7/11/2023,7/8/2023,7/14/2023,262,259,265,1
725,10/3/2023,9/29/2023,10/7/2023,346,342,350,1
725,8/3/2024,7/23/2024,8/14/2024,651,640,662,1
725,10/17/2024,10/11/2024,10/23/2024,726,720,732,1
725,7/29/2025,7/25/2025,8/3/2025,1011,1007,1016,1
725,11/18/2025,11/14/2025,11/21/2025,1123,1119,1126,1
726,7/2/2023,6/12/2023,7/22/2023,253,233,273,1
726,5/27/2024,5/21/2024,6/2/2024,583,577,589,1
726,11/21/2024,11/18/2024,11/25/2024,761,758,765,1
726,12/20/2025,11/12/2025,1/27/2026,1155,1117,1193,1
727,7/6/2023,6/30/2023,7/11/2023,257,251,262,1
727,11/21/2023,11/18/2023,11/25/2023,395,392,399,1
727,4/25/2024,4/21/2024,4/30/2024,551,547,556,1
727,5/5/2025,4/17/2025,5/23/2025,926,908,944,1
728,1/24/2023,1/21/2023,1/26/2023,94,91,96,1
728,6/26/2023,6/21/2023,7/2/2023,247,242,253,1
728,11/28/2023,11/25/2023,11/30/2023,402,399,404,1
728,4/28/2024,4/23/2024,5/4/2024,554,549,560,1
728,8/23/2025,8/13/2025,9/2/2025,1036,1026,1046,1
728,12/29/2025,12/26/2025,1/1/2026,1164,1161,1167,1
729,1/19/2023,1/15/2023,1/24/2023,89,85,94,1
729,10/23/2023,10/10/2023,11/5/2023,366,353,379,1
729,6/26/2024,6/23/2024,6/30/2024,613,610,617,1
729,11/13/2024,11/1/2024,11/25/2024,753,741,765,1
729,4/18/2025,4/11/2025,4/25/2025,909,902,916,1
73,5/17/2023,5/5/2023,5/28/2023,207,195,218,1
73,4/30/2024,4/21/2024,5/9/2024,556,547,565,1
73,1/12/2025,1/5/2025,1/19/2025,813,806,820,1
73,6/18/2025,6/13/2025,6/23/2025,970,965,975,1
73,10/21/2025,10/18/2025,10/23/2025,1095,1092,1097,1
730,5/30/2023,5/25/2023,6/4/2023,220,215,225,1
730,5/29/2024,5/26/2024,6/2/2024,585,582,589,1
730,10/6/2024,10/4/2024,10/9/2024,715,713,718,1
730,6/7/2025,5/25/2025,6/20/2025,959,946,972,1
732,1/31/2023,1/28/2023,2/4/2023,101,98,105,1
732,7/6/2023,6/24/2023,7/17/2023,257,245,268,1
732,5/17/2024,5/8/2024,5/25/2024,573,564,581,1
732,10/21/2024,10/10/2024,11/1/2024,730,719,741,1
732,11/12/2025,11/5/2025,11/18/2025,1117,1110,1123,1
734,6/12/2023,6/1/2023,6/23/2023,233,222,244,1
734,4/29/2024,4/24/2024,5/4/2024,555,550,560,1
734,11/19/2024,11/15/2024,11/22/2024,759,755,762,1
734,7/7/2025,6/20/2025,7/23/2025,989,972,1005,1
734,12/2/2025,11/20/2025,12/14/2025,1137,1125,1149,1
74,11/28/2022,11/24/2022,12/2/2022,37,33,41,1
74,7/7/2023,6/15/2023,7/28/2023,258,236,279,1
74,11/20/2023,11/17/2023,11/24/2023,394,391,398,1
74,6/11/2024,6/7/2024,6/15/2024,598,594,602,1
74,11/19/2024,11/15/2024,11/23/2024,759,755,763,1
74,7/7/2025,7/2/2025,7/11/2025,989,984,993,1
74,11/11/2025,11/7/2025,11/15/2025,1116,1112,1120,1
741,1/26/2023,1/23/2023,1/28/2023,96,93,98,1
741,6/27/2023,6/18/2023,7/5/2023,248,239,256,1
741,7/11/2024,7/9/2024,7/14/2024,628,626,631,1
741,10/21/2024,10/18/2024,10/25/2024,730,727,734,1
741,2/11/2025,2/5/2025,2/17/2025,843,837,849,1
741,6/29/2025,6/23/2025,7/5/2025,981,975,987,1
741,11/21/2025,11/18/2025,11/24/2025,1126,1123,1129,1
742,2/2/2023,1/26/2023,2/8/2023,103,96,109,1
742,7/31/2023,7/25/2023,8/7/2023,282,276,289,1
742,5/6/2024,4/29/2024,5/14/2024,562,555,570,1
742,10/30/2024,10/27/2024,11/2/2024,739,736,742,1
742,7/8/2025,7/2/2025,7/14/2025,990,984,996,1
742,12/16/2025,12/8/2025,12/24/2025,1151,1143,1159,1
743,7/13/2023,7/9/2023,7/17/2023,264,260,268,1
743,5/13/2024,5/3/2024,5/23/2024,569,559,579,1
743,7/24/2025,7/20/2025,7/29/2025,1006,1002,1011,1
744,1/23/2023,1/20/2023,1/26/2023,93,90,96,1
744,12/14/2023,11/28/2023,12/30/2023,418,402,434,1
744,5/29/2024,5/13/2024,6/15/2024,585,569,602,1
744,11/11/2024,11/7/2024,11/15/2024,751,747,755,1
744,7/8/2025,7/3/2025,7/14/2025,990,985,996,1
748,7/16/2023,7/9/2023,7/24/2023,267,260,275,1
748,6/4/2024,5/27/2024,6/11/2024,591,583,598,1
748,12/11/2024,11/30/2024,12/23/2024,781,770,793,1
748,5/31/2025,5/9/2025,6/22/2025,952,930,974,1
749,6/27/2023,6/19/2023,7/4/2023,248,240,255,1
749,10/31/2023,10/27/2023,11/3/2023,374,370,377,1
749,8/10/2024,7/24/2024,8/28/2024,658,641,676,1
749,10/23/2024,10/21/2024,10/26/2024,732,730,735,1
749,6/4/2025,5/20/2025,6/19/2025,956,941,971,1
75,11/16/2022,11/10/2022,11/22/2022,25,19,31,1
75,7/3/2023,6/30/2023,7/7/2023,254,251,258,1
75,11/21/2023,11/18/2023,11/25/2023,395,392,399,1
75,6/24/2024,6/19/2024,6/29/2024,611,606,616,1
75,10/30/2024,10/26/2024,11/3/2024,739,735,743,1
75,5/21/2025,5/13/2025,5/29/2025,942,934,950,1
75,11/11/2025,11/7/2025,11/15/2025,1116,1112,1120,1
754,6/25/2023,6/16/2023,7/5/2023,246,237,256,1
754,4/28/2024,4/22/2024,5/4/2024,554,548,560,1
754,11/4/2024,10/31/2024,11/9/2024,744,740,749,1
754,11/19/2025,10/24/2025,12/14/2025,1124,1098,1149,1
755,6/26/2023,6/18/2023,7/4/2023,247,239,255,1
755,5/7/2024,4/30/2024,5/14/2024,563,556,570,1
755,10/30/2024,10/28/2024,11/2/2024,739,737,742,1
755,7/16/2025,7/12/2025,7/21/2025,998,994,1003,1
759,7/3/2023,6/23/2023,7/13/2023,254,244,264,1
759,10/31/2023,10/29/2023,11/3/2023,374,372,377,1
759,5/17/2024,5/9/2024,5/25/2024,573,565,581,1
759,7/29/2025,7/24/2025,8/2/2025,1011,1006,1015,1
759,11/13/2025,11/10/2025,11/17/2025,1118,1115,1122,1
76,8/17/2023,8/15/2023,8/19/2023,299,297,301,1
76,11/7/2023,11/1/2023,11/14/2023,381,375,388,1
76,6/20/2024,6/9/2024,7/1/2024,607,596,618,1
76,11/12/2024,11/8/2024,11/15/2024,752,748,755,1
76,7/26/2025,7/21/2025,7/31/2025,1008,1003,1013,1
76,11/11/2025,11/8/2025,11/15/2025,1116,1113,1120,1
760,6/28/2023,6/20/2023,7/6/2023,249,241,257,1
760,6/19/2024,6/14/2024,6/24/2024,606,601,611,1
760,10/16/2024,10/12/2024,10/20/2024,725,721,729,1
760,5/20/2025,5/9/2025,6/1/2025,941,930,953,1
760,11/24/2025,11/16/2025,12/3/2025,1129,1121,1138,1
767,6/13/2023,5/31/2023,6/26/2023,234,221,247,1
767,6/19/2024,6/13/2024,6/26/2024,606,600,613,1
767,10/16/2024,10/13/2024,10/18/2024,725,722,727,1
767,9/3/2025,8/17/2025,9/19/2025,1047,1030,1063,1
769,1/25/2023,1/22/2023,1/28/2023,95,92,98,1
769,6/28/2023,6/24/2023,7/2/2023,249,245,253,1
769,10/22/2023,10/19/2023,10/26/2023,365,362,369,1
769,5/24/2024,5/13/2024,6/4/2024,580,569,591,1
769,11/18/2024,11/13/2024,11/24/2024,758,753,764,1
769,11/20/2025,11/16/2025,11/24/2025,1125,1121,1129,1
77,12/6/2022,12/3/2022,12/9/2022,45,42,48,1
77,7/27/2023,7/24/2023,7/30/2023,278,275,281,1
77,11/14/2023,11/4/2023,11/24/2023,388,378,398,1
77,6/6/2024,5/30/2024,6/12/2024,593,586,599,1
77,10/15/2024,10/10/2024,10/20/2024,724,719,729,1
77,6/4/2025,5/26/2025,6/12/2025,956,947,964,1
77,10/13/2025,10/10/2025,10/16/2025,1087,1084,1090,1
770,1/10/2023,1/7/2023,1/12/2023,80,77,82,1
770,6/6/2023,5/26/2023,6/17/2023,227,216,238,1
770,5/21/2024,5/15/2024,5/26/2024,577,571,582,1
770,7/2/2025,6/27/2025,7/7/2025,984,979,989,1
770,11/10/2025,11/6/2025,11/13/2025,1115,1111,1118,1
772,6/26/2023,6/13/2023,7/10/2023,247,234,261,1
772,6/26/2024,6/22/2024,6/29/2024,613,609,616,1
772,10/16/2024,10/11/2024,10/20/2024,725,720,729,1
772,6/30/2025,6/25/2025,7/5/2025,982,977,987,1
772,11/5/2025,10/31/2025,11/9/2025,1110,1105,1114,1
773,7/13/2023,7/9/2023,7/16/2023,264,260,267,1
773,11/15/2023,11/12/2023,11/17/2023,389,386,391,1
773,5/29/2024,5/17/2024,6/9/2024,585,573,596,1
773,11/5/2024,11/1/2024,11/9/2024,745,741,749,1
773,6/18/2025,6/12/2025,6/24/2025,970,964,976,1
775,6/26/2023,6/22/2023,6/30/2023,247,243,251,1
775,4/17/2024,4/6/2024,4/27/2024,543,532,553,1
775,7/1/2025,6/26/2025,7/7/2025,983,978,989,1
777,1/18/2023,1/16/2023,1/20/2023,88,86,90,1
777,7/4/2023,6/29/2023,7/10/2023,255,250,261,1
777,11/6/2023,11/3/2023,11/10/2023,380,377,384,1
777,6/25/2024,6/20/2024,6/29/2024,612,607,616,1
777,7/9/2025,7/3/2025,7/15/2025,991,985,997,1
777,1/16/2026,1/9/2026,1/23/2026,1182,1175,1189,1
779,11/29/2022,11/26/2022,12/3/2022,38,35,42,1
779,8/10/2023,8/5/2023,8/14/2023,292,287,296,1
779,6/17/2024,6/15/2024,6/20/2024,604,602,607,1
779,9/30/2024,9/26/2024,10/3/2024,709,705,712,1
779,12/23/2025,11/24/2025,1/20/2026,1158,1129,1186,1
782,7/3/2023,6/27/2023,7/9/2023,254,248,260,1
782,11/7/2023,11/2/2023,11/13/2023,381,376,387,1
782,5/13/2024,5/10/2024,5/16/2024,569,566,572,1
782,7/10/2025,7/5/2025,7/15/2025,992,987,997,1
783,6/28/2023,6/25/2023,7/2/2023,249,246,253,1
783,6/3/2024,5/28/2024,6/9/2024,590,584,596,1
783,6/5/2025,5/30/2025,6/11/2025,957,951,963,1
784,12/21/2022,12/17/2022,12/25/2022,60,56,64,1
784,6/21/2023,6/16/2023,6/26/2023,242,237,247,1
784,11/9/2023,11/6/2023,11/12/2023,383,380,386,1
784,6/10/2024,6/5/2024,6/14/2024,597,592,601,1
784,10/29/2025,10/25/2025,11/2/2025,1103,1099,1107,1
792,1/18/2023,1/15/2023,1/20/2023,88,85,90,1
792,7/16/2023,7/11/2023,7/21/2023,267,262,272,1
792,7/3/2024,6/27/2024,7/9/2024,620,614,626,1
792,5/28/2025,5/17/2025,6/8/2025,949,938,960,1
792,2/12/2026,2/9/2026,2/15/2026,1209,1206,1212,1
793,1/17/2023,1/14/2023,1/20/2023,87,84,90,1
793,9/17/2023,9/7/2023,9/27/2023,330,320,340,1
793,7/17/2024,7/13/2024,7/21/2024,634,630,638,1
793,10/15/2024,10/12/2024,10/18/2024,724,721,727,1
793,10/16/2025,10/12/2025,10/20/2025,1090,1086,1094,1
795,7/3/2023,6/24/2023,7/12/2023,254,245,263,1
795,4/30/2024,4/24/2024,5/5/2024,556,550,561,1
795,11/20/2025,11/4/2025,12/6/2025,1125,1109,1141,1
796,6/28/2023,6/19/2023,7/7/2023,249,240,258,1
796,6/11/2024,6/6/2024,6/17/2024,598,593,604,1
796,11/26/2024,11/20/2024,12/1/2024,766,760,771,1
796,7/16/2025,7/11/2025,7/20/2025,998,993,1002,1
796,10/27/2025,10/24/2025,10/31/2025,1101,1098,1105,1
797,6/8/2023,5/30/2023,6/17/2023,229,220,238,1
797,6/25/2024,6/19/2024,7/1/2024,612,606,618,1
797,6/18/2025,6/9/2025,6/26/2025,970,961,978,1
80,1/25/2023,1/9/2023,2/11/2023,95,79,112,1
80,7/25/2023,7/15/2023,8/4/2023,276,266,286,1
80,11/8/2023,11/5/2023,11/11/2023,382,379,385,1
80,7/9/2024,7/4/2024,7/15/2024,626,621,632,1
80,11/5/2024,11/2/2024,11/9/2024,745,742,749,1
80,7/10/2025,7/7/2025,7/14/2025,992,989,996,1
80,11/5/2025,10/30/2025,11/12/2025,1110,1104,1117,1
801,10/21/2023,10/10/2023,11/1/2023,364,353,375,1
801,5/23/2024,5/16/2024,5/31/2024,579,572,587,1
801,10/3/2024,9/29/2024,10/7/2024,712,708,716,1
801,7/14/2025,7/11/2025,7/18/2025,996,993,1000,1
805,3/6/2023,3/1/2023,3/11/2023,135,130,140,1
805,9/6/2023,9/3/2023,9/10/2023,319,316,323,1
805,6/19/2024,6/12/2024,6/26/2024,606,599,613,1
805,4/22/2025,4/8/2025,5/6/2025,913,899,927,1
806,1/26/2023,1/23/2023,1/28/2023,96,93,98,1
806,7/2/2023,6/19/2023,7/15/2023,253,240,266,1
806,6/5/2024,6/1/2024,6/10/2024,592,588,597,1
806,11/19/2024,11/16/2024,11/22/2024,759,756,762,1
806,5/27/2025,5/21/2025,6/2/2025,948,942,954,1
808,11/23/2022,11/9/2022,12/8/2022,32,18,47,1
808,6/2/2023,5/22/2023,6/12/2023,223,212,233,1
808,5/8/2024,5/2/2024,5/14/2024,564,558,570,1
808,6/12/2025,6/4/2025,6/20/2025,964,956,972,1
809,1/12/2023,1/9/2023,1/14/2023,82,79,84,1
809,10/18/2023,10/7/2023,10/29/2023,361,350,372,1
809,7/11/2024,7/7/2024,7/16/2024,628,624,633,1
809,4/14/2025,4/5/2025,4/22/2025,905,896,913,1
809,10/28/2025,10/24/2025,11/1/2025,1102,1098,1106,1
81,11/21/2022,11/18/2022,11/24/2022,30,27,33,1
81,6/27/2023,6/20/2023,7/4/2023,248,241,255,1
81,10/30/2023,10/27/2023,11/3/2023,373,370,377,1
81,7/3/2024,6/27/2024,7/9/2024,620,614,626,1
81,11/20/2024,11/17/2024,11/23/2024,760,757,763,1
81,11/4/2025,10/26/2025,11/12/2025,1109,1100,1117,1
813,12/22/2022,12/19/2022,12/25/2022,61,58,64,1
813,7/20/2023,7/14/2023,7/26/2023,271,265,277,1
813,7/2/2024,6/27/2024,7/6/2024,619,614,623,1
814,7/19/2023,7/14/2023,7/25/2023,270,265,276,1
814,6/24/2024,6/13/2024,7/4/2024,611,600,621,1
814,7/22/2025,7/10/2025,8/2/2025,1004,992,1015,1
82,11/6/2022,10/28/2022,11/14/2022,15,6,23,1
82,6/13/2023,6/6/2023,6/21/2023,234,227,242,1
82,10/20/2023,10/11/2023,10/28/2023,363,354,371,1
82,6/21/2024,6/14/2024,6/27/2024,608,601,614,1
82,11/25/2024,11/21/2024,11/30/2024,765,761,770,1
82,7/22/2025,7/15/2025,7/30/2025,1004,997,1012,1
82,11/6/2025,11/2/2025,11/10/2025,1111,1107,1115,1
821,11/29/2022,11/23/2022,12/4/2022,38,32,43,1
821,3/1/2023,2/26/2023,3/3/2023,130,127,132,1
821,6/22/2023,6/17/2023,6/27/2023,243,238,248,1
821,11/30/2023,11/25/2023,12/6/2023,404,399,410,1
821,4/29/2024,4/25/2024,5/4/2024,555,551,560,1
821,6/26/2025,6/21/2025,7/1/2025,978,973,983,1
822,2/7/2023,2/4/2023,2/11/2023,108,105,112,1
822,6/1/2023,5/28/2023,6/4/2023,222,218,225,1
822,11/26/2023,11/22/2023,12/1/2023,400,396,405,1
822,4/10/2024,4/5/2024,4/15/2024,536,531,541,1
822,7/1/2025,6/28/2025,7/4/2025,983,980,986,1
823,11/28/2022,11/25/2022,12/1/2022,37,34,40,1
823,5/3/2023,4/28/2023,5/8/2023,193,188,198,1
823,11/14/2023,11/10/2023,11/18/2023,388,384,392,1
823,4/2/2024,3/27/2024,4/8/2024,528,522,534,1
823,6/25/2025,6/21/2025,6/30/2025,977,973,982,1
825,11/23/2022,11/18/2022,11/29/2022,32,27,38,1
825,7/20/2023,7/18/2023,7/23/2023,271,269,274,1
825,10/24/2023,10/16/2023,11/1/2023,367,359,375,1
825,5/21/2024,5/14/2024,5/28/2024,577,570,584,1
825,2/8/2025,1/17/2025,3/2/2025,840,818,862,1
825,6/3/2025,5/26/2025,6/12/2025,955,947,964,1
825,1/14/2026,1/9/2026,1/19/2026,1180,1175,1185,1
826,11/14/2022,10/28/2022,12/1/2022,23,6,40,1
826,6/27/2023,6/18/2023,7/5/2023,248,239,256,1
826,11/22/2023,11/13/2023,12/1/2023,396,387,405,1
826,5/15/2024,5/8/2024,5/22/2024,571,564,578,1
826,1/18/2025,1/3/2025,2/2/2025,819,804,834,1
826,7/16/2025,7/12/2025,7/19/2025,998,994,1001,1
826,10/14/2025,10/9/2025,10/18/2025,1088,1083,1092,1
827,11/17/2022,11/9/2022,11/26/2022,26,18,35,1
827,7/20/2023,7/16/2023,7/23/2023,271,267,274,1
827,10/12/2023,10/3/2023,10/20/2023,355,346,363,1
827,5/28/2024,5/19/2024,6/7/2024,584,575,594,1
827,2/8/2025,1/30/2025,2/17/2025,840,831,849,1
827,7/16/2025,7/12/2025,7/20/2025,998,994,1002,1
827,12/4/2025,11/26/2025,12/12/2025,1139,1131,1147,1
828,11/21/2022,11/13/2022,11/30/2022,30,22,39,1
828,7/24/2023,7/17/2023,7/31/2023,275,268,282,1
828,11/13/2023,11/10/2023,11/17/2023,387,384,391,1
828,6/19/2024,6/16/2024,6/23/2024,606,603,610,1
828,10/2/2024,9/28/2024,10/6/2024,711,707,715,1
828,7/2/2025,6/25/2025,7/8/2025,984,977,990,1
829,11/29/2022,11/25/2022,12/4/2022,38,34,43,1
829,6/14/2023,6/3/2023,6/24/2023,235,224,245,1
829,10/23/2023,10/17/2023,10/29/2023,366,360,372,1
829,5/14/2024,5/6/2024,5/23/2024,570,562,579,1
829,11/23/2024,11/12/2024,12/5/2024,763,752,775,1
829,7/3/2025,6/25/2025,7/10/2025,985,977,992,1
83,7/20/2023,7/14/2023,7/25/2023,271,265,276,1
83,11/22/2023,11/17/2023,11/27/2023,396,391,401,1
83,6/12/2024,6/7/2024,6/16/2024,599,594,603,1
83,10/25/2024,10/15/2024,11/3/2024,734,724,743,1
83,7/15/2025,7/7/2025,7/22/2025,997,989,1004,1
830,11/23/2022,11/15/2022,12/2/2022,32,24,41,1
830,7/10/2023,7/3/2023,7/17/2023,261,254,268,1
830,11/14/2023,11/6/2023,11/21/2023,388,380,395,1
830,6/12/2024,6/4/2024,6/20/2024,599,591,607,1
830,9/24/2024,9/22/2024,9/27/2024,703,701,706,1
830,7/3/2025,6/27/2025,7/8/2025,985,979,990,1
831,1/23/2023,1/22/2023,1/25/2023,93,92,95,1
831,7/12/2023,7/7/2023,7/18/2023,263,258,269,1
831,10/26/2023,10/23/2023,10/29/2023,369,366,372,1
831,6/25/2024,6/19/2024,7/2/2024,612,606,619,1
831,11/13/2024,11/5/2024,11/21/2024,753,745,761,1
831,7/25/2025,7/16/2025,8/3/2025,1007,998,1016,1
831,11/12/2025,11/7/2025,11/17/2025,1117,1112,1122,1
85,11/29/2022,11/25/2022,12/2/2022,38,34,41,1
85,7/19/2023,7/12/2023,7/26/2023,270,263,277,1
85,11/29/2023,11/23/2023,12/5/2023,403,397,409,1
85,6/24/2024,6/19/2024,6/29/2024,611,606,616,1
85,11/13/2024,11/7/2024,11/19/2024,753,747,759,1
85,6/23/2025,6/14/2025,7/2/2025,975,966,984,1
85,10/28/2025,10/24/2025,10/31/2025,1102,1098,1105,1
851,7/19/2023,7/12/2023,7/26/2023,270,263,277,1
851,5/30/2024,5/21/2024,6/7/2024,586,577,594,1
851,10/16/2024,10/11/2024,10/22/2024,725,720,731,1
851,4/16/2025,4/11/2025,4/21/2025,907,902,912,1
851,11/18/2025,11/15/2025,11/21/2025,1123,1120,1126,1
852,11/21/2022,11/15/2022,11/27/2022,30,24,36,1
852,7/24/2023,7/13/2023,8/5/2023,275,264,287,1
852,11/15/2023,11/11/2023,11/19/2023,389,385,393,1
852,4/17/2024,4/8/2024,4/26/2024,543,534,552,1
852,10/29/2024,10/24/2024,11/3/2024,738,733,743,1
852,7/28/2025,7/23/2025,8/3/2025,1010,1005,1016,1
852,10/27/2025,10/24/2025,10/31/2025,1101,1098,1105,1
853,11/30/2022,11/27/2022,12/3/2022,39,36,42,1
853,7/23/2023,7/17/2023,7/30/2023,274,268,281,1
853,11/21/2023,11/15/2023,11/28/2023,395,389,402,1
853,5/28/2024,5/21/2024,6/3/2024,584,577,590,1
853,10/29/2024,10/25/2024,11/3/2024,738,734,743,1
853,6/18/2025,6/10/2025,6/26/2025,970,962,978,1
853,12/3/2025,11/24/2025,12/13/2025,1138,1129,1148,1
854,1/15/2023,1/6/2023,1/24/2023,85,76,94,1
854,5/7/2023,4/30/2023,5/15/2023,197,190,205,1
854,7/8/2024,7/5/2024,7/12/2024,625,622,629,1
854,11/7/2024,11/4/2024,11/10/2024,747,744,750,1
854,12/1/2025,11/18/2025,12/13/2025,1136,1123,1148,1
855,7/20/2023,7/15/2023,7/26/2023,271,266,277,1
855,10/30/2023,10/16/2023,11/12/2023,373,359,386,1
855,6/5/2024,5/29/2024,6/11/2024,592,585,598,1
855,11/18/2024,11/10/2024,11/25/2024,758,750,765,1
855,7/22/2025,7/17/2025,7/27/2025,1004,999,1009,1
855,10/29/2025,10/24/2025,11/4/2025,1103,1098,1109,1
856,12/1/2022,11/27/2022,12/4/2022,40,36,43,1
856,7/25/2023,7/21/2023,7/29/2023,276,272,280,1
856,10/18/2023,10/14/2023,10/22/2023,361,357,365,1
856,7/17/2024,7/13/2024,7/20/2024,634,630,637,1
856,2/2/2025,1/19/2025,2/16/2025,834,820,848,1
856,7/1/2025,6/23/2025,7/8/2025,983,975,990,1
856,11/11/2025,11/8/2025,11/14/2025,1116,1113,1119,1
857,6/26/2023,6/17/2023,7/6/2023,247,238,257,1
857,6/27/2024,6/22/2024,7/3/2024,614,609,620,1
857,11/19/2024,11/15/2024,11/23/2024,759,755,763,1
857,11/28/2025,11/23/2025,12/2/2025,1133,1128,1137,1
86,11/28/2022,11/24/2022,12/2/2022,37,33,41,1
86,7/26/2023,7/21/2023,7/30/2023,277,272,281,1
86,11/22/2023,11/18/2023,11/26/2023,396,392,400,1
86,6/2/2024,5/22/2024,6/14/2024,589,578,601,1
86,11/13/2024,11/8/2024,11/17/2024,753,748,757,1
86,7/14/2025,7/6/2025,7/23/2025,996,988,1005,1
86,11/24/2025,11/18/2025,11/30/2025,1129,1123,1135,1
860,12/5/2022,11/30/2022,12/9/2022,44,39,48,1
860,7/10/2023,7/1/2023,7/20/2023,261,252,271,1
860,10/25/2023,10/19/2023,10/31/2023,368,362,374,1
860,8/13/2024,8/3/2024,8/22/2024,661,651,670,1
860,11/6/2024,11/1/2024,11/12/2024,746,741,752,1
860,6/4/2025,5/24/2025,6/14/2025,956,945,966,1
860,11/19/2025,11/13/2025,11/25/2025,1124,1118,1130,1
861,12/1/2022,11/28/2022,12/4/2022,40,37,43,1
861,7/26/2023,7/23/2023,7/30/2023,277,274,281,1
861,10/19/2023,10/12/2023,10/26/2023,362,355,369,1
861,6/3/2024,5/24/2024,6/13/2024,590,580,600,1
861,10/23/2024,10/15/2024,10/30/2024,732,724,739,1
861,7/29/2025,7/27/2025,8/1/2025,1011,1009,1014,1
861,11/18/2025,11/12/2025,11/23/2025,1123,1117,1128,1
862,11/21/2022,11/16/2022,11/26/2022,30,25,35,1
862,7/11/2023,7/5/2023,7/18/2023,262,256,269,1
862,10/31/2023,10/23/2023,11/7/2023,374,366,381,1
862,7/10/2024,6/30/2024,7/19/2024,627,617,636,1
862,11/6/2024,11/1/2024,11/11/2024,746,741,751,1
862,7/28/2025,7/24/2025,8/1/2025,1010,1006,1014,1
862,10/19/2025,10/15/2025,10/24/2025,1093,1089,1098,1
863,11/28/2022,11/23/2022,12/2/2022,37,32,41,1
863,6/28/2023,6/20/2023,7/5/2023,249,241,256,1
863,5/29/2024,5/15/2024,6/11/2024,585,571,598,1
863,11/5/2024,10/28/2024,11/13/2024,745,737,753,1
863,5/22/2025,5/10/2025,6/3/2025,943,931,955,1
863,11/10/2025,11/6/2025,11/15/2025,1115,1111,1120,1
865,8/2/2023,7/30/2023,8/4/2023,284,281,286,1
865,11/23/2023,11/19/2023,11/26/2023,397,393,400,1
865,6/18/2024,6/14/2024,6/22/2024,605,601,609,1
865,12/5/2024,11/30/2024,12/9/2024,775,770,779,1
865,7/20/2025,7/12/2025,7/29/2025,1002,994,1011,1
866,12/6/2022,12/3/2022,12/10/2022,45,42,49,1
866,7/19/2023,7/11/2023,7/27/2023,270,262,278,1
866,10/17/2023,10/13/2023,10/21/2023,360,356,364,1
866,2/1/2024,1/29/2024,2/3/2024,467,464,469,1
866,6/20/2024,6/16/2024,6/24/2024,607,603,611,1
866,10/22/2024,10/18/2024,10/26/2024,731,727,735,1
866,7/2/2025,6/25/2025,7/9/2025,984,977,991,1
866,11/17/2025,11/13/2025,11/22/2025,1122,1118,1127,1
867,11/29/2022,11/27/2022,12/2/2022,38,36,41,1
867,7/27/2023,7/22/2023,8/1/2023,278,273,283,1
867,10/18/2023,10/15/2023,10/20/2023,361,358,363,1
867,7/15/2024,7/11/2024,7/20/2024,632,628,637,1
867,10/28/2024,10/24/2024,11/1/2024,737,733,741,1
867,7/28/2025,7/24/2025,8/1/2025,1010,1006,1014,1
867,11/25/2025,11/20/2025,11/30/2025,1130,1125,1135,1
869,11/20/2022,11/12/2022,11/28/2022,29,21,37,1
869,7/20/2023,7/16/2023,7/23/2023,271,267,274,1
869,10/25/2023,10/18/2023,11/2/2023,368,361,376,1
869,6/17/2024,6/9/2024,6/25/2024,604,596,612,1
869,10/22/2024,10/18/2024,10/26/2024,731,727,735,1
869,6/18/2025,6/11/2025,6/24/2025,970,963,976,1
869,10/15/2025,10/10/2025,10/20/2025,1089,1084,1094,1
87,11/30/2022,11/27/2022,12/3/2022,39,36,42,1
87,7/19/2023,7/14/2023,7/24/2023,270,265,275,1
87,11/24/2023,11/20/2023,11/27/2023,398,394,401,1
87,6/5/2024,5/31/2024,6/11/2024,592,587,598,1
87,11/6/2024,11/2/2024,11/10/2024,746,742,750,1
87,6/26/2025,6/16/2025,7/5/2025,978,968,987,1
87,11/4/2025,10/30/2025,11/9/2025,1109,1104,1114,1
875,11/17/2022,11/10/2022,11/24/2022,26,19,33,1
875,8/8/2023,8/3/2023,8/13/2023,290,285,295,1
875,11/23/2023,11/19/2023,11/27/2023,397,393,401,1
875,6/27/2024,6/23/2024,7/2/2024,614,610,619,1
875,11/12/2024,11/8/2024,11/15/2024,752,748,755,1
875,5/20/2025,5/14/2025,5/27/2025,941,935,948,1
875,11/5/2025,11/1/2025,11/9/2025,1110,1106,1114,1
877,11/22/2022,11/19/2022,11/25/2022,31,28,34,1
877,5/31/2023,5/23/2023,6/7/2023,221,213,228,1
877,6/6/2024,6/1/2024,6/11/2024,593,588,598,1
877,11/12/2024,11/9/2024,11/14/2024,752,749,754,1
877,11/14/2025,11/7/2025,11/21/2025,1119,1112,1126,1
878,11/16/2022,11/5/2022,11/27/2022,25,14,36,1
878,11/4/2023,10/9/2023,11/30/2023,378,352,404,1
878,6/11/2024,6/4/2024,6/17/2024,598,591,604,1
878,1/14/2025,1/7/2025,1/22/2025,815,808,823,1
878,7/10/2025,7/4/2025,7/17/2025,992,986,999,1
878,12/10/2025,11/30/2025,12/20/2025,1145,1135,1155,1
88,11/17/2022,11/14/2022,11/20/2022,26,23,29,1
88,7/31/2023,7/22/2023,8/8/2023,282,273,290,1
88,11/6/2023,11/2/2023,11/10/2023,380,376,384,1
88,6/3/2024,5/22/2024,6/16/2024,590,578,603,1
88,11/11/2024,11/8/2024,11/15/2024,751,748,755,1
88,11/30/2025,11/3/2025,12/27/2025,1135,1108,1162,1
881,12/1/2022,11/26/2022,12/6/2022,40,35,45,1
881,8/1/2023,7/28/2023,8/5/2023,283,279,287,1
881,11/13/2023,11/9/2023,11/17/2023,387,383,391,1
881,6/11/2024,6/5/2024,6/17/2024,598,592,604,1
881,11/20/2024,11/17/2024,11/23/2024,760,757,763,1
881,11/19/2025,11/12/2025,11/26/2025,1124,1117,1131,1
882,6/20/2023,6/13/2023,6/27/2023,241,234,248,1
882,10/23/2023,10/20/2023,10/27/2023,366,363,370,1
882,5/21/2024,5/15/2024,5/28/2024,577,571,584,1
882,11/5/2024,10/31/2024,11/9/2024,745,740,749,1
882,7/30/2025,7/24/2025,8/5/2025,1012,1006,1018,1
883,11/24/2022,11/20/2022,11/29/2022,33,29,38,1
883,7/27/2023,7/23/2023,7/31/2023,278,274,282,1
883,11/9/2023,11/6/2023,11/13/2023,383,380,387,1
883,6/12/2024,6/6/2024,6/18/2024,599,593,605,1
883,10/21/2024,10/17/2024,10/25/2024,730,726,734,1
883,7/2/2025,6/28/2025,7/6/2025,984,980,988,1
885,11/30/2022,11/27/2022,12/3/2022,39,36,42,1
885,6/16/2023,6/8/2023,6/23/2023,237,229,244,1
885,11/19/2023,10/20/2023,12/18/2023,393,363,422,1
885,6/5/2024,5/28/2024,6/12/2024,592,584,599,1
885,10/1/2024,9/28/2024,10/4/2024,710,707,713,1
885,7/14/2025,7/8/2025,7/20/2025,996,990,1002,1
885,11/18/2025,11/11/2025,11/25/2025,1123,1116,1130,1
886,11/29/2022,11/21/2022,12/7/2022,38,30,46,1
886,6/8/2023,5/28/2023,6/18/2023,229,218,239,1
886,11/2/2023,10/29/2023,11/6/2023,376,372,380,1
886,5/21/2024,5/13/2024,5/30/2024,577,569,586,1
886,10/2/2024,9/29/2024,10/6/2024,711,708,715,1
886,7/22/2025,7/20/2025,7/25/2025,1004,1002,1007,1
887,7/5/2023,6/23/2023,7/16/2023,256,244,267,1
887,12/7/2023,11/27/2023,12/17/2023,411,401,421,1
887,6/12/2024,6/4/2024,6/19/2024,599,591,606,1
887,10/13/2024,10/9/2024,10/18/2024,722,718,727,1
887,6/3/2025,5/27/2025,6/9/2025,955,948,961,1
887,10/20/2025,10/16/2025,10/25/2025,1094,1090,1099,1
888,12/8/2022,12/3/2022,12/13/2022,47,42,52,1
888,10/14/2023,9/27/2023,11/1/2023,357,340,375,1
888,5/28/2024,5/21/2024,6/4/2024,584,577,591,1
888,11/5/2024,10/27/2024,11/13/2024,745,736,753,1
888,10/24/2025,10/11/2025,11/5/2025,1098,1085,1110,1
889,11/24/2022,11/15/2022,12/2/2022,33,24,41,1
889,7/23/2023,7/20/2023,7/27/2023,274,271,278,1
889,11/7/2023,10/31/2023,11/13/2023,381,374,387,1
889,7/4/2024,7/1/2024,7/8/2024,621,618,625,1
889,1/11/2025,1/2/2025,1/20/2025,812,803,821,1
889,6/18/2025,6/12/2025,6/25/2025,970,964,977,1
889,11/24/2025,11/19/2025,11/30/2025,1129,1124,1135,1
89,6/29/2023,6/25/2023,7/3/2023,250,246,254,1
89,10/16/2023,10/13/2023,10/19/2023,359,356,362,1
89,6/4/2024,5/30/2024,6/10/2024,591,586,597,1
89,11/28/2024,11/27/2024,11/30/2024,768,767,770,1
89,7/14/2025,7/9/2025,7/19/2025,996,991,1001,1
89,10/28/2025,10/24/2025,11/1/2025,1102,1098,1106,1
89,2/9/2026,2/5/2026,2/13/2026,1206,1202,1210,1
890,11/9/2022,10/25/2022,11/24/2022,18,3,33,1
890,4/19/2023,4/6/2023,5/2/2023,179,166,192,1
890,11/21/2023,10/25/2023,12/19/2023,395,368,423,1
890,5/16/2024,5/8/2024,5/24/2024,572,564,580,1
890,10/1/2024,9/29/2024,10/3/2024,710,708,712,1
890,7/15/2025,7/13/2025,7/18/2025,997,995,1000,1
893,12/1/2022,11/23/2022,12/8/2022,40,32,47,1
893,7/19/2023,7/16/2023,7/21/2023,270,267,272,1
893,12/7/2023,11/28/2023,12/16/2023,411,402,420,1
893,6/12/2024,6/6/2024,6/18/2024,599,593,605,1
893,12/10/2024,11/29/2024,12/22/2024,780,769,792,1
893,6/18/2025,6/13/2025,6/22/2025,970,965,974,1
894,11/27/2022,11/20/2022,12/3/2022,36,29,42,1
894,6/23/2023,6/15/2023,6/30/2023,244,236,251,1
894,11/21/2023,11/8/2023,12/4/2023,395,382,408,1
894,6/6/2024,5/29/2024,6/14/2024,593,585,601,1
894,2/8/2025,2/3/2025,2/13/2025,840,835,845,1
894,6/17/2025,6/9/2025,6/25/2025,969,961,977,1
894,10/15/2025,10/11/2025,10/20/2025,1089,1085,1094,1
895,12/5/2022,12/1/2022,12/9/2022,44,40,48,1
895,7/24/2023,7/20/2023,7/29/2023,275,271,280,1
895,10/10/2023,10/2/2023,10/18/2023,353,345,361,1
895,4/30/2024,4/23/2024,5/7/2024,556,549,563,1
895,12/16/2024,12/9/2024,12/23/2024,786,779,793,1
895,6/4/2025,6/1/2025,6/7/2025,956,953,959,1
895,9/25/2025,9/22/2025,9/27/2025,1069,1066,1071,1
896,11/21/2022,11/13/2022,11/29/2022,30,22,38,1
896,6/21/2023,6/12/2023,6/30/2023,242,233,251,1
896,10/11/2023,10/6/2023,10/17/2023,354,349,360,1
896,5/22/2024,5/13/2024,6/1/2024,578,569,588,1
896,12/15/2024,12/9/2024,12/22/2024,785,779,792,1
896,6/25/2025,6/19/2025,6/30/2025,977,971,982,1
897,11/27/2022,11/21/2022,12/4/2022,36,30,43,1
897,6/27/2023,6/16/2023,7/8/2023,248,237,259,1
897,10/23/2023,10/18/2023,10/28/2023,366,361,371,1
897,1/18/2024,1/15/2024,1/22/2024,453,450,457,1
897,6/24/2024,6/13/2024,7/6/2024,611,600,623,1
897,11/24/2024,11/12/2024,12/5/2024,764,752,775,1
897,7/16/2025,7/8/2025,7/23/2025,998,990,1005,1
897,2/8/2026,1/20/2026,2/26/2026,1205,1186,1223,1
899,2/7/2023,2/5/2023,2/9/2023,108,106,110,1
899,7/10/2023,7/6/2023,7/15/2023,261,257,266,1
899,10/11/2023,10/7/2023,10/15/2023,354,350,358,1
899,1/23/2024,1/21/2024,1/26/2024,458,456,461,1
899,7/2/2024,6/26/2024,7/9/2024,619,613,626,1
899,1/28/2025,1/25/2025,1/31/2025,829,826,832,1
899,7/21/2025,7/13/2025,7/29/2025,1003,995,1011,1
899,11/4/2025,10/31/2025,11/8/2025,1109,1105,1113,1
9,11/15/2022,11/8/2022,11/22/2022,24,17,31,1
9,6/13/2023,6/5/2023,6/21/2023,234,226,242,1
9,11/21/2023,11/17/2023,11/26/2023,395,391,400,1
9,6/27/2024,6/23/2024,7/1/2024,614,610,618,1
9,11/14/2024,11/8/2024,11/19/2024,754,748,759,1
9,7/21/2025,7/17/2025,7/24/2025,1003,999,1006,1
9,11/10/2025,11/5/2025,11/15/2025,1115,1110,1120,1
900,12/7/2022,12/3/2022,12/11/2022,46,42,50,1
900,7/16/2023,7/8/2023,7/24/2023,267,259,275,1
900,9/20/2023,9/17/2023,9/23/2023,333,330,336,1
900,5/30/2024,5/21/2024,6/7/2024,586,577,594,1
900,11/22/2024,11/8/2024,12/5/2024,762,748,775,1
900,7/21/2025,7/12/2025,7/30/2025,1003,994,1012,1
900,10/28/2025,10/21/2025,11/4/2025,1102,1095,1109,1
902,11/23/2022,11/17/2022,11/29/2022,32,26,38,1
902,6/14/2023,6/4/2023,6/24/2023,235,225,245,1
902,10/16/2023,10/10/2023,10/21/2023,359,353,364,1
902,5/28/2024,5/18/2024,6/6/2024,584,574,593,1
902,11/28/2024,11/25/2024,12/2/2024,768,765,772,1
902,7/9/2025,7/4/2025,7/14/2025,991,986,996,1
902,11/12/2025,11/6/2025,11/18/2025,1117,1111,1123,1
904,11/23/2022,11/18/2022,11/29/2022,32,27,38,1
904,6/27/2023,6/18/2023,7/7/2023,248,239,258,1
904,7/22/2024,7/17/2024,7/27/2024,639,634,644,1
904,10/28/2025,10/16/2025,11/8/2025,1102,1090,1113,1
905,1/25/2023,1/22/2023,1/27/2023,95,92,97,1
905,6/28/2023,6/21/2023,7/5/2023,249,242,256,1
905,10/25/2023,10/21/2023,10/30/2023,368,364,373,1
905,6/10/2024,6/3/2024,6/17/2024,597,590,604,1
905,11/12/2024,11/6/2024,11/18/2024,752,746,758,1
905,8/6/2025,8/2/2025,8/9/2025,1019,1015,1022,1
905,11/22/2025,11/17/2025,11/28/2025,1127,1122,1133,1
906,6/27/2023,6/23/2023,7/1/2023,248,244,252,1
906,6/4/2024,5/22/2024,6/16/2024,591,578,603,1
906,11/8/2024,11/5/2024,11/10/2024,748,745,750,1
906,11/28/2025,11/25/2025,12/2/2025,1133,1130,1137,1
907,7/23/2023,7/11/2023,8/5/2023,274,262,287,1
907,6/25/2024,6/20/2024,7/1/2024,612,607,618,1
907,11/11/2024,11/7/2024,11/15/2024,751,747,755,1
907,7/2/2025,6/27/2025,7/8/2025,984,979,990,1
907,11/4/2025,10/31/2025,11/7/2025,1109,1105,1112,1
908,1/28/2023,1/18/2023,2/7/2023,98,88,108,1
908,6/22/2023,6/14/2023,6/30/2023,243,235,251,1
908,7/1/2024,6/26/2024,7/6/2024,618,613,623,1
908,11/14/2024,11/9/2024,11/18/2024,754,749,758,1
908,7/15/2025,7/11/2025,7/19/2025,997,993,1001,1
908,11/20/2025,11/16/2025,11/23/2025,1125,1121,1128,1
909,11/21/2022,11/4/2022,12/9/2022,30,13,48,1
909,7/12/2023,6/29/2023,7/26/2023,263,250,277,1
909,6/10/2024,6/5/2024,6/15/2024,597,592,602,1
909,11/12/2024,11/5/2024,11/18/2024,752,745,758,1
909,7/16/2025,7/13/2025,7/20/2025,998,995,1002,1
909,11/16/2025,11/10/2025,11/21/2025,1121,1115,1126,1
910,6/7/2023,5/31/2023,6/15/2023,228,221,236,1
910,10/23/2023,10/20/2023,10/26/2023,366,363,369,1
910,5/2/2024,4/21/2024,5/13/2024,558,547,569,1
910,10/28/2024,10/20/2024,11/6/2024,737,729,746,1
910,5/22/2025,5/15/2025,5/29/2025,943,936,950,1
910,11/5/2025,10/31/2025,11/9/2025,1110,1105,1114,1
911,6/27/2023,6/18/2023,7/7/2023,248,239,258,1
911,10/27/2023,10/22/2023,10/31/2023,370,365,374,1
911,5/28/2024,5/20/2024,6/5/2024,584,576,592,1
911,11/6/2024,10/28/2024,11/15/2024,746,737,755,1
911,7/23/2025,7/21/2025,7/26/2025,1005,1003,1008,1
911,11/12/2025,11/8/2025,11/17/2025,1117,1113,1122,1
912,1/26/2023,1/23/2023,1/29/2023,96,93,99,1
912,8/16/2023,8/6/2023,8/26/2023,298,288,308,1
912,7/8/2024,7/1/2024,7/15/2024,625,618,632,1
912,11/21/2024,11/19/2024,11/24/2024,761,759,764,1
912,11/27/2025,11/21/2025,12/3/2025,1132,1126,1138,1
913,11/28/2022,11/22/2022,12/3/2022,37,31,42,1
913,6/27/2023,6/21/2023,7/3/2023,248,242,254,1
913,10/18/2023,10/14/2023,10/21/2023,361,357,364,1
913,7/1/2024,6/27/2024,7/6/2024,618,614,623,1
913,10/23/2024,10/19/2024,10/28/2024,732,728,737,1
913,7/2/2025,6/26/2025,7/9/2025,984,978,991,1
913,10/20/2025,10/17/2025,10/23/2025,1094,1091,1097,1
914,11/7/2022,11/1/2022,11/13/2022,16,10,22,1
914,4/25/2023,4/18/2023,5/1/2023,185,178,191,1
914,7/3/2024,6/29/2024,7/7/2024,620,616,624,1
914,11/7/2024,10/29/2024,11/15/2024,747,738,755,1
914,11/4/2025,10/22/2025,11/16/2025,1109,1096,1121,1
915,5/2/2023,4/22/2023,5/12/2023,192,182,202,1
915,11/1/2023,10/28/2023,11/6/2023,375,371,380,1
915,7/3/2024,6/27/2024,7/9/2024,620,614,626,1
915,10/30/2024,10/24/2024,11/5/2024,739,733,745,1
915,11/11/2025,11/6/2025,11/16/2025,1116,1111,1121,1
917,7/27/2023,7/23/2023,7/30/2023,278,274,281,1
917,11/1/2023,10/27/2023,11/7/2023,375,370,381,1
917,7/4/2024,6/29/2024,7/9/2024,621,616,626,1
917,11/5/2024,11/2/2024,11/8/2024,745,742,748,1
917,7/31/2025,7/28/2025,8/3/2025,1013,1010,1016,1
917,11/19/2025,11/14/2025,11/23/2025,1124,1119,1128,1
919,2/8/2023,1/23/2023,2/24/2023,109,93,125,1
919,7/3/2024,6/26/2024,7/10/2024,620,613,627,1
919,11/21/2024,11/17/2024,11/24/2024,761,757,764,1
919,7/8/2025,7/4/2025,7/12/2025,990,986,994,1
919,11/6/2025,11/3/2025,11/10/2025,1111,1108,1115,1
92,11/30/2022,11/27/2022,12/3/2022,39,36,42,1
92,7/12/2023,7/5/2023,7/19/2023,263,256,270,1
92,10/24/2023,10/20/2023,10/29/2023,367,363,372,1
92,6/24/2024,6/14/2024,7/4/2024,611,601,621,1
92,10/27/2024,10/23/2024,11/1/2024,736,732,741,1
92,6/16/2025,6/4/2025,6/27/2025,968,956,979,1
92,10/27/2025,10/23/2025,10/31/2025,1101,1097,1105,1
921,7/20/2023,7/13/2023,7/26/2023,271,264,277,1
921,10/16/2023,10/12/2023,10/20/2023,359,355,363,1
921,7/2/2024,6/26/2024,7/8/2024,619,613,625,1
921,11/27/2024,11/21/2024,12/3/2024,767,761,773,1
921,12/1/2025,11/28/2025,12/3/2025,1136,1133,1138,1
923,7/4/2023,6/25/2023,7/13/2023,255,246,264,1
923,6/18/2024,6/11/2024,6/26/2024,605,598,613,1
923,11/13/2024,11/10/2024,11/16/2024,753,750,756,1
923,7/8/2025,7/4/2025,7/12/2025,990,986,994,1
923,11/6/2025,11/2/2025,11/10/2025,1111,1107,1115,1
924,12/8/2022,12/5/2022,12/11/2022,47,44,50,1
924,8/4/2023,7/29/2023,8/11/2023,286,280,293,1
924,6/28/2024,6/24/2024,7/1/2024,615,611,618,1
924,11/29/2024,11/23/2024,12/6/2024,769,763,776,1
924,8/7/2025,8/4/2025,8/10/2025,1020,1017,1023,1
924,11/24/2025,11/19/2025,11/29/2025,1129,1124,1134,1
925,3/6/2023,3/2/2023,3/11/2023,135,131,140,1
925,7/14/2023,7/9/2023,7/18/2023,265,260,269,1
925,11/8/2023,10/30/2023,11/16/2023,382,373,390,1
925,6/12/2024,6/7/2024,6/16/2024,599,594,603,1
925,2/15/2025,1/14/2025,3/19/2025,847,815,879,1
925,6/17/2025,6/13/2025,6/22/2025,969,965,974,1
925,10/21/2025,10/16/2025,10/26/2025,1095,1090,1100,1
926,11/17/2022,11/4/2022,11/30/2022,26,13,39,1
926,7/4/2023,6/26/2023,7/13/2023,255,247,264,1
926,12/9/2023,11/30/2023,12/18/2023,413,404,422,1
926,6/10/2024,6/6/2024,6/15/2024,597,593,602,1
926,12/26/2024,12/23/2024,12/29/2024,796,793,799,1
926,7/1/2025,6/29/2025,7/4/2025,983,981,986,1
928,12/9/2022,12/3/2022,12/14/2022,48,42,53,1
928,3/15/2023,3/5/2023,3/24/2023,144,134,153,1
928,11/14/2023,11/8/2023,11/21/2023,388,382,395,1
928,6/27/2024,6/23/2024,7/1/2024,614,610,618,1
928,12/5/2024,11/29/2024,12/11/2024,775,769,781,1
928,6/3/2025,5/27/2025,6/9/2025,955,948,961,1
928,10/14/2025,10/12/2025,10/17/2025,1088,1086,1091,1
929,11/16/2022,11/8/2022,11/24/2022,25,17,33,1
929,7/6/2023,7/1/2023,7/11/2023,257,252,262,1
929,10/19/2023,10/15/2023,10/23/2023,362,358,366,1
929,5/29/2024,5/23/2024,6/3/2024,585,579,590,1
929,12/6/2024,11/23/2024,12/18/2024,776,763,788,1
929,5/7/2025,5/1/2025,5/14/2025,928,922,935,1
929,11/23/2025,11/15/2025,12/1/2025,1128,1120,1136,1
93,11/21/2022,11/16/2022,11/25/2022,30,25,34,1
93,7/24/2023,7/20/2023,7/28/2023,275,271,279,1
93,11/20/2023,11/15/2023,11/25/2023,394,389,399,1
93,6/20/2024,6/15/2024,6/26/2024,607,602,613,1
93,11/6/2024,11/3/2024,11/10/2024,746,743,750,1
93,5/27/2025,5/21/2025,6/3/2025,948,942,955,1
93,11/20/2025,11/3/2025,12/7/2025,1125,1108,1142,1
930,6/28/2023,6/21/2023,7/4/2023,249,242,255,1
930,11/23/2023,11/12/2023,12/3/2023,397,386,407,1
930,5/20/2024,5/14/2024,5/27/2024,576,570,583,1
930,11/25/2024,11/15/2024,12/5/2024,765,755,775,1
930,7/16/2025,7/12/2025,7/20/2025,998,994,1002,1
931,7/10/2023,6/30/2023,7/19/2023,261,251,270,1
931,10/9/2023,10/6/2023,10/12/2023,352,349,355,1
931,6/18/2024,6/13/2024,6/23/2024,605,600,610,1
931,2/8/2025,1/20/2025,2/28/2025,840,821,860,1
931,6/17/2025,6/11/2025,6/23/2025,969,963,975,1
931,2/3/2026,1/28/2026,2/8/2026,1200,1194,1205,1
932,6/19/2023,6/3/2023,7/6/2023,240,224,257,1
932,6/26/2024,6/21/2024,7/1/2024,613,608,618,1
932,10/28/2024,10/24/2024,11/2/2024,737,733,742,1
932,12/2/2025,11/23/2025,12/11/2025,1137,1128,1146,1
934,11/21/2022,11/13/2022,11/29/2022,30,22,38,1
934,6/22/2023,6/14/2023,6/30/2023,243,235,251,1
934,11/13/2023,11/9/2023,11/18/2023,387,383,392,1
934,6/26/2024,6/22/2024,7/1/2024,613,609,618,1
934,9/30/2024,9/23/2024,10/6/2024,709,702,715,1
934,6/12/2025,6/4/2025,6/19/2025,964,956,971,1
934,12/20/2025,12/6/2025,1/3/2026,1155,1141,1169,1
936,12/1/2022,11/28/2022,12/4/2022,40,37,43,1
936,5/25/2023,5/12/2023,6/7/2023,215,202,228,1
936,11/28/2023,11/17/2023,12/8/2023,402,391,412,1
936,6/4/2024,5/26/2024,6/12/2024,591,582,599,1
936,10/6/2024,10/4/2024,10/9/2024,715,713,718,1
936,7/21/2025,7/16/2025,7/26/2025,1003,998,1008,1
936,10/7/2025,10/4/2025,10/9/2025,1081,1078,1083,1
937,10/26/2023,10/12/2023,11/9/2023,369,355,383,1
937,5/12/2024,5/2/2024,5/23/2024,568,558,579,1
937,11/26/2024,11/15/2024,12/6/2024,766,755,776,1
937,7/21/2025,7/17/2025,7/26/2025,1003,999,1008,1
937,11/4/2025,10/30/2025,11/10/2025,1109,1104,1115,1
941,1/24/2023,1/22/2023,1/26/2023,94,92,96,1
941,6/14/2023,6/6/2023,6/22/2023,235,227,243,1
941,10/26/2023,10/22/2023,10/30/2023,369,365,373,1
941,6/12/2024,6/4/2024,6/21/2024,599,591,608,1
941,11/9/2024,11/6/2024,11/12/2024,749,746,752,1
941,11/27/2025,11/9/2025,12/16/2025,1132,1114,1151,1
943,7/31/2023,7/21/2023,8/10/2023,282,272,292,1
943,7/18/2024,7/12/2024,7/23/2024,635,629,640,1
948,6/21/2023,6/9/2023,7/3/2023,242,230,254,1
948,6/4/2024,5/25/2024,6/15/2024,591,581,602,1
948,6/2/2025,5/27/2025,6/8/2025,954,948,960,1
95,1/20/2023,1/11/2023,1/29/2023,90,81,99,1
95,8/1/2023,7/26/2023,8/7/2023,283,277,289,1
95,10/31/2023,10/21/2023,11/10/2023,374,364,384,1
95,6/13/2024,5/16/2024,7/11/2024,600,572,628,1
95,11/27/2024,11/21/2024,12/3/2024,767,761,773,1
95,8/6/2025,8/1/2025,8/11/2025,1019,1014,1024,1
95,11/17/2025,11/13/2025,11/22/2025,1122,1118,1127,1
955,6/26/2023,6/15/2023,7/7/2023,247,236,258,1
955,5/1/2024,4/19/2024,5/12/2024,557,545,568,1
955,12/14/2025,12/6/2025,12/23/2025,1149,1141,1158,1
958,1/17/2023,1/13/2023,1/21/2023,87,83,91,1
958,8/9/2023,8/4/2023,8/14/2023,291,286,296,1
958,11/9/2023,11/5/2023,11/12/2023,383,379,386,1
958,7/10/2024,7/4/2024,7/17/2024,627,621,634,1
958,11/26/2024,11/15/2024,12/7/2024,766,755,777,1
958,12/5/2025,11/25/2025,12/15/2025,1140,1130,1150,1
96,11/22/2022,11/18/2022,11/26/2022,31,27,35,1
96,6/27/2023,6/19/2023,7/5/2023,248,240,256,1
96,10/21/2023,10/14/2023,10/27/2023,364,357,370,1
96,6/26/2024,6/21/2024,7/2/2024,613,608,619,1
96,1/18/2025,1/11/2025,1/26/2025,819,812,827,1
96,7/2/2025,6/26/2025,7/8/2025,984,978,990,1
96,11/4/2025,10/31/2025,11/7/2025,1109,1105,1112,1
962,7/11/2023,7/7/2023,7/16/2023,262,258,267,1
962,12/4/2023,12/1/2023,12/8/2023,408,405,412,1
962,4/29/2024,4/24/2024,5/4/2024,555,550,560,1
962,7/29/2025,7/26/2025,8/1/2025,1011,1008,1014,1
964,12/5/2023,11/14/2023,12/26/2023,409,388,430,1
964,6/3/2024,5/27/2024,6/10/2024,590,583,597,1
964,10/22/2024,10/19/2024,10/25/2024,731,728,734,1
964,6/5/2025,5/30/2025,6/12/2025,957,951,964,1
966,1/11/2023,1/9/2023,1/14/2023,81,79,84,1
966,7/10/2023,7/2/2023,7/19/2023,261,253,270,1
966,6/6/2024,5/29/2024,6/13/2024,593,585,600,1
966,7/15/2025,7/11/2025,7/19/2025,997,993,1001,1
968,1/10/2023,1/8/2023,1/13/2023,80,78,83,1
968,8/9/2023,7/28/2023,8/22/2023,291,279,304,1
968,7/3/2024,6/27/2024,7/8/2024,620,614,625,1
968,11/12/2024,11/4/2024,11/20/2024,752,744,760,1
969,6/20/2023,6/11/2023,6/28/2023,241,232,249,1
969,5/13/2024,5/10/2024,5/17/2024,569,566,573,1
969,7/15/2025,7/11/2025,7/20/2025,997,993,1002,1
97,12/6/2022,12/3/2022,12/8/2022,45,42,47,1
97,7/6/2023,6/4/2023,8/7/2023,257,225,289,1
97,5/28/2024,5/19/2024,6/6/2024,584,575,593,1
97,2/1/2025,1/8/2025,2/25/2025,833,809,857,1
97,7/19/2025,7/15/2025,7/23/2025,1001,997,1005,1
97,12/2/2025,11/26/2025,12/8/2025,1137,1131,1143,1
970,1/17/2023,1/15/2023,1/19/2023,87,85,89,1
970,7/16/2023,7/9/2023,7/24/2023,267,260,275,1
970,5/27/2024,5/21/2024,6/2/2024,583,577,589,1
970,7/3/2025,6/28/2025,7/7/2025,985,980,989,1
970,11/18/2025,11/6/2025,11/29/2025,1123,1111,1134,1
971,2/21/2023,2/17/2023,2/24/2023,122,118,125,1
971,6/21/2023,6/17/2023,6/24/2023,242,238,245,1
971,5/30/2024,5/27/2024,6/3/2024,586,583,590,1
971,7/9/2025,6/30/2025,7/18/2025,991,982,1000,1
971,11/5/2025,11/1/2025,11/9/2025,1110,1106,1114,1
973,7/6/2023,6/27/2023,7/16/2023,257,248,267,1
973,11/15/2023,11/12/2023,11/17/2023,389,386,391,1
973,5/23/2024,5/17/2024,5/28/2024,579,573,584,1
973,11/4/2024,11/1/2024,11/7/2024,744,741,747,1
973,4/22/2025,4/13/2025,5/2/2025,913,904,923,1
975,1/12/2023,1/9/2023,1/14/2023,82,79,84,1
975,7/5/2023,6/30/2023,7/10/2023,256,251,261,1
975,4/24/2024,4/18/2024,5/1/2024,550,544,557,1
975,12/30/2025,12/23/2025,1/5/2026,1165,1158,1171,1
98,11/23/2022,11/18/2022,11/27/2022,32,27,36,1
98,11/25/2023,11/14/2023,12/6/2023,399,388,410,1
98,6/11/2024,6/2/2024,6/20/2024,598,589,607,1
98,11/18/2024,11/15/2024,11/21/2024,758,755,761,1
98,7/17/2025,7/12/2025,7/21/2025,999,994,1003,1
98,11/17/2025,11/13/2025,11/21/2025,1122,1118,1126,1
982,11/29/2022,11/19/2022,12/9/2022,38,28,48,1
982,7/31/2023,7/29/2023,8/3/2023,282,280,285,1
982,10/23/2023,10/20/2023,10/27/2023,366,363,370,1
982,7/18/2024,7/13/2024,7/23/2024,635,630,640,1
982,11/11/2024,11/6/2024,11/16/2024,751,746,756,1
982,7/1/2025,6/17/2025,7/16/2025,983,969,998,1
982,11/25/2025,11/21/2025,11/29/2025,1130,1126,1134,1
985,1/10/2023,1/8/2023,1/13/2023,80,78,83,1
985,7/18/2023,7/10/2023,7/25/2023,269,261,276,1
985,6/4/2024,5/28/2024,6/11/2024,591,584,598,1
985,6/23/2025,6/14/2025,7/3/2025,975,966,985,1
985,10/12/2025,10/10/2025,10/15/2025,1086,1084,1089,1
986,1/25/2023,1/22/2023,1/28/2023,95,92,98,1
986,7/13/2023,7/5/2023,7/21/2023,264,256,272,1
986,7/17/2024,7/10/2024,7/24/2024,634,627,641,1
986,11/19/2024,11/13/2024,11/24/2024,759,753,764,1
986,7/16/2025,7/12/2025,7/19/2025,998,994,1001,1
986,10/30/2025,10/12/2025,11/17/2025,1104,1086,1122,1
99,11/21/2022,11/14/2022,11/28/2022,30,23,37,1
99,7/19/2023,7/14/2023,7/25/2023,270,265,276,1
99,12/3/2023,11/29/2023,12/7/2023,407,403,411,1
99,5/8/2024,5/1/2024,5/15/2024,564,557,571,1
99,10/15/2024,10/11/2024,10/19/2024,724,720,728,1
99,7/1/2025,6/25/2025,7/7/2025,983,977,989,1
99,10/21/2025,10/16/2025,10/26/2025,1095,1090,1100,1
