season,hsa_nci_id,hsa,hsa_counties,geography,peak_date,peak_size
2023-2024,1,"Allegany (Cumberland), MD - Garrett, MD","Allegany, Garrett",Maryland,12/23/2023,2.46
2023-2024,10,"Albany (Albany), NY - Rensselaer, NY","Albany, Rensselaer",New York,12/23/2023,0.63
2023-2024,101,"Worcester (Worcester), MA - Franklin, MA","Franklin, Worcester",Massachusetts,11/25/2023,1.94
2023-2024,102,"Bourbon (Paris), KY - Nicholas, KY","Bourbon, Nicholas",Kentucky,12/9/2023,4.43
2023-2024,103,"Caledonia, VT - Orleans, VT","Caledonia, Lamoille, Orleans",Vermont,12/23/2023,1.31
2023-2024,104,"Clinton, KY - Cumberland, KY","Clinton, Cumberland",Kentucky,12/9/2023,6.31
2023-2024,105,"Tompkins, NY - Cortland, NY","Cortland, Tompkins",New York,1/6/2024,2.6
2023-2024,106,"Chautauqua, NY",Chautauqua,New York,12/16/2023,3.03
2023-2024,107,"Queen Annes, MD - Talbot, MD","Caroline, Dorchester, Queen Annes, Talbot",Maryland,12/2/2023,4.27
2023-2024,108,"Monmouth, NJ - Ocean (Brick Township), NJ","Monmouth, Ocean",New Jersey,12/16/2023,1.12
2023-2024,109,"Prince William (Dale City), VA - Fauquier, VA","Fauquier, Manassas City, Manassas Park City, Prince William",Virginia,11/18/2023,1.34
2023-2024,11,"Floyd, KY - Johnson, KY","Floyd, Johnson, Magoffin",Kentucky,12/2/2023,2.05
2023-2024,112,"Berkshire (Pittsfield), MA",Berkshire,Massachusetts,11/25/2023,2.64
2023-2024,114,"Franklin, KY - Anderson, KY","Anderson, Franklin, Owen",Kentucky,11/25/2023,0.54
2023-2024,115,"Calloway, KY",Calloway,Kentucky,12/9/2023,0.63
2023-2024,116,"Mason, KY - Fleming, KY","Bracken, Fleming, Mason",Kentucky,1/6/2024,2.37
2023-2024,119,"Harrison, KY - Robertson, KY","Harrison, Robertson",Kentucky,12/2/2023,3.54
2023-2024,12,"Massac, IL - Johnson, IL","Johnson, Massac",Illinois,12/16/2023,5.26
2023-2024,121,"Fairfield, CT",Fairfield,Connecticut,12/2/2023,1.53
2023-2024,122,"Rutland, VT",Rutland,Vermont,1/13/2024,1.7
2023-2024,123,"Letcher, KY",Letcher,Kentucky,1/6/2024,3.33
2023-2024,124,"Kent, MD",Kent,Maryland,12/23/2023,4.37
2023-2024,126,"Mercer, NJ",Mercer,New Jersey,11/18/2023,0.93
2023-2024,127,"Cumberland, NJ",Cumberland,New Jersey,12/16/2023,1.99
2023-2024,13,"Pike, KY",Pike,Kentucky,1/20/2024,1.21
2023-2024,131,"Montgomery, KY - Bath, KY","Bath, Montgomery",Kentucky,12/16/2023,2.93
2023-2024,135,"Stafford, VA - Spotsylvania, VA","Caroline, Fredericksburg City, King George, Spotsylvania, Stafford",Virginia,11/4/2023,1.89
2023-2024,136,"Aroostook, ME",Aroostook,Maine,12/23/2023,2.63
2023-2024,14,"Roanoke City, VA - Roanoke, VA","Amherst, Appomattox, Bedford, Bedford City, Botetourt, Campbell, Craig, Floyd, Franklin, Lynchburg City, Roanoke, Roanoke City, Salem City",Virginia,12/2/2023,1.32
2023-2024,141,"Walker, GA - Catoosa, GA","Catoosa, Dade, Walker",Georgia,12/16/2023,1
2023-2024,143,"Chatham (Savannah), GA - Liberty, GA","Bryan, Chatham, Effingham, Evans, Liberty, Long, Tattnall",Georgia,10/14/2023,0.45
2023-2024,144,"Dougherty (Albany), GA - Lee, GA","Baker, Calhoun, Clay, Dougherty, Early, Lee, Randolph, Terrell, Worth",Georgia,11/4/2023,0.35
2023-2024,145,"Whitfield, GA - Murray, GA","Murray, Whitfield",Georgia,12/30/2023,2.48
2023-2024,146,"DeSoto, MS - Marshall, MS","Benton, DeSoto, Marshall, Panola, Tate, Tunica",Mississippi,12/2/2023,1.11
2023-2024,147,"Knox (Knoxville), TN - Blount, TN","Blount, Knox, Loudon, McMinn, Meigs, Monroe, Sevier, Union",Tennessee,12/2/2023,1.78
2023-2024,148,"Davidson (Nashville-Davidson), TN - Williamson, TN","Cheatham, Davidson, Dickson, Hickman, Humphreys, Robertson, Williamson",Tennessee,11/25/2023,1.42
2023-2024,149,"Forsyth (Winston-Salem), NC - Surry, NC","Davie, Forsyth, Stokes, Surry, Yadkin",North Carolina,12/30/2023,2.71
2023-2024,151,"Sullivan (Kingsport), TN - Hawkins, TN","Hawkins, Sullivan",Tennessee,11/25/2023,1.28
2023-2024,153,"Fulton (Atlanta), GA - DeKalb, GA","Clayton, DeKalb, Fulton, Gwinnett",Georgia,10/21/2023,0.96
2023-2024,154,"Floyd, GA - Bartow, GA","Bartow, Chattooga, Floyd, Gordon, Polk",Georgia,11/11/2023,1.17
2023-2024,157,"Hall, GA - Habersham, GA","Banks, Dawson, Habersham, Hall, Lumpkin, Towns, Union, White",Georgia,11/11/2023,1.04
2023-2024,16,"Baltimore, MD - Baltimore City, MD","Anne Arundel, Baltimore, Baltimore City, Calvert, Carroll, Howard",Maryland,11/25/2023,1.55
2023-2024,160,"Richland (Columbia), SC - Lexington, SC","Fairfield, Lexington, Newberry, Richland",South Carolina,11/25/2023,1.36
2023-2024,164,"Morgan, GA - Greene, GA","Greene, Morgan",Georgia,10/28/2023,1.48
2023-2024,167,"Mecklenburg (Charlotte), NC - Union, NC","Anson, Mecklenburg, Union",North Carolina,11/25/2023,1.23
2023-2024,168,"New Hanover (Wilmington), NC - Brunswick, NC","Brunswick, New Hanover, Pender",North Carolina,11/18/2023,1.71
2023-2024,169,"Washington (Johnson City), TN - Carter, TN","Carter, Unicoi, Washington",Tennessee,11/25/2023,1.99
2023-2024,17,"Penobscot (Bangor), ME - Hancock, ME","Hancock, Penobscot, Piscataquis, Washington",Maine,1/6/2024,1.39
2023-2024,170,"Durham (Durham), NC - Granville, NC","Durham, Granville, Person, Vance, Warren",North Carolina,12/2/2023,1.4
2023-2024,174,"Ware, GA - Pierce, GA","Bacon, Clinch, Pierce, Ware",Georgia,3/30/2024,1.12
2023-2024,176,"Orangeburg, SC - Bamberg, SC","Allendale, Bamberg, Calhoun, Orangeburg",South Carolina,11/4/2023,2.53
2023-2024,178,"Thomas, GA - Mitchell, GA","Grady, Mitchell, Thomas",Georgia,10/7/2023,0.34
2023-2024,18,"Fayette (Lexington-Fayette), KY - Jessamine, KY","Breathitt, Clark, Fayette, Jessamine, Knott, Lee, Leslie, Owsley, Perry, Powell, Scott, Wolfe, Woodford",Kentucky,12/16/2023,2.28
2023-2024,180,"Lowndes, GA - Brooks, GA","Berrien, Brooks, Cook, Echols, Lanier, Lowndes",Georgia,11/11/2023,0.95
2023-2024,182,"Greenville (Greenville), SC - Anderson, SC","Anderson, Greenville, Oconee, Pickens",South Carolina,11/25/2023,1.26
2023-2024,184,"Florence (Florence), SC - Darlington, SC","Chesterfield, Darlington, Florence, Marlboro, Williamsburg",South Carolina,12/2/2023,1.51
2023-2024,186,"Guilford (Greensboro), NC - Davidson, NC","Davidson, Guilford, Randolph, Rockingham",North Carolina,12/16/2023,3.01
2023-2024,187,"Laurens, SC - Greenwood, SC","Abbeville, Greenwood, Laurens, McCormick, Saluda",South Carolina,11/25/2023,1.3
2023-2024,188,"Madison (Jackson), TN - Gibson, TN","Chester, Crockett, Decatur, Gibson, Hardeman, Haywood, Henderson, Madison",Tennessee,12/9/2023,2.42
2023-2024,189,"Tift, GA - Ben Hill, GA","Ben Hill, Irwin, Tift, Turner",Georgia,11/4/2023,1.81
2023-2024,19,"Broome (Binghamton), NY - Tioga, NY","Broome, Tioga",New York,12/30/2023,1.93
2023-2024,190,"Cobb (Marietta), GA",Cobb,Georgia,11/11/2023,0.71
2023-2024,191,"Polk, NC",Polk,North Carolina,12/9/2023,1.34
2023-2024,192,"Iredell (Statesville), NC - Alexander, NC","Alexander, Iredell",North Carolina,12/2/2023,2.59
2023-2024,193,"Bibb (Macon), GA - Houston, GA","Bibb, Bleckley, Crawford, Houston, Jones, Monroe, Peach, Pulaski, Taylor, Twiggs, Wilkinson",Georgia,10/21/2023,0.47
2023-2024,194,"Watauga, NC - Ashe, NC","Ashe, Watauga",North Carolina,12/30/2023,2.76
2023-2024,195,"Pitt, NC - Beaufort, NC","Beaufort, Hyde, Martin, Pitt, Tyrrell, Washington",North Carolina,11/18/2023,2.78
2023-2024,196,"Sumter, SC - Clarendon, SC","Clarendon, Lee, Sumter",South Carolina,11/18/2023,1.41
2023-2024,197,"Sumter, GA - Crisp, GA","Crisp, Dooly, Macon, Sumter, Wilcox",Georgia,8/5/2023,0
2023-2024,198,"Wake (Raleigh), NC - Johnston, NC","Franklin, Johnston, Wake, Wilson",North Carolina,11/25/2023,1.72
2023-2024,199,"Marion, SC - Dillon, SC","Dillon, Marion",South Carolina,11/18/2023,2.22
2023-2024,2,"Kenton (Covington), KY - Campbell, KY","Boone, Campbell, Gallatin, Grant, Kenton, Pendleton",Kentucky,12/16/2023,0.74
2023-2024,20,"New London, CT",New London,Connecticut,11/25/2023,0.98
2023-2024,203,"Orange (Chapel Hill), NC - Harnett, NC","Chatham, Harnett, Lee, Orange",North Carolina,12/2/2023,1.45
2023-2024,204,"Spalding (Griffin), GA - Butts, GA","Butts, Spalding",Georgia,10/21/2023,1.24
2023-2024,205,"Moore, NC - Richmond, NC","Hoke, Montgomery, Moore, Richmond",North Carolina,12/9/2023,1.49
2023-2024,206,"Laurens, GA - Toombs, GA","Dodge, Johnson, Laurens, Montgomery, Telfair, Toombs, Treutlen, Wheeler",Georgia,11/11/2023,0.92
2023-2024,207,"Robeson, NC - Columbus, NC","Bladen, Columbus, Robeson, Scotland",North Carolina,12/2/2023,1.33
2023-2024,208,"Maury, TN - Giles, TN","Giles, Lewis, Marshall, Maury",Tennessee,11/18/2023,2.73
2023-2024,209,"Jackson, NC - Macon, NC","Graham, Jackson, Macon, Swain",North Carolina,12/16/2023,4
2023-2024,21,"Ontario (Geneva), NY - Wayne, NY","Ontario, Seneca, Wayne, Yates",New York,12/23/2023,1.46
2023-2024,211,"Rutherford (Murfreesboro), TN - Warren, TN","Cannon, DeKalb, Rutherford, Van Buren, Warren",Tennessee,11/25/2023,0.7
2023-2024,212,"Charleston (Charleston), SC - Berkeley, SC","Berkeley, Charleston, Colleton, Dorchester, Hampton",South Carolina,11/25/2023,1.24
2023-2024,214,"Nash, NC - Halifax, NC","Edgecombe, Halifax, Nash, Northampton",North Carolina,11/25/2023,1.52
2023-2024,215,"Putnam, TN - White, TN","Clay, Jackson, Overton, Pickett, Putnam, White",Tennessee,11/25/2023,1.87
2023-2024,216,"Stephens, GA - Hart, GA","Franklin, Hart, Stephens",Georgia,10/21/2023,0.89
2023-2024,217,"Hamblen (Morristown), TN - Jefferson, TN","Grainger, Hamblen, Hancock, Jefferson",Tennessee,11/25/2023,1.54
2023-2024,218,"Gaston (Gastonia), NC - Cleveland, NC","Cleveland, Gaston, Lincoln, Rutherford",North Carolina,12/16/2023,0.95
2023-2024,22,"Middlesex, MA - Suffolk (Boston), MA","Barnstable, Dukes, Middlesex, Nantucket, Norfolk, Plymouth, Suffolk",Massachusetts,11/25/2023,1.31
2023-2024,220,"Jasper, GA",Jasper,Georgia,10/21/2023,2.56
2023-2024,222,"Bulloch, GA - Emanuel, GA","Bulloch, Candler, Emanuel, Screven",Georgia,11/11/2023,0.7
2023-2024,223,"Cumberland, TN - Fentress, TN","Bledsoe, Cumberland, Fentress",Tennessee,12/2/2023,0.84
2023-2024,225,"Buncombe (Asheville), NC - Henderson, NC","Buncombe, Haywood, Henderson, Madison, Transylvania",North Carolina,12/23/2023,2.02
2023-2024,226,"Anderson (Oak Ridge), TN - Roane, TN","Anderson, Campbell, Morgan, Rhea, Roane",Tennessee,12/23/2023,0.62
2023-2024,228,"Decatur, GA - Seminole, GA","Decatur, Miller, Seminole",Georgia,12/2/2023,0.51
2023-2024,229,"Catawba (Hickory), NC - Burke, NC","Burke, Caldwell, Catawba",North Carolina,12/23/2023,1.54
2023-2024,23,"Camden (Camden), NJ - Burlington, NJ","Burlington, Camden, Gloucester, Salem",New Jersey,11/25/2023,0.83
2023-2024,230,"Wayne, GA - Appling, GA","Appling, Wayne",Georgia,10/21/2023,0.16
2023-2024,231,"Sumner (Hendersonville), TN - Wilson, TN","Macon, Smith, Sumner, Trousdale, Wilson",Tennessee,11/25/2023,1.4
2023-2024,232,"Lawrence, TN - Wayne, TN","Lawrence, Perry, Wayne",Tennessee,11/25/2023,3.55
2023-2024,234,"Montgomery (Clarksville), TN - Stewart, TN","Houston, Montgomery, Stewart",Tennessee,11/18/2023,1.83
2023-2024,235,"Cabarrus (Concord), NC - Rowan, NC","Cabarrus, Rowan, Stanly",North Carolina,12/9/2023,1.32
2023-2024,236,"Coffee, GA - Jeff Davis, GA","Atkinson, Coffee, Jeff Davis",Georgia,4/27/2024,0.71
2023-2024,238,"Wayne, NC - Lenoir, NC","Duplin, Greene, Lenoir, Wayne",North Carolina,11/18/2023,1.61
2023-2024,239,"Coffee, TN - Franklin, TN","Coffee, Franklin, Grundy, Moore",Tennessee,12/30/2023,1.9
2023-2024,240,"Yancey, NC - Avery, NC","Avery, Mitchell, Yancey",North Carolina,12/30/2023,2.09
2023-2024,242,"Onslow, NC - Craven, NC","Carteret, Craven, Jones, Onslow, Pamlico",North Carolina,11/25/2023,3.04
2023-2024,243,"Hertford, NC - Bertie, NC","Bertie, Chowan, Gates, Hertford",North Carolina,12/9/2023,1.17
2023-2024,244,"York (Rock Hill), SC - Chester, SC","Chester, York",South Carolina,11/25/2023,1.71
2023-2024,245,"Hardin, TN - McNairy, TN","Hardin, McNairy",Tennessee,11/18/2023,1.3
2023-2024,246,"Horry, SC - Georgetown, SC","Georgetown, Horry",South Carolina,11/25/2023,1.21
2023-2024,248,"Dyer, TN - Lauderdale, TN","Dyer, Lake, Lauderdale",Tennessee,12/2/2023,1.93
2023-2024,249,"Lancaster, SC - Kershaw, SC","Kershaw, Lancaster",South Carolina,11/25/2023,1.33
2023-2024,25,"Frederick, VA - Shenandoah, VA","Clarke, Frederick, Shenandoah, Warren, Winchester City",Virginia,12/9/2023,3.31
2023-2024,250,"Washington, GA - Jefferson, GA","Jefferson, Washington",Georgia,4/27/2024,0.76
2023-2024,252,"Greene, TN - Cocke, TN","Cocke, Greene",Tennessee,12/2/2023,1.86
2023-2024,253,"Elbert, GA - Wilkes, GA","Elbert, Wilkes",Georgia,12/2/2023,1.36
2023-2024,256,"Wilkes, NC",Wilkes,North Carolina,1/20/2024,1.64
2023-2024,258,"Cherokee, NC - Clay, NC","Cherokee, Clay",North Carolina,11/4/2023,0.98
2023-2024,260,"Bedford, TN",Bedford,Tennessee,11/25/2023,1.86
2023-2024,261,"McDowell, NC",McDowell,North Carolina,12/30/2023,1.15
2023-2024,262,"Cumberland (Fayetteville), NC - Sampson, NC","Cumberland, Sampson",North Carolina,11/25/2023,2.22
2023-2024,263,"Scott, TN",Scott,Tennessee,4/6/2024,1.24
2023-2024,264,"Pasquotank, NC - Dare, NC","Camden, Dare, Pasquotank, Perquimans",North Carolina,11/11/2023,1.46
2023-2024,267,"Alamance, NC",Alamance,North Carolina,12/30/2023,3.57
2023-2024,269,"Upson, GA - Lamar, GA","Lamar, Pike, Upson",Georgia,11/25/2023,1.53
2023-2024,27,"Boyle, KY - Lincoln, KY","Boyle, Casey, Garrard, Lincoln, Mercer",Kentucky,11/25/2023,6.58
2023-2024,271,"Grand Traverse, MI - Manistee, MI","Antrim, Benzie, Grand Traverse, Kalkaska, Leelanau, Manistee",Michigan,12/30/2023,1.72
2023-2024,272,"Jefferson (Louisville), KY - Bullitt, KY","Bullitt, Henry, Jefferson, Marion, Nelson, Oldham, Shelby, Spencer, Washington",Kentucky,12/16/2023,3.23
2023-2024,273,"Wabash, IL",Wabash,Illinois,11/18/2023,4.07
2023-2024,274,"Wayne (Detroit), MI - Oakland, MI","Macomb, Oakland, Wayne",Michigan,12/30/2023,1.49
2023-2024,275,"Marion (Indianapolis), IN - Johnson, IN","Hendricks, Johnson, Marion, Morgan, Putnam, Rush, Shelby",Indiana,12/9/2023,0.69
2023-2024,277,"Peoria (Peoria), IL - Tazewell, IL","Fulton, Marshall, Mason, Peoria, Tazewell",Illinois,12/23/2023,1.93
2023-2024,278,"Brown (Green Bay), WI - Oconto, WI","Brown, Door, Kewaunee, Oconto",Wisconsin,1/6/2024,2.41
2023-2024,279,"Champaign (Champaign), IL - Coles, IL","Champaign, Coles, Cumberland, Douglas, Ford",Illinois,12/16/2023,1.78
2023-2024,280,"Milwaukee (Milwaukee), WI - Waukesha, WI","Milwaukee, Ozaukee, Washington, Waukesha",Wisconsin,12/16/2023,0.74
2023-2024,282,"Marathon (Wausau), WI - Wood, WI","Clark, Lincoln, Marathon, Taylor, Wood",Wisconsin,1/6/2024,1.94
2023-2024,284,"Gogebic, MI - Ontonagon, MI","Gogebic, Ontonagon",Michigan,1/13/2024,4.27
2023-2024,285,"Ingham (Lansing), MI - Eaton, MI","Clinton, Eaton, Ingham, Shiawassee",Michigan,12/23/2023,1.22
2023-2024,286,"Ramsey (St. Paul), MN - Dakota, MN","Chisago, Dakota, Ramsey, Washington",Minnesota,12/16/2023,1.85
2023-2024,287,"Cook (Chicago), IL - DuPage, IL","Cook, DuPage, Lake, McHenry",Illinois,11/25/2023,1.43
2023-2024,289,"St. Louis (Duluth), MN - Itasca, MN","Carlton, Cook, Itasca, Koochiching, Lake, Pine, St. Louis",Minnesota,2/10/2024,2.45
2023-2024,29,"Warren, KY - Logan, KY","Allen, Butler, Edmonson, Logan, Simpson, Warren",Kentucky,12/2/2023,4.74
2023-2024,290,"Allamakee, IA",Allamakee,Iowa,2/10/2024,8.14
2023-2024,291,"Winnebago (Rockford), IL - Ogle, IL","Boone, Lee, Ogle, Winnebago",Illinois,11/25/2023,1.66
2023-2024,293,"Marquette, MI - Delta, MI","Alger, Delta, Luce, Marquette, Schoolcraft",Michigan,12/23/2023,1.9
2023-2024,294,"Chippewa, MI - Emmet, MI","Charlevoix, Cheboygan, Chippewa, Emmet, Mackinac",Michigan,12/30/2023,2.23
2023-2024,296,"Muskegon (Muskegon), MI - Newaygo, MI","Mason, Muskegon, Newaygo, Oceana",Michigan,12/23/2023,1.36
2023-2024,297,"St. Clair (Port Huron), MI - Sanilac, MI","Sanilac, St. Clair",Michigan,1/6/2024,2.37
2023-2024,298,"Eau Claire (Eau Claire), WI - Chippewa, WI","Buffalo, Chippewa, Dunn, Eau Claire, Pepin",Wisconsin,1/13/2024,1.95
2023-2024,299,"Madison (Alton), IL - Jersey, IL","Bond, Calhoun, Jersey, Madison",Illinois,1/6/2024,2.03
2023-2024,3,"Sussex, DE - Kent, DE","Kent, Sussex",Delaware,11/18/2023,2.07
2023-2024,30,"Alleghany Cnty & Clifton Forge Cty, VA - Covington City, VA","Alleghany Cnty and Clifton Forge Cty, Bath, Covington City",Virginia,12/9/2023,2.35
2023-2024,300,"Tippecanoe (Lafayette), IN - Clinton, IN","Benton, Carroll, Clinton, Tippecanoe, White",Indiana,12/2/2023,1.9
2023-2024,301,"Dane (Madison), WI - Sauk, WI","Columbia, Dane, Grant, Iowa, Marquette, Richland, Sauk",Wisconsin,1/6/2024,1.79
2023-2024,302,"Stephenson, IL - Jo Daviess, IL","Jo Daviess, Stephenson",Illinois,11/25/2023,3.45
2023-2024,303,"Will (Joliet), IL - Grundy, IL","Grundy, Will",Illinois,12/30/2023,1.79
2023-2024,304,"Allen (Fort Wayne), IN - Noble, IN","Allen, De Kalb, LaGrange, Noble, Steuben, Whitley",Indiana,12/30/2023,1.45
2023-2024,305,"Macon (Decatur), IL - Shelby, IL","Macon, Moultrie, Piatt, Shelby",Illinois,12/2/2023,1.71
2023-2024,306,"Winnebago (Oshkosh), WI - Fond du Lac, WI","Dodge, Fond du Lac, Green Lake, Waushara, Winnebago",Wisconsin,1/6/2024,3
2023-2024,307,"Rock Island (Moline), IL - Henry, IL","Henry, Mercer, Rock Island, Stark",Illinois,1/6/2024,2.02
2023-2024,308,"Lake (Gary), IN - Porter, IN","Jasper, Lake, Newton, Porter",Indiana,11/25/2023,1.46
2023-2024,309,"Kent (Grand Rapids), MI - Ionia, MI","Gratiot, Ionia, Kent, Mecosta, Montcalm",Michigan,12/30/2023,1.34
2023-2024,31,"Monongalia, WV - Marion, WV","Marion, Monongalia, Preston, Taylor",West Virginia,12/23/2023,4.56
2023-2024,310,"Crawford, IL - Lawrence, IL","Crawford, Lawrence",Illinois,1/6/2024,4.17
2023-2024,312,"St. Joseph (South Bend), IN - Marshall, IN","Fulton, Marshall, Pulaski, St. Joseph",Indiana,12/30/2023,1.57
2023-2024,313,"Bartholomew, IN - Jackson, IN","Bartholomew, Decatur, Jackson, Jennings",Indiana,12/9/2023,2.23
2023-2024,314,"Washburn, WI - Burnett, WI","Burnett, Washburn",Wisconsin,1/27/2024,2.29
2023-2024,315,"Dickinson, MI - Menominee, MI","Dickinson, Iron, Menominee",Michigan,12/9/2023,3.07
2023-2024,316,"Perry, IN",Perry,Indiana,1/6/2024,2.13
2023-2024,317,"Wexford, MI - Osceola, MI","Lake, Missaukee, Osceola, Wexford",Michigan,2/17/2024,1.85
2023-2024,318,"Sangamon (Springfield), IL - Christian, IL","Brown, Cass, Christian, Logan, McDonough, Menard, Sangamon, Schuyler",Illinois,12/30/2023,2.22
2023-2024,319,"Morgan, IL - Greene, IL","Greene, Morgan, Scott",Illinois,1/20/2024,2.42
2023-2024,32,"Hampden (Springfield), MA - Hampshire, MA","Hampden, Hampshire",Massachusetts,12/9/2023,2.59
2023-2024,320,"Ottawa (Holland), MI - Allegan, MI","Allegan, Ottawa",Michigan,12/23/2023,1.42
2023-2024,321,"Dearborn, IN - Jefferson (Madison), IN","Dearborn, Jefferson, Ohio, Ripley, Switzerland",Indiana,12/23/2023,3.49
2023-2024,322,"Saginaw (Saginaw), MI - Tuscola, MI","Huron, Saginaw, Tuscola",Michigan,1/6/2024,2.03
2023-2024,323,"Delaware (Muncie), IN - Randolph, IN","Blackford, Delaware, Randolph",Indiana,12/30/2023,3.78
2023-2024,324,"Knox, IL - Warren, IL","Knox, Warren",Illinois,12/30/2023,3.45
2023-2024,325,"St. Clair (Belleville), IL - Clinton, IL","Clinton, Monroe, Randolph, St. Clair",Illinois,12/23/2023,1.76
2023-2024,326,"Rock (Janesville), WI - Green, WI","Green, Lafayette, Rock",Wisconsin,12/30/2023,2.08
2023-2024,327,"Berrien (Benton Harbor), MI - Van Buren, MI","Berrien, Cass, Van Buren",Michigan,12/30/2023,0.48
2023-2024,328,"Genesee (Flint), MI - Lapeer, MI","Genesee, Lapeer",Michigan,12/16/2023,1.53
2023-2024,329,"Lawrence, IN - Orange, IN","Lawrence, Orange",Indiana,8/5/2023,0
2023-2024,33,"Henrico (Richmond), VA - Chesterfield, VA","Amelia, Charles City, Charlotte, Chesterfield, Colonial Heights City, Cumberland, Essex, Goochland, Hanover, Henrico, King William, King and Queen, Lancaster, Middlesex, New Kent, Northumberland, Nottoway, Powhatan, Prince Edward, Richmond, Richmond City, Westmoreland",Virginia,11/11/2023,0.97
2023-2024,330,"Midland (Midland), MI - Isabella, MI","Clare, Gladwin, Isabella, Midland",Michigan,12/30/2023,1.97
2023-2024,331,"Williamson, IL - Jackson, IL","Franklin, Jackson, Perry, Williamson",Illinois,12/16/2023,2.2
2023-2024,332,"Huntington, IN - Adams, IN","Adams, Huntington, Jay, Wells",Indiana,12/30/2023,3.57
2023-2024,333,"Vermilion, IL - Edgar, IL","Edgar, Vermilion",Illinois,12/23/2023,2.79
2023-2024,334,"Macoupin, IL - Montgomery, IL","Macoupin, Montgomery",Illinois,2/10/2024,2.84
2023-2024,335,"Jefferson, IL - Wayne, IL","Jefferson, Wayne",Illinois,12/30/2023,3.2
2023-2024,336,"La Salle, IL - Livingston, IL","Bureau, La Salle, Livingston, Putnam",Illinois,12/30/2023,2.08
2023-2024,338,"McLean (Bloomington), IL - Woodford, IL","De Witt, McLean, Woodford",Illinois,12/30/2023,2.22
2023-2024,339,"Floyd (New Albany), IN - Harrison, IN","Crawford, Floyd, Harrison, Washington",Indiana,12/30/2023,1.98
2023-2024,341,"Monroe (Bloomington), IN - Greene, IN","Brown, Greene, Monroe, Owen",Indiana,12/16/2023,2.3
2023-2024,342,"Bay (Bay City), MI - Iosco, MI","Arenac, Bay, Iosco, Ogemaw, Oscoda",Michigan,12/30/2023,1.95
2023-2024,343,"Kankakee (Kankakee), IL - Iroquois, IL","Iroquois, Kankakee",Illinois,11/25/2023,2.26
2023-2024,344,"Outagamie (Appleton), WI - Waupaca, WI","Outagamie, Waupaca",Wisconsin,12/30/2023,1.42
2023-2024,348,"Kalamazoo (Kalamazoo), MI - St. Joseph, MI","Kalamazoo, St. Joseph",Michigan,12/9/2023,0.6
2023-2024,349,"Elkhart (Elkhart), IN - Kosciusko, IN","Elkhart, Kosciusko",Indiana,1/6/2024,2.52
2023-2024,35,"Cattaraugus, NY - Allegany, NY","Allegany, Cattaraugus",New York,12/30/2023,2.78
2023-2024,350,"Clayton, IA - Delaware, IA","Clayton, Delaware",Iowa,1/6/2024,2.88
2023-2024,351,"Richland, IL - Clay, IL","Clay, Edwards, Jasper, Richland",Illinois,12/23/2023,3.24
2023-2024,353,"Adams, IL - Pike, IL","Adams, Pike",Illinois,12/30/2023,1.46
2023-2024,355,"Sheboygan (Sheboygan), WI - Manitowoc, WI","Calumet, Manitowoc, Sheboygan",Wisconsin,1/20/2024,2.02
2023-2024,357,"Ashland, WI - Sawyer, WI","Ashland, Bayfield, Price, Sawyer",Wisconsin,2/3/2024,2.69
2023-2024,358,"Marion, IL - Washington, IL","Marion, Washington",Illinois,12/30/2023,4.31
2023-2024,359,"Houghton, MI - Baraga, MI","Baraga, Houghton, Keweenaw",Michigan,1/13/2024,1.34
2023-2024,36,"Bergen, NJ - Hudson (Jersey City), NJ","Bergen, Hudson, Passaic",New Jersey,11/18/2023,0.99
2023-2024,361,"Whiteside, IL - Carroll, IL","Carroll, Whiteside",Illinois,12/30/2023,3.63
2023-2024,362,"Hancock, IN - Henry (New Castle), IN","Hancock, Henry",Indiana,1/13/2024,2.14
2023-2024,363,"Effingham, IL - Fayette, IL","Effingham, Fayette",Illinois,1/6/2024,3.61
2023-2024,364,"Howard (Kokomo), IN - Cass, IN","Cass, Howard, Tipton",Indiana,12/2/2023,1.74
2023-2024,365,"Clark (Jeffersonville), IN - Scott, IN","Clark, Scott",Indiana,12/2/2023,0.94
2023-2024,367,"Hancock, IL",Hancock,Illinois,1/20/2024,2.97
2023-2024,37,"Pulaski, KY - Wayne, KY","McCreary, Pulaski, Wayne",Kentucky,12/23/2023,2.84
2023-2024,370,"Goodhue, MN",Goodhue,Minnesota,1/20/2024,3.79
2023-2024,373,"Kane (Aurora), IL - DeKalb, IL","DeKalb, Kane, Kendall",Illinois,12/9/2023,1.87
2023-2024,374,"Barron, WI - Rusk, WI","Barron, Rusk",Wisconsin,2/24/2024,2.87
2023-2024,375,"Jackson (Jackson), MI - Lenawee, MI","Branch, Hillsdale, Jackson, Lenawee",Michigan,1/6/2024,1.47
2023-2024,378,"La Porte, IN - Starke, IN","La Porte, Starke",Indiana,11/25/2023,1.55
2023-2024,379,"Shawano, WI - Langlade, WI","Langlade, Menominee, Shawano",Wisconsin,2/24/2024,2.99
2023-2024,38,"Kennebec, ME - Somerset, ME","Kennebec, Somerset, Waldo",Maine,12/30/2023,2.05
2023-2024,381,"Calhoun (Battle Creek), MI - Barry, MI","Barry, Calhoun",Michigan,1/6/2024,2.56
2023-2024,382,"Racine (Racine), WI - Kenosha, WI","Kenosha, Racine",Wisconsin,12/30/2023,1.49
2023-2024,383,"White, IL - Hamilton, IL","Hamilton, White",Illinois,1/6/2024,5.61
2023-2024,384,"Saline, IL - Gallatin, IL","Gallatin, Hardin, Pope, Saline",Illinois,12/23/2023,2.11
2023-2024,385,"Wayne, IN - Fayette, IN","Fayette, Union, Wayne",Indiana,2/10/2024,1
2023-2024,387,"Walworth, WI - Jefferson, WI","Jefferson, Walworth",Wisconsin,12/23/2023,1.91
2023-2024,389,"Grant, IN - Miami, IN","Grant, Miami, Wabash",Indiana,12/23/2023,3.27
2023-2024,39,"Tazewell, VA - Buchanan, VA","Bland, Buchanan, Tazewell",Virginia,12/23/2023,4.32
2023-2024,390,"Hamilton, IN - Madison (Anderson), IN","Hamilton, Madison",Indiana,12/9/2023,1.31
2023-2024,391,"Juneau, WI - Adams, WI","Adams, Juneau",Wisconsin,1/27/2024,1.17
2023-2024,392,"Roscommon, MI - Otsego, MI","Crawford, Otsego, Roscommon",Michigan,1/6/2024,2.38
2023-2024,394,"Dubois, IN",Dubois,Indiana,12/23/2023,2.36
2023-2024,395,"Winneshiek, IA",Winneshiek,Iowa,1/13/2024,2.63
2023-2024,396,"Rice, MN",Rice,Minnesota,12/23/2023,5.36
2023-2024,399,"Jackson, WI",Jackson,Wisconsin,12/30/2023,1.65
2023-2024,4,"Hartford (Hartford), CT - Tolland, CT","Hartford, Tolland, Windham",Connecticut,11/25/2023,0.85
2023-2024,40,"Henderson (Henderson), KY - Union, KY","Henderson, Union",Kentucky,12/9/2023,1.95
2023-2024,400,"Portage, WI",Portage,Wisconsin,12/30/2023,1.52
2023-2024,401,"Boone, IN",Boone,Indiana,12/23/2023,4.48
2023-2024,402,"Montgomery, IN",Montgomery,Indiana,12/9/2023,1.82
2023-2024,403,"Orleans (New Orleans), LA - Jefferson, LA","Jefferson, Orleans, Plaquemines, St. Bernard, St. Charles, St. James, St. John the Baptist",Louisiana,10/28/2023,1
2023-2024,405,"Potter (Amarillo), TX - Randall, TX","Armstrong, Briscoe, Carson, Dallam, Donley, Hansford, Hartley, Hutchinson, Moore, Ochiltree, Oldham, Potter, Randall, Sherman, Swisher",Texas,12/23/2023,5.15
2023-2024,406,"Lubbock (Lubbock), TX - Hockley, TX","Bailey, Borden, Cochran, Crosby, Dawson, Dickens, Garza, Hockley, King, Lamb, Lubbock, Lynn, Motley",Texas,12/30/2023,2.7
2023-2024,408,"Harris (Houston), TX - Fort Bend, TX","Austin, Chambers, Fort Bend, Harris, Liberty, Montgomery, San Jacinto, Waller",Texas,11/11/2023,0.99
2023-2024,409,"Forrest, MS - Lamar, MS","Covington, Forrest, Greene, Lamar, Perry",Mississippi,11/11/2023,1.58
2023-2024,41,"Westchester (Yonkers), NY - Dutchess, NY","Dutchess, Putnam, Ulster, Westchester",New York,11/18/2023,2.54
2023-2024,410,"Bexar (San Antonio), TX - Guadalupe, TX","Atascosa, Bandera, Bexar, Frio, Gonzales, Guadalupe, Kendall, La Salle, McMullen, Medina, Wilson, Zavala",Texas,11/25/2023,3.15
2023-2024,411,"Hinds (Jackson), MS - Rankin, MS","Attala, Hinds, Holmes, Leake, Madison, Rankin, Scott, Simpson",Mississippi,11/11/2023,1.31
2023-2024,413,"Jefferson (Beaumont), TX - Orange, TX","Hardin, Jasper, Jefferson, Newton, Orange, Tyler",Texas,11/4/2023,1.85
2023-2024,414,"Tulsa (Tulsa), OK - Rogers, OK","Craig, Creek, Mayes, Ottawa, Rogers, Tulsa",Oklahoma,12/16/2023,2.13
2023-2024,415,"El Paso (El Paso), TX - Hudspeth, TX","Culberson, El Paso, Hudspeth, Loving",Texas,11/25/2023,1.17
2023-2024,416,"Caddo (Shreveport), LA - Bossier, LA","Bossier, Caddo, De Soto, Natchitoches, Red River, Sabine, Webster",Louisiana,11/25/2023,2.23
2023-2024,417,"Oklahoma (Oklahoma City), OK - Canadian, OK","Canadian, Lincoln, Logan, Oklahoma, Pottawatomie",Oklahoma,12/30/2023,1.68
2023-2024,418,"Lee, MS - Monroe, MS","Chickasaw, Itawamba, Lee, Monroe, Prentiss",Mississippi,10/14/2023,0.98
2023-2024,419,"East Baton Rouge (Baton Rouge), LA - Livingston, LA","Ascension, East Baton Rouge, East Feliciana, Iberville, Livingston, Pointe Coupee, West Baton Rouge, West Feliciana",Louisiana,11/11/2023,0.44
2023-2024,420,"Wichita (Wichita Falls), TX - Montague, TX","Archer, Baylor, Clay, Knox, Montague, Throckmorton, Wichita, Young",Texas,12/16/2023,2.02
2023-2024,422,"Coahoma, MS - Tallahatchie, MS","Coahoma, Quitman, Tallahatchie",Mississippi,11/18/2023,2.19
2023-2024,423,"Tangipahoa, LA - St. Helena, LA","St. Helena, Tangipahoa",Louisiana,11/25/2023,2.72
2023-2024,424,"Lafayette (Lafayette), LA - Iberia, LA","Acadia, Iberia, Lafayette, St. Martin, Vermilion",Louisiana,11/25/2023,2.46
2023-2024,425,"Travis (Austin), TX - Williamson, TX","Bastrop, Burnet, Lee, Llano, Travis, Williamson",Texas,11/25/2023,0.83
2023-2024,426,"Tom Green (San Angelo), TX - Runnels, TX","Coke, Concho, Crockett, Irion, McCulloch, Menard, Reagan, Runnels, Schleicher, Sterling, Sutton, Tom Green",Texas,12/16/2023,3.71
2023-2024,427,"Hidalgo (Mcallen), TX - Starr, TX","Hidalgo, Starr",Texas,11/4/2023,3.52
2023-2024,428,"Taylor (Abilene), TX - Jones, TX","Callahan, Eastland, Haskell, Jones, Kent, Shackelford, Stephens, Stonewall, Taylor",Texas,12/30/2023,3.29
2023-2024,429,"Garfield (Enid), OK - Kingfisher, OK","Alfalfa, Blaine, Garfield, Grant, Kingfisher, Major, Woods",Oklahoma,12/30/2023,1.71
2023-2024,430,"Cleveland (Norman), OK - McClain, OK","Cleveland, Garvin, McClain, Murray",Oklahoma,12/9/2023,1.96
2023-2024,433,"Victoria (Victoria), TX - Calhoun, TX","Calhoun, DeWitt, Goliad, Jackson, Lavaca, Refugio, Victoria",Texas,12/2/2023,2.11
2023-2024,434,"Tarrant (Fort Worth), TX - Johnson, TX","Hood, Johnson, Parker, Somervell, Tarrant",Texas,11/25/2023,2.84
2023-2024,435,"Concordia, LA - Tensas, LA","Concordia, Tensas",Louisiana,11/11/2023,3.45
2023-2024,437,"Nueces (Corpus Christi), TX - San Patricio, TX","Aransas, Brooks, Duval, Jim Wells, Kenedy, Kleberg, Live Oak, Nueces, San Patricio",Texas,11/25/2023,0.63
2023-2024,439,"Lincoln, LA - Union, LA","Bienville, Jackson, Lincoln, Union",Louisiana,12/2/2023,3.17
2023-2024,441,"Smith (Tyler), TX - Henderson, TX","Henderson, Smith, Van Zandt, Wood",Texas,11/25/2023,1.48
2023-2024,443,"Ouachita (Monroe), LA - Morehouse, LA","Caldwell, East Carroll, Franklin, Morehouse, Ouachita, Richland, West Carroll",Louisiana,11/18/2023,1.51
2023-2024,444,"Ector (Odessa), TX - Reeves, TX","Crane, Ector, Reeves, Ward, Winkler",Texas,11/25/2023,1.97
2023-2024,447,"Nacogdoches, TX - Shelby, TX","Nacogdoches, Sabine, San Augustine, Shelby",Texas,12/2/2023,3.53
2023-2024,449,"Angelina, TX - Walker, TX","Angelina, Polk, Trinity, Walker",Texas,10/28/2023,1.41
2023-2024,45,"Christian (Hopkinsville), KY - Hopkins, KY","Caldwell, Christian, Hopkins, Muhlenberg, Todd, Trigg, Webster",Kentucky,12/9/2023,3.79
2023-2024,450,"Rapides (Alexandria), LA - Avoyelles, LA","Allen, Avoyelles, Catahoula, Grant, La Salle, Rapides",Louisiana,12/2/2023,2.4
2023-2024,451,"Montgomery, KS - Chautauqua, KS","Chautauqua, Elk, Montgomery",Kansas,1/6/2024,3.55
2023-2024,452,"Bell (Killeen), TX - Coryell, TX","Bell, Coryell, Lampasas, Milam",Texas,11/18/2023,1.02
2023-2024,453,"Dallas (Dallas), TX - Collin, TX","Collin, Dallas, Ellis, Hopkins, Hunt, Kaufman, Rains, Rockwall",Texas,11/25/2023,1.68
2023-2024,454,"Gregg (Longview), TX - Rusk, TX","Gregg, Panola, Rusk, Upshur",Texas,11/11/2023,1.81
2023-2024,455,"Jones, MS - Wayne, MS","Jasper, Jones, Smith, Wayne",Mississippi,11/25/2023,2.02
2023-2024,456,"Harrison (Biloxi), MS - Hancock, MS","Hancock, Harrison, Stone",Mississippi,11/25/2023,2.33
2023-2024,458,"Wilbarger, TX - Hardeman, TX","Foard, Hardeman, Wilbarger",Texas,1/27/2024,3.35
2023-2024,459,"Lafayette, MS - Calhoun, MS","Calhoun, Lafayette, Yalobusha",Mississippi,11/25/2023,2.09
2023-2024,46,"Boyd, KY - Greenup, KY","Boyd, Carter, Greenup, Lawrence, Martin",Kentucky,11/25/2023,1.89
2023-2024,460,"Gray, TX - Wheeler, TX","Gray, Hemphill, Roberts, Wheeler",Texas,12/23/2023,2.23
2023-2024,462,"McLennan (Waco), TX - Hill, TX","Bosque, Falls, Hamilton, Hill, Limestone, McLennan",Texas,11/25/2023,2.28
2023-2024,463,"St. Landry, LA - Evangeline, LA","Evangeline, St. Landry",Louisiana,11/18/2023,1.5
2023-2024,464,"Brazos (Bryan), TX - Washington, TX","Brazos, Burleson, Grimes, Robertson, Washington",Texas,11/25/2023,2.47
2023-2024,465,"Titus, TX - Morris, TX","Camp, Franklin, Morris, Titus",Texas,11/11/2023,1.11
2023-2024,467,"Terrebonne (Houma), LA - Lafourche, LA","Assumption, Lafourche, Terrebonne",Louisiana,11/25/2023,2.47
2023-2024,470,"Calcasieu (Lake Charles), LA - Vernon, LA","Beauregard, Calcasieu, Cameron, Jefferson Davis, Vernon",Louisiana,11/25/2023,3.23
2023-2024,471,"Jackson (Pascagoula), MS - George, MS","George, Jackson",Mississippi,11/18/2023,1.02
2023-2024,474,"Carter, OK - Marshall, OK","Carter, Johnston, Love, Marshall",Oklahoma,12/23/2023,3.87
2023-2024,475,"Custer, OK - Washita, OK","Custer, Washita",Oklahoma,12/30/2023,3.41
2023-2024,477,"Pike, MS - Marion, MS","Amite, Marion, Pike, Walthall",Mississippi,11/4/2023,3.17
2023-2024,478,"Pontotoc, OK - Seminole, OK","Coal, Hughes, Pontotoc, Seminole",Oklahoma,12/30/2023,3.42
2023-2024,479,"Palo Pinto, TX - Jack, TX","Jack, Palo Pinto",Texas,11/25/2023,6.65
2023-2024,48,"Frederick, MD",Frederick,Maryland,12/2/2023,2.6
2023-2024,481,"Hale, TX - Castro, TX","Castro, Floyd, Hale",Texas,12/30/2023,3.09
2023-2024,482,"Pontotoc, MS - Union, MS","Pontotoc, Tippah, Union",Mississippi,11/11/2023,2.4
2023-2024,484,"Oktibbeha, MS - Winston, MS","Choctaw, Oktibbeha, Webster, Winston",Mississippi,10/28/2023,2.46
2023-2024,485,"Harrison (Marshall), TX - Cass, TX","Cass, Harrison, Marion",Texas,11/25/2023,1.77
2023-2024,487,"Bolivar, MS - Leflore, MS","Bolivar, Humphreys, Leflore, Sunflower",Mississippi,9/30/2023,2.04
2023-2024,488,"Washington, MS - Sharkey, MS","Issaquena, Sharkey, Washington",Mississippi,10/14/2023,2.66
2023-2024,489,"Navarro, TX - Freestone, TX","Freestone, Navarro",Texas,12/16/2023,3
2023-2024,49,"Chittenden (Burlington), VT - Franklin, VT","Addison, Chittenden, Franklin, Grand Isle",Vermont,1/6/2024,2.5
2023-2024,490,"Fayette, TX - Colorado, TX","Colorado, Fayette",Texas,9/23/2023,0.82
2023-2024,491,"Deaf Smith, TX - Parmer, TX","Deaf Smith, Parmer",Texas,10/21/2023,4.83
2023-2024,492,"Midland (Midland), TX - Pecos, TX","Martin, Midland, Pecos, Terrell, Upton",Texas,12/9/2023,3.4
2023-2024,495,"Denton (Denton), TX - Wise, TX","Cooke, Denton, Wise",Texas,11/25/2023,1.19
2023-2024,498,"Alcorn, MS - Tishomingo, MS","Alcorn, Tishomingo",Mississippi,11/4/2023,2.85
2023-2024,5,"Newport News City, VA - Hampton City, VA","Gloucester, Hampton City, James City, Mathews, Newport News City, Poquoson City, Williamsburg City, York",Virginia,12/2/2023,0.53
2023-2024,50,"Randolph, WV - Barbour, WV","Barbour, Pocahontas, Randolph, Tucker",West Virginia,12/30/2023,2.54
2023-2024,500,"St. Tammany (Slidell), LA - Washington, LA","St. Tammany, Washington",Louisiana,11/18/2023,1.93
2023-2024,501,"Leon, TX - Madison, TX","Leon, Madison",Texas,11/25/2023,2.01
2023-2024,502,"Grenada, MS - Montgomery, MS","Carroll, Grenada, Montgomery",Mississippi,12/2/2023,2.78
2023-2024,503,"Nolan, TX - Mitchell, TX","Fisher, Mitchell, Nolan",Texas,2/3/2024,2.02
2023-2024,504,"Jefferson Davis, MS - Lawrence, MS","Jefferson Davis, Lawrence",Mississippi,10/28/2023,3.17
2023-2024,505,"Brazoria (Lake Jackson), TX - Wharton, TX","Brazoria, Matagorda, Wharton",Texas,11/11/2023,2.07
2023-2024,506,"Kerr, TX - Gillespie, TX","Blanco, Edwards, Gillespie, Kerr, Kimble, Mason, Real",Texas,11/25/2023,1.08
2023-2024,507,"Erath, TX - Comanche, TX","Comanche, Erath",Texas,12/16/2023,3.02
2023-2024,508,"Lea, NM",Lea,New Mexico,11/4/2023,4.35
2023-2024,509,"Anderson, TX - Cherokee, TX","Anderson, Cherokee, Houston",Texas,12/2/2023,1.59
2023-2024,51,"Laurel, KY - Whitley, KY","Clay, Knox, Laurel, Whitley",Kentucky,12/23/2023,3.4
2023-2024,510,"Hays (San Marcos), TX - Caldwell, TX","Caldwell, Hays",Texas,11/25/2023,1.37
2023-2024,511,"Lincoln, MS - Copiah, MS","Copiah, Lincoln",Mississippi,8/5/2023,0
2023-2024,512,"Childress, TX - Hall, TX","Childress, Cottle, Hall",Texas,12/2/2023,2.4
2023-2024,513,"Bee, TX - Karnes, TX","Bee, Karnes",Texas,11/4/2023,2.54
2023-2024,516,"Maverick, TX - Val Verde, TX","Kinney, Maverick, Val Verde",Texas,10/21/2023,0.87
2023-2024,517,"Comal, TX",Comal,Texas,12/2/2023,2.38
2023-2024,518,"Howard, TX - Glasscock, TX","Glasscock, Howard",Texas,12/16/2023,2.65
2023-2024,520,"Cameron (Brownsville), TX - Willacy, TX","Cameron, Willacy",Texas,11/11/2023,1.82
2023-2024,523,"Claiborne, LA",Claiborne,Louisiana,12/23/2023,5.91
2023-2024,525,"Wilkinson, MS",Wilkinson,Mississippi,11/18/2023,1.19
2023-2024,526,"Brewster, TX - Presidio, TX","Brewster, Jeff Davis, Presidio",Texas,12/16/2023,0.95
2023-2024,528,"St. Mary, LA",St. Mary,Louisiana,12/16/2023,3.01
2023-2024,53,"Barren, KY - Hart, KY","Barren, Hart, Metcalfe, Monroe",Kentucky,12/16/2023,3.24
2023-2024,530,"Winn, LA",Winn,Louisiana,3/9/2024,0.75
2023-2024,531,"Dimmit, TX",Dimmit,Texas,11/18/2023,3.51
2023-2024,532,"Galveston, TX",Galveston,Texas,10/14/2023,1.16
2023-2024,533,"Yazoo, MS",Yazoo,Mississippi,11/25/2023,3.02
2023-2024,536,"Uvalde, TX",Uvalde,Texas,12/2/2023,4.81
2023-2024,538,"Webb (Laredo), TX - Zapata, TX","Jim Hogg, Webb, Zapata",Texas,11/11/2023,6.21
2023-2024,539,"Cherokee, KS",Cherokee,Kansas,1/27/2024,2.7
2023-2024,54,"Erie (Buffalo), NY - Monroe, NY","Erie, Genesee, Livingston, Monroe, Niagara, Orleans, Wyoming",New York,12/30/2023,1.86
2023-2024,540,"Hennepin (Minneapolis), MN - Anoka, MN","Anoka, Carver, Hennepin, Le Sueur, McLeod, Scott, Sherburne, Sibley, Wright",Minnesota,12/23/2023,2.14
2023-2024,542,"Douglas (Omaha), NE - Sarpy, NE","Burt, Cass, Colfax, Cuming, Dodge, Douglas, Sarpy, Saunders, Washington",Nebraska,12/23/2023,1.31
2023-2024,544,"Lyon, IA",Lyon,Iowa,1/20/2024,6.25
2023-2024,545,"Linn (Cedar Rapids), IA - Johnson, IA","Benton, Cedar, Iowa, Johnson, Jones, Linn, Louisa, Washington",Iowa,1/6/2024,1.38
2023-2024,546,"Polk (Des Moines), IA - Dallas, IA","Adair, Clarke, Dallas, Decatur, Jasper, Madison, Marion, Polk, Ringgold, Union, Warren",Iowa,12/30/2023,3.04
2023-2024,547,"Clay, MN - Becker, MN","Becker, Clay, Mahnomen, Norman, Wilkin",Minnesota,2/24/2024,2.58
2023-2024,55,"Wise, VA - Lee, VA","Dickenson, Lee, Norton City, Wise",Virginia,12/30/2023,3.34
2023-2024,551,"Ford, KS - Gray, KS","Clark, Ford, Gray, Hodgeman, Meade",Kansas,1/6/2024,4.65
2023-2024,552,"Howard, IA",Howard,Iowa,2/3/2024,3.37
2023-2024,554,"Shawnee (Topeka), KS - Riley, KS","Brown, Jackson, Jefferson, Nemaha, Osage, Pottawatomie, Riley, Shawnee, Wabaunsee",Kansas,12/30/2023,1.67
2023-2024,555,"Hall, NE - Hamilton, NE","Greeley, Hall, Hamilton, Howard, Merrick",Nebraska,2/3/2024,1.23
2023-2024,556,"Cerro Gordo, IA - Kossuth, IA","Cerro Gordo, Franklin, Hancock, Kossuth, Winnebago, Worth",Iowa,1/6/2024,2.4
2023-2024,557,"Black Hawk (Waterloo), IA - Bremer, IA","Black Hawk, Bremer, Buchanan, Butler, Fayette, Grundy",Iowa,1/20/2024,2.41
2023-2024,559,"Holt, NE - Brown, NE","Brown, Holt, Keya Paha, Rock",Nebraska,1/6/2024,4.26
2023-2024,56,"Onondaga (Syracuse), NY - Oswego, NY","Cayuga, Onondaga, Oswego",New York,12/9/2023,1.15
2023-2024,560,"Woodbury (Sioux City), IA - Plymouth, IA","Buena Vista, Cherokee, Ida, Monona, Plymouth, Woodbury",Iowa,12/23/2023,2.51
2023-2024,561,"Lancaster (Lincoln), NE - Gage, NE","Butler, Gage, Jefferson, Lancaster, Saline, Seward",Nebraska,12/30/2023,1.35
2023-2024,563,"Union, IL - Alexander, IL","Alexander, Pulaski, Union",Illinois,12/23/2023,2.66
2023-2024,564,"Adams, NE - Clay, NE","Adams, Clay, Nuckolls, Webster",Nebraska,2/3/2024,2.61
2023-2024,565,"Ellis, KS - Rooks, KS","Ellis, Gove, Graham, Logan, Rooks, Trego",Kansas,2/24/2024,2.88
2023-2024,567,"Lyon, KS - Coffey, KS","Chase, Coffey, Greenwood, Lyon",Kansas,1/6/2024,3.28
2023-2024,569,"Saline, KS - Ellsworth, KS","Ellsworth, Lincoln, Ottawa, Saline",Kansas,1/13/2024,0.65
2023-2024,570,"Buffalo, NE - Dawson, NE","Buffalo, Dawson, Franklin, Frontier, Gosper, Kearney, Sherman",Nebraska,1/6/2024,1.98
2023-2024,573,"Blue Earth, MN - Nicollet, MN","Blue Earth, Nicollet, Waseca, Watonwan",Minnesota,1/20/2024,3.48
2023-2024,575,"Finney, KS - Scott, KS","Finney, Hamilton, Haskell, Kearny, Lane, Scott",Kansas,12/23/2023,2.88
2023-2024,576,"Sedgwick (Wichita), KS - Butler, KS","Butler, Cowley, Harvey, Marion, Sedgwick, Sumner",Kansas,1/6/2024,1.32
2023-2024,577,"Madison, NE - Wayne, NE","Antelope, Madison, Pierce, Stanton, Wayne",Nebraska,2/10/2024,2.9
2023-2024,578,"Cedar, NE - Knox, NE","Cedar, Knox",Nebraska,2/10/2024,10
2023-2024,58,"Otsego, NY - Chenango, NY","Chenango, Delaware, Otsego, Schoharie",New York,12/30/2023,0.81
2023-2024,580,"Scotts Bluff, NE - Box Butte, NE","Banner, Box Butte, Garden, Grant, Morrill, Scotts Bluff",Nebraska,2/17/2024,2.28
2023-2024,583,"Barton, KS - Pawnee, KS","Barton, Edwards, Pawnee, Rush",Kansas,2/10/2024,1.34
2023-2024,584,"Polk, MN",Polk,Minnesota,2/3/2024,4.41
2023-2024,585,"Webster, IA - Humboldt, IA","Humboldt, Pocahontas, Webster",Iowa,2/24/2024,2.26
2023-2024,587,"Seward, KS - Morton, KS","Morton, Seward",Kansas,12/30/2023,4.47
2023-2024,588,"Stearns (St. Cloud), MN - Benton, MN","Benton, Meeker, Morrison, Stearns, Todd",Minnesota,12/23/2023,3.29
2023-2024,589,"Wapello, IA - Mahaska, IA","Jefferson, Keokuk, Mahaska, Monroe, Van Buren, Wapello",Iowa,2/10/2024,1.53
2023-2024,59,"Oneida (Utica), NY - Madison, NY","Herkimer, Madison, Oneida",New York,12/30/2023,2.29
2023-2024,590,"Big Stone, MN - Traverse, MN","Big Stone, Traverse",Minnesota,4/13/2024,12.5
2023-2024,592,"Kandiyohi, MN - Chippewa, MN","Chippewa, Kandiyohi, Lac qui Parle, Swift, Yellow Medicine",Minnesota,2/17/2024,3.29
2023-2024,593,"Lincoln, NE - Keith, NE","Arthur, Hooker, Keith, Lincoln, McPherson, Perkins",Nebraska,2/17/2024,1.61
2023-2024,594,"Custer, NE - Valley, NE","Blaine, Custer, Garfield, Logan, Loup, Thomas, Valley, Wheeler",Nebraska,1/27/2024,8.57
2023-2024,595,"Boyd, NE",Boyd,Nebraska,1/6/2024,16.67
2023-2024,596,"Pottawattamie (Council Bluffs), IA - Harrison, IA","Audubon, Cass, Harrison, Mills, Pottawattamie, Shelby",Iowa,1/13/2024,2.67
2023-2024,598,"Reno, KS - Rice, KS","Reno, Rice, Stafford",Kansas,12/30/2023,2.8
2023-2024,60,"Raleigh, WV - Fayette, WV","Fayette, Raleigh, Summers, Wyoming",West Virginia,12/30/2023,3.04
2023-2024,601,"Labette, KS - Neosho, KS","Allen, Labette, Neosho, Woodson",Kansas,1/27/2024,3.02
2023-2024,602,"Brown, MN - Renville, MN","Brown, Redwood, Renville",Minnesota,1/20/2024,4.31
2023-2024,603,"Isanti (Cambridge), MN - Mille Lacs, MN","Isanti, Kanabec, Mille Lacs",Minnesota,2/3/2024,2.82
2023-2024,604,"Pennington, MN - Marshall, MN","Kittson, Marshall, Pennington, Red Lake",Minnesota,1/13/2024,4.35
2023-2024,606,"Story, IA - Boone, IA","Boone, Hamilton, Hardin, Story, Wright",Iowa,1/13/2024,0.98
2023-2024,608,"Douglas, MN - Pope, MN","Douglas, Pope, Stevens",Minnesota,2/10/2024,3.21
2023-2024,609,"Lyon, MN - Lincoln, MN","Lincoln, Lyon",Minnesota,12/23/2023,4.33
2023-2024,61,"District of Columbia, DC",District of Columbia,District of Columbia,11/11/2023,1.64
2023-2024,611,"York, NE - Polk, NE","Polk, York",Nebraska,12/30/2023,5.13
2023-2024,612,"Crow Wing, MN - Cass, MN","Aitkin, Cass, Crow Wing, Hubbard, Wadena",Minnesota,1/27/2024,1.64
2023-2024,613,"Decatur, KS - Sheridan, KS","Decatur, Sheridan",Kansas,12/30/2023,7.69
2023-2024,616,"Phelps, NE - Furnas, NE","Furnas, Harlan, Phelps",Nebraska,1/27/2024,4.03
2023-2024,617,"Guthrie, IA - Greene, IA","Greene, Guthrie",Iowa,1/13/2024,3.12
2023-2024,618,"Pratt, KS - Kiowa, KS","Comanche, Kiowa, Pratt",Kansas,1/6/2024,4
2023-2024,62,"Madison, KY - Rockcastle, KY","Estill, Jackson, Madison, Rockcastle",Kentucky,12/9/2023,2.24
2023-2024,621,"Wyandotte (Kansas City), KS - Leavenworth, KS","Leavenworth, Wyandotte",Kansas,12/30/2023,0.59
2023-2024,622,"Mitchell, KS - Osborne, KS","Jewell, Mitchell, Osborne",Kansas,1/20/2024,8.62
2023-2024,624,"Johnson (Overland Park), KS - Douglas, KS","Anderson, Douglas, Franklin, Johnson, Miami",Kansas,12/23/2023,2.16
2023-2024,625,"Clay, IA - Dickinson, IA","Clay, Dickinson, Palo Alto",Iowa,1/6/2024,2.09
2023-2024,626,"Emmet, IA",Emmet,Iowa,1/13/2024,3.28
2023-2024,628,"Richardson, NE - Pawnee, NE","Pawnee, Richardson",Nebraska,4/13/2024,2.41
2023-2024,63,"Rockingham, VA - Harrisonburg City, VA","Harrisonburg City, Page, Rockingham",Virginia,11/25/2023,2.76
2023-2024,630,"Crawford, KS - Bourbon, KS","Bourbon, Crawford, Linn",Kansas,12/30/2023,3.11
2023-2024,631,"Roseau, MN - Lake of the Woods, MN","Lake of the Woods, Roseau",Minnesota,2/10/2024,1.94
2023-2024,633,"Carroll, IA - Sac, IA","Calhoun, Carroll, Sac",Iowa,1/13/2024,6.67
2023-2024,634,"Floyd, IA - Chickasaw, IA","Chickasaw, Floyd",Iowa,4/20/2024,1.39
2023-2024,635,"Marshall, KS - Washington, KS","Marshall, Washington",Kansas,2/3/2024,5.62
2023-2024,636,"Cheyenne, KS - Rawlins, KS","Cheyenne, Rawlins",Kansas,3/9/2024,7.69
2023-2024,637,"Phillips, KS - Norton, KS","Norton, Phillips, Smith",Kansas,1/20/2024,2.06
2023-2024,64,"Atlantic (Atlantic City), NJ - Cape May, NJ","Atlantic, Cape May",New Jersey,12/2/2023,1.2
2023-2024,641,"Scott (Davenport), IA - Muscatine, IA","Muscatine, Scott",Iowa,12/30/2023,2.87
2023-2024,642,"Cloud, KS - Republic, KS","Cloud, Republic",Kansas,1/20/2024,2.38
2023-2024,643,"Wichita, KS - Greeley, KS","Greeley, Wichita",Kansas,3/16/2024,9.52
2023-2024,644,"Page, IA - Fremont, IA","Fremont, Page, Taylor",Iowa,3/16/2024,3.76
2023-2024,645,"Lucas, IA - Wayne, IA","Lucas, Wayne",Iowa,2/3/2024,4.13
2023-2024,646,"Freeborn, MN - Faribault, MN","Faribault, Freeborn",Minnesota,1/6/2024,3.09
2023-2024,647,"Montgomery, IA - Adams, IA","Adams, Montgomery",Iowa,1/13/2024,3.36
2023-2024,649,"Appanoose, IA - Davis, IA","Appanoose, Davis",Iowa,3/30/2024,2.15
2023-2024,65,"Steuben, NY - Chemung (Elmira), NY","Chemung, Schuyler, Steuben",New York,12/23/2023,1.35
2023-2024,650,"Geary, KS - Dickinson, KS","Dickinson, Geary, Morris",Kansas,12/9/2023,1.43
2023-2024,651,"Platte, NE - Boone, NE","Boone, Nance, Platte",Nebraska,3/9/2024,1.98
2023-2024,652,"OBrien, IA - Osceola, IA","OBrien, Osceola",Iowa,1/13/2024,5.56
2023-2024,654,"Chase, NE - Dundy, NE","Chase, Dundy, Hayes",Nebraska,2/24/2024,7.41
2023-2024,659,"Thomas, KS - Sherman, KS","Sherman, Thomas, Wallace",Kansas,3/30/2024,2.56
2023-2024,66,"Essex (Newark), NJ - Middlesex, NJ","Essex, Middlesex, Somerset, Union",New Jersey,11/11/2023,0.94
2023-2024,660,"Otoe, NE - Johnson, NE","Johnson, Otoe",Nebraska,1/6/2024,5.32
2023-2024,661,"Kingman, KS - Harper, KS","Harper, Kingman",Kansas,1/13/2024,3.41
2023-2024,662,"Clay, KS",Clay,Kansas,1/6/2024,1.22
2023-2024,664,"Stevens, KS",Stevens,Kansas,3/2/2024,6.45
2023-2024,665,"Mitchell, IA",Mitchell,Iowa,1/27/2024,5.36
2023-2024,667,"Russell, KS",Russell,Kansas,8/5/2023,0
2023-2024,669,"Barber, KS",Barber,Kansas,1/13/2024,3.23
2023-2024,67,"Rowan, KY - Morgan, KY","Elliott, Menifee, Morgan, Rowan",Kentucky,12/2/2023,3.25
2023-2024,671,"Atchison, KS",Atchison,Kansas,12/30/2023,2.75
2023-2024,672,"Sioux, IA",Sioux,Iowa,12/9/2023,4.31
2023-2024,674,"McPherson, KS",McPherson,Kansas,12/30/2023,3.23
2023-2024,675,"Wilson, KS",Wilson,Kansas,1/13/2024,5.56
2023-2024,679,"Marshall, IA - Tama, IA","Marshall, Tama",Iowa,11/25/2023,2.6
2023-2024,68,"Bristol (New Bedford), MA",Bristol,Massachusetts,11/25/2023,0.88
2023-2024,681,"Crawford, IA",Crawford,Iowa,1/27/2024,9.76
2023-2024,682,"Ness, KS",Ness,Kansas,8/5/2023,0
2023-2024,686,"Poweshiek, IA",Poweshiek,Iowa,2/17/2024,1.95
2023-2024,687,"Nemaha, NE",Nemaha,Nebraska,1/27/2024,4.76
2023-2024,688,"Denver (Denver), CO - Jefferson, CO","Adams, Arapahoe, Clear Creek, Denver, Douglas, Elbert, Gilpin, Grand, Jefferson, Park, Summit",Colorado,12/30/2023,1.14
2023-2024,689,"Multnomah (Portland), OR - Washington, OR","Clackamas, Clatsop, Columbia, Multnomah, Washington",Oregon,12/23/2023,1.14
2023-2024,69,"Fairfax, VA - Arlington, VA","Alexandria City, Arlington, Fairfax, Fairfax City, Falls Church City, Loudoun",Virginia,11/18/2023,1.15
2023-2024,691,"Yellowstone (Billings), MT - Big Horn, MT","Big Horn, Carbon, Golden Valley, Musselshell, Rosebud, Stillwater, Treasure, Yellowstone",Montana,3/16/2024,0.99
2023-2024,692,"Cascade (Great Falls), MT - Glacier, MT","Cascade, Chouteau, Glacier, Judith Basin, Pondera, Teton, Toole",Montana,12/30/2023,3.4
2023-2024,693,"Bernalillo (Albuquerque), NM - Sandoval, NM","Bernalillo, Cibola, Sandoval, Socorro, Torrance, Valencia",New Mexico,12/30/2023,3.11
2023-2024,694,"Nez Perce, ID - Idaho, ID","Clearwater, Idaho, Lewis, Nez Perce",Idaho,2/17/2024,1.29
2023-2024,695,"Twin Falls, ID - Jerome, ID","Gooding, Jerome, Lincoln, Twin Falls",Idaho,1/6/2024,2.27
2023-2024,696,"Bannock, ID - Bingham, ID","Bannock, Bingham, Caribou, Oneida, Power",Idaho,1/27/2024,0.99
2023-2024,7,"Kanawha (Charleston), WV - Putnam, WV","Boone, Clay, Kanawha, Nicholas, Putnam, Webster",West Virginia,1/6/2024,1.91
2023-2024,70,"Montgomery, VA - Pulaski, VA","Giles, Montgomery, Pulaski, Radford City, Wythe",Virginia,1/6/2024,2.25
2023-2024,703,"Utah (Provo), UT - Sanpete, UT","Juab, Millard, Sanpete, Sevier, Utah, Wayne",Utah,1/6/2024,2.3
2023-2024,704,"Pueblo (Pueblo), CO - Las Animas, CO","Huerfano, Las Animas, Pueblo",Colorado,1/6/2024,1.8
2023-2024,705,"Marion (Salem), OR - Yamhill, OR","Marion, Polk, Yamhill",Oregon,1/6/2024,1.91
2023-2024,707,"Clark (Las Vegas), NV - Nye, NV","Clark, Esmeralda, Lincoln, Nye",Nevada,12/30/2023,1
2023-2024,708,"Salt Lake (Salt Lake City), UT - Tooele, UT","Duchesne, Salt Lake, Summit, Tooele, Uintah, Wasatch",Utah,1/6/2024,1.6
2023-2024,71,"Halifax with South Boston City, VA - Mecklenburg, VA","Halifax with South Boston City, Lunenburg, Mecklenburg",Virginia,11/11/2023,1.8
2023-2024,711,"Mesa, CO - Garfield, CO","Eagle, Garfield, Mesa, Pitkin, Rio Blanco",Colorado,2/3/2024,2.04
2023-2024,712,"Hill, MT - Blaine, MT","Blaine, Hill, Liberty, Phillips",Montana,3/2/2024,3.05
2023-2024,713,"Missoula, MT - Ravalli, MT","Granite, Lake, Mineral, Missoula, Ravalli, Sanders",Montana,2/10/2024,1.44
2023-2024,714,"Custer, MT - Fallon, MT","Carter, Custer, Fallon, Garfield, Powder River, Prairie",Montana,4/6/2024,1.56
2023-2024,715,"Franklin, ID - Bear Lake, ID","Bear Lake, Franklin",Idaho,3/23/2024,1.89
2023-2024,716,"Ada (Boise City), ID - Canyon, ID","Ada, Boise, Canyon, Elmore, Gem, Owyhee, Valley",Idaho,1/6/2024,1.57
2023-2024,717,"Umatilla, OR - Morrow, OR","Morrow, Umatilla",Oregon,2/3/2024,1.68
2023-2024,719,"Deschutes, OR - Crook, OR","Crook, Deschutes, Harney, Jefferson, Wheeler",Oregon,12/30/2023,2.1
2023-2024,72,"Washington (Hagerstown), MD",Washington,Maryland,12/23/2023,1.34
2023-2024,720,"Elko, NV - Lander, NV","Elko, Eureka, Lander",Nevada,2/24/2024,3.81
2023-2024,721,"Lewis and Clark, MT - Jefferson, MT","Broadwater, Jefferson, Lewis and Clark",Montana,2/17/2024,0.64
2023-2024,722,"Bonneville, ID - Madison, ID","Bonneville, Butte, Clark, Custer, Fremont, Jefferson, Madison, Teton",Idaho,12/30/2023,1.88
2023-2024,724,"Santa Fe (Santa Fe), NM - Rio Arriba, NM","Los Alamos, Rio Arriba, Santa Fe, Taos",New Mexico,1/6/2024,2.6
2023-2024,725,"Curry, NM - Roosevelt, NM","Curry, De Baca, Quay, Roosevelt",New Mexico,12/16/2023,3.33
2023-2024,726,"Natrona (Casper), WY - Converse, WY","Converse, Natrona",Wyoming,2/17/2024,2.04
2023-2024,727,"Linn, OR - Benton, OR","Benton, Linn",Oregon,12/16/2023,0.84
2023-2024,728,"Flathead, MT - Lincoln, MT","Flathead, Lincoln",Montana,2/24/2024,1.86
2023-2024,729,"Payette, ID - Washington, ID","Adams, Payette, Washington",Idaho,1/27/2024,1.94
2023-2024,73,"Alleghany, NC",Alleghany,North Carolina,1/13/2024,6.72
2023-2024,730,"Cassia, ID - Minidoka, ID","Cassia, Minidoka",Idaho,1/6/2024,1.59
2023-2024,732,"Dona Ana (Las Cruces), NM - Luna, NM","Dona Ana, Luna, Sierra",New Mexico,12/30/2023,2.43
2023-2024,733,"Sheridan, MT - Daniels, MT","Daniels, Sheridan",Montana,3/30/2024,14.29
2023-2024,734,"Kootenai, ID - Bonner, ID","Benewah, Bonner, Boundary, Kootenai, Shoshone",Idaho,2/10/2024,2.08
2023-2024,74,"Essex (Lynn), MA",Essex,Massachusetts,12/9/2023,1.29
2023-2024,741,"Cheyenne, NE - Kimball, NE","Cheyenne, Deuel, Kimball",Nebraska,2/17/2024,2.13
2023-2024,742,"Silver Bow, MT - Deer Lodge, MT","Beaverhead, Deer Lodge, Silver Bow",Montana,2/10/2024,1.7
2023-2024,743,"Klamath, OR - Lake, OR","Klamath, Lake",Oregon,1/13/2024,0.93
2023-2024,744,"Davis, UT - Weber (Ogden), UT","Box Elder, Davis, Morgan, Rich, Weber",Utah,1/6/2024,1.69
2023-2024,748,"Wasco, OR - Hood River, OR","Gilliam, Hood River, Sherman, Wasco",Oregon,11/25/2023,1.57
2023-2024,749,"Park, WY - Big Horn, WY","Big Horn, Park",Wyoming,2/24/2024,2.1
2023-2024,75,"New Castle (Wilmington), DE",New Castle,Delaware,11/25/2023,2.57
2023-2024,754,"El Paso (Colorado Springs), CO - Teller, CO","Cheyenne, El Paso, Kit Carson, Lincoln, Teller",Colorado,12/23/2023,1.16
2023-2024,755,"Iron, UT - Beaver, UT","Beaver, Iron",Utah,1/27/2024,1.57
2023-2024,756,"Park, MT - Sweet Grass, MT","Park, Sweet Grass",Montana,3/2/2024,1.84
2023-2024,759,"Union, OR - Baker, OR","Baker, Union, Wallowa",Oregon,3/2/2024,3.13
2023-2024,76,"Fulton, NY - Montgomery (Amsterdam), NY","Fulton, Montgomery",New York,12/9/2023,2.27
2023-2024,760,"Weld, CO - Morgan, CO","Morgan, Washington, Weld, Yuma",Colorado,1/6/2024,1.16
2023-2024,767,"Richland, MT - Dawson, MT","Dawson, McCone, Richland, Wibaux",Montana,1/20/2024,1.69
2023-2024,769,"Otero, NM - Lincoln, NM","Lincoln, Otero",New Mexico,12/23/2023,5.15
2023-2024,77,"Petersburg City, VA - Prince George, VA","Dinwiddie, Hopewell City, Petersburg City, Prince George, Surry, Sussex",Virginia,10/14/2023,1.06
2023-2024,770,"Sheridan, WY - Johnson, WY","Johnson, Sheridan",Wyoming,2/24/2024,1.59
2023-2024,772,"Chaves, NM - Eddy, NM","Chaves, Eddy",New Mexico,12/23/2023,3.52
2023-2024,773,"Gallatin and Yellowstone National Park, MT - Madison, MT","Gallatin and Yellowstone National Park, Madison",Montana,3/16/2024,1.5
2023-2024,775,"Teton, WY - Lincoln, WY","Lincoln, Sublette, Teton",Wyoming,2/3/2024,2.69
2023-2024,777,"Fremont, WY - Washakie, WY","Fremont, Hot Springs, Washakie",Wyoming,2/10/2024,2.15
2023-2024,778,"Wheatland, MT - Meagher, MT","Meagher, Wheatland",Montana,3/30/2024,3.45
2023-2024,779,"Roosevelt, MT - Valley, MT","Roosevelt, Valley",Montana,2/24/2024,2.37
2023-2024,782,"Lane (Eugene), OR - Douglas, OR","Douglas, Lane",Oregon,12/30/2023,1.1
2023-2024,783,"Lincoln, OR - Tillamook, OR","Lincoln, Tillamook",Oregon,12/16/2023,0.54
2023-2024,784,"Latah, ID",Latah,Idaho,2/24/2024,1.96
2023-2024,792,"Uinta, WY",Uinta,Wyoming,1/27/2024,3.82
2023-2024,793,"Grant, NM - Hidalgo, NM","Catron, Grant, Hidalgo",New Mexico,2/10/2024,6.08
2023-2024,795,"Boulder, CO - Broomfield, CO","Boulder, Broomfield",Colorado,12/16/2023,2.03
2023-2024,796,"Larimer, CO",Larimer,Colorado,12/30/2023,1.46
2023-2024,797,"Platte, WY",Platte,Wyoming,4/6/2024,4.44
2023-2024,80,"St. Lawrence, NY - Jefferson, NY","Jefferson, Lewis, St. Lawrence",New York,12/23/2023,2.97
2023-2024,801,"San Miguel, NM - Mora, NM","Guadalupe, Harding, Mora, San Miguel",New Mexico,12/30/2023,3.01
2023-2024,804,"Weston, WY",Weston,Wyoming,8/5/2023,0
2023-2024,805,"White Pine, NV",White Pine,Nevada,2/24/2024,3.1
2023-2024,806,"Grant, OR",Grant,Oregon,3/23/2024,6.25
2023-2024,808,"Blaine, ID - Camas, ID","Blaine, Camas",Idaho,2/10/2024,1.89
2023-2024,809,"Carbon, UT - Emery, UT","Carbon, Emery",Utah,2/10/2024,1.83
2023-2024,81,"Clinton, NY - Franklin, NY","Clinton, Essex, Franklin",New York,12/30/2023,2.82
2023-2024,813,"Lemhi, ID",Lemhi,Idaho,4/13/2024,3.03
2023-2024,814,"Union, NM",Union,New Mexico,12/2/2023,14.29
2023-2024,82,"Taylor, KY - Adair, KY","Adair, Green, Russell, Taylor",Kentucky,10/28/2023,1.61
2023-2024,821,"Honolulu (Honolulu), HI - Maui, HI","Honolulu, Kalawao, Maui",Hawaii,10/21/2023,0.66
2023-2024,822,"Kauai, HI",Kauai,Hawaii,12/2/2023,2.28
2023-2024,823,"Hawaii, HI",Hawaii,Hawaii,1/6/2024,1.33
2023-2024,825,"Henry, GA - Forsyth, GA","Fayette, Forsyth, Henry, Rockdale, Walton",Georgia,10/21/2023,0.67
2023-2024,826,"Cherokee, GA - Douglas, GA","Cherokee, Douglas, Paulding, Pickens",Georgia,11/18/2023,1.66
2023-2024,827,"Newton (Covington), GA",Newton,Georgia,10/14/2023,1.26
2023-2024,828,"Baldwin, GA",Baldwin,Georgia,11/25/2023,2.35
2023-2024,829,"Clarke (Athens), GA - Barrow, GA","Barrow, Clarke, Jackson, Madison, Oconee, Oglethorpe",Georgia,11/18/2023,1.96
2023-2024,83,"Suffolk, NY - Nassau, NY","Nassau, Suffolk",New York,12/2/2023,0.89
2023-2024,830,"Richmond (South Augusta), GA - Columbia, GA","Burke, Columbia, Jenkins, Lincoln, McDuffie, Richmond",Georgia,10/21/2023,0.38
2023-2024,831,"Washtenaw, MI - Livingston, MI","Livingston, Washtenaw",Michigan,12/16/2023,1
2023-2024,85,"New Haven (New Haven), CT - Litchfield, CT","Litchfield, Middlesex, New Haven",Connecticut,12/30/2023,0.72
2023-2024,851,"Mineral, WV - Hardy, WV","Grant, Hardy, Mineral",West Virginia,1/6/2024,5.85
2023-2024,852,"Wicomico, MD - Worcester, MD","Somerset, Wicomico, Worcester",Maryland,11/25/2023,2.59
2023-2024,853,"Virginia Beach City, VA - Norfolk City, VA","Chesapeake City, Franklin City, Isle of Wight, Norfolk City, Portsmouth City, Southampton, Suffolk City, Virginia Beach City",Virginia,11/25/2023,0.84
2023-2024,854,"Bennington, VT",Bennington,Vermont,12/23/2023,2.43
2023-2024,855,"McCracken, KY - Graves, KY","Ballard, Carlisle, Crittenden, Graves, Hickman, Livingston, Lyon, Marshall, McCracken",Kentucky,12/16/2023,1.96
2023-2024,856,"Logan, WV - Mingo, WV","Logan, Mingo",West Virginia,1/6/2024,1.36
2023-2024,857,"Washington, VT - Windsor, VT","Orange, Washington, Windsor",Vermont,1/6/2024,1.76
2023-2024,86,"Orange (Newburgh), NY - Sullivan, NY","Orange, Sullivan",New York,12/16/2023,2.21
2023-2024,860,"Ohio (Wheeling), WV - Marshall, WV","Marshall, Ohio, Tyler, Wetzel",West Virginia,1/6/2024,4.54
2023-2024,861,"Berkeley, WV - Jefferson, WV","Berkeley, Hampshire, Jefferson, Morgan",West Virginia,12/30/2023,3.39
2023-2024,862,"Greenbrier, WV - Monroe, WV","Greenbrier, Monroe",West Virginia,1/6/2024,2.43
2023-2024,863,"Wood (Parkersburg), WV - Jackson, WV","Calhoun, Jackson, Pleasants, Ritchie, Roane, Wirt, Wood",West Virginia,1/6/2024,4.9
2023-2024,865,"Rockland, NY",Rockland,New York,12/2/2023,1.24
2023-2024,866,"Mercer, WV - McDowell, WV","McDowell, Mercer",West Virginia,1/6/2024,4.66
2023-2024,867,"Cabell (Huntington), WV - Wayne, WV","Cabell, Lincoln, Wayne",West Virginia,12/23/2023,4.78
2023-2024,869,"Montgomery, MD - Prince Georges, MD","Charles, Montgomery, Prince Georges, St. Marys",Maryland,11/18/2023,1.27
2023-2024,87,"Morris (Parsippany-Troy Hills Township), NJ - Sussex, NJ","Morris, Sussex",New Jersey,12/16/2023,1.09
2023-2024,875,"Harford, MD - Cecil, MD","Cecil, Harford",Maryland,12/16/2023,3.35
2023-2024,877,"Windham, VT",Windham,Vermont,12/23/2023,2.64
2023-2024,878,"Claiborne, TN",Claiborne,Tennessee,1/6/2024,2.66
2023-2024,88,"Saratoga, NY - Schenectady (Schenectady), NY","Hamilton, Saratoga, Schenectady, Warren, Washington",New York,12/23/2023,3
2023-2024,881,"Columbia, NY - Greene, NY","Columbia, Greene",New York,12/2/2023,3.12
2023-2024,882,"Henry, TN - Carroll, TN","Benton, Carroll, Henry",Tennessee,11/18/2023,1.59
2023-2024,883,"Pittsylvania (Danville), VA - Danville City, VA","Danville City, Pittsylvania",Virginia,11/25/2023,3.26
2023-2024,885,"Hamilton (Chattanooga), TN - Marion, TN","Hamilton, Marion, Sequatchie",Tennessee,11/25/2023,1.64
2023-2024,886,"Beaufort, SC - Jasper, SC","Beaufort, Jasper",South Carolina,11/11/2023,1.09
2023-2024,887,"Shelby (Memphis), TN - Tipton, TN","Fayette, Shelby, Tipton",Tennessee,11/11/2023,3.2
2023-2024,888,"Washington, VA - Smyth, VA","Bristol City, Russell, Scott, Smyth, Washington",Virginia,12/23/2023,1.72
2023-2024,889,"Aiken, SC - Edgefield, SC","Aiken, Barnwell, Edgefield",South Carolina,11/25/2023,2.4
2023-2024,89,"Hardin, KY - Meade, KY","Breckinridge, Grayson, Hardin, Larue, Meade",Kentucky,12/23/2023,2.31
2023-2024,890,"Glynn, GA - Camden, GA","Brantley, Camden, Charlton, Glynn, McIntosh",Georgia,10/7/2023,0.79
2023-2024,893,"Muscogee (Columbus), GA - Harris, GA","Chattahoochee, Harris, Marion, Muscogee, Schley, Stewart, Talbot, Webster",Georgia,11/4/2023,1.27
2023-2024,894,"Coweta, GA - Troup (La Grange), GA","Coweta, Heard, Meriwether, Troup",Georgia,10/14/2023,1.52
2023-2024,895,"Bradley, TN - Polk, TN","Bradley, Polk",Tennessee,12/2/2023,0.92
2023-2024,896,"Carroll, GA - Haralson, GA","Carroll, Haralson",Georgia,10/21/2023,1.14
2023-2024,897,"Weakley, TN - Obion, TN","Obion, Weakley",Tennessee,11/25/2023,1.75
2023-2024,899,"Johnson, TN",Johnson,Tennessee,1/13/2024,2.6
2023-2024,9,"Cumberland (Portland), ME - Knox, ME","Cumberland, Knox, Lincoln, Sagadahoc",Maine,12/30/2023,1.04
2023-2024,900,"Lincoln, TN",Lincoln,Tennessee,11/25/2023,2.97
2023-2024,902,"Vanderburgh (Evansville), IN - Warrick, IN","Gibson, Posey, Spencer, Vanderburgh, Warrick",Indiana,12/16/2023,1.13
2023-2024,904,"Mason, WV",Mason,West Virginia,1/13/2024,2.34
2023-2024,905,"Oneida, WI - Vilas, WI","Forest, Iron, Oneida, Vilas",Wisconsin,1/20/2024,2.6
2023-2024,906,"Polk, WI",Polk,Wisconsin,1/6/2024,2.12
2023-2024,907,"Douglas, WI",Douglas,Wisconsin,1/13/2024,3.73
2023-2024,908,"La Crosse (La Crosse), WI - Monroe, WI","La Crosse, Monroe, Trempealeau, Vernon",Wisconsin,12/30/2023,2.14
2023-2024,909,"Dubuque (Dubuque), IA - Jackson, IA","Dubuque, Jackson",Iowa,1/13/2024,2.24
2023-2024,910,"Knox, IN - Daviess, IN","Daviess, Knox, Martin, Pike",Indiana,12/23/2023,1.53
2023-2024,911,"Vigo (Terre Haute), IN - Clay, IN","Clay, Parke, Sullivan, Vermillion, Vigo",Indiana,12/16/2023,2.08
2023-2024,912,"Marinette, WI - Florence, WI","Florence, Marinette",Wisconsin,12/23/2023,3.86
2023-2024,913,"Daviess (Owensboro), KY - Ohio, KY","Daviess, Hancock, McLean, Ohio",Kentucky,12/23/2023,0.6
2023-2024,914,"Carroll, KY - Trimble, KY","Carroll, Trimble",Kentucky,12/23/2023,2.99
2023-2024,915,"Fountain, IN - Warren, IN","Fountain, Warren",Indiana,1/6/2024,2
2023-2024,917,"Des Moines, IA - Henry, IA","Des Moines, Henry",Iowa,12/30/2023,3.67
2023-2024,919,"Crawford, WI",Crawford,Wisconsin,1/20/2024,4.41
2023-2024,92,"Harrison, WV - Upshur, WV","Braxton, Doddridge, Gilmer, Harrison, Lewis, Upshur",West Virginia,12/30/2023,3.98
2023-2024,921,"Clinton, IA",Clinton,Iowa,2/24/2024,4.26
2023-2024,923,"St. Croix, WI - Pierce, WI","Pierce, St. Croix",Wisconsin,1/13/2024,1.8
2023-2024,924,"Hancock (Weirton), WV - Brooke, WV","Brooke, Hancock",West Virginia,3/9/2024,3.33
2023-2024,925,"Bowie (Texarkana), TX",Bowie,Texas,12/2/2023,2.88
2023-2024,926,"Lauderdale, MS - Neshoba, MS","Clarke, Kemper, Lauderdale, Neshoba, Newton",Mississippi,11/18/2023,1.81
2023-2024,928,"Warren, MS - Claiborne, MS","Claiborne, Warren",Mississippi,11/11/2023,1.91
2023-2024,929,"Adams, MS - Jefferson, MS","Adams, Franklin, Jefferson",Mississippi,11/11/2023,2.21
2023-2024,93,"Hunterdon, NJ - Warren (Phillipsburg), NJ","Hunterdon, Warren",New Jersey,12/9/2023,1.5
2023-2024,930,"Grayson (Sherman), TX - Fannin, TX","Fannin, Grayson",Texas,11/25/2023,3.27
2023-2024,931,"Lamar, TX - Red River, TX","Delta, Lamar, Red River",Texas,11/25/2023,3.78
2023-2024,932,"Delaware, OK",Delaware,Oklahoma,11/25/2023,1.71
2023-2024,934,"Lowndes, MS - Clay, MS","Clay, Lowndes, Noxubee",Mississippi,10/14/2023,1.82
2023-2024,936,"Pearl River, MS",Pearl River,Mississippi,11/4/2023,2.17
2023-2024,937,"Gaines, TX - Andrews, TX","Andrews, Gaines",Texas,12/9/2023,3.97
2023-2024,941,"Olmsted (Rochester), MN - Winona, MN","Dodge, Fillmore, Mower, Olmsted, Steele, Wabasha, Winona",Minnesota,12/30/2023,2.58
2023-2024,942,"Dakota, NE - Thurston, NE","Dakota, Dixon, Thurston",Nebraska,8/5/2023,0
2023-2024,943,"Grant, KS - Stanton, KS","Grant, Stanton",Kansas,12/16/2023,8.7
2023-2024,948,"Goshen, WY - Niobrara, WY","Goshen, Niobrara",Wyoming,3/16/2024,1.37
2023-2024,95,"Androscoggin (Lewiston), ME - Oxford, ME","Androscoggin, Franklin, Oxford",Maine,12/16/2023,0.94
2023-2024,950,"Campbell, WY - Crook, WY","Campbell, Crook",Wyoming,8/5/2023,0
2023-2024,955,"Red Willow, NE - Hitchcock, NE","Hitchcock, Red Willow",Nebraska,3/16/2024,4.88
2023-2024,958,"Martin, MN",Martin,Minnesota,2/24/2024,3.95
2023-2024,96,"Harlan, KY - Bell, KY","Bell, Harlan",Kentucky,12/23/2023,2.15
2023-2024,962,"Washoe (Reno), NV - Carson City, NV","Carson City, Churchill, Douglas, Humboldt, Lyon, Mineral, Pershing, Storey, Washoe",Nevada,12/30/2023,1.96
2023-2024,964,"Washington, UT - Kane, UT","Garfield, Kane, Piute, Washington",Utah,2/10/2024,1.55
2023-2024,965,"Grand, UT",Grand,Utah,3/2/2024,50
2023-2024,966,"Cache, UT",Cache,Utah,1/27/2024,2.17
2023-2024,968,"Malheur, OR",Malheur,Oregon,12/23/2023,1.79
2023-2024,969,"Coos, OR - Curry, OR","Coos, Curry",Oregon,2/10/2024,2.75
2023-2024,97,"Augusta, VA - Staunton City, VA","Augusta, Buena Vista City, Highland, Lexington City, Rockbridge, Staunton City, Waynesboro City",Virginia,11/25/2023,2.3
2023-2024,970,"San Juan, UT",San Juan,Utah,2/3/2024,8.6
2023-2024,971,"Laramie (Cheyenne), WY",Laramie,Wyoming,12/9/2023,2.38
2023-2024,973,"Jackson (Medford), OR - Josephine, OR","Jackson, Josephine",Oregon,12/16/2023,0.76
2023-2024,975,"Albany, WY - Carbon, WY","Albany, Carbon",Wyoming,2/10/2024,2.25
2023-2024,977,"Sweetwater, WY",Sweetwater,Wyoming,8/5/2023,0
2023-2024,98,"York, ME",York,Maine,1/13/2024,0.37
2023-2024,982,"Lee, IA",Lee,Iowa,12/30/2023,5.97
2023-2024,985,"La Plata, CO - Montezuma, CO","Archuleta, Dolores, La Plata, Montezuma, San Juan",Colorado,2/3/2024,1.72
2023-2024,986,"San Juan, NM",San Juan,New Mexico,1/27/2024,1.9
2023-2024,99,"Albemarle, VA - Charlottesville City, VA","Albemarle, Buckingham, Charlottesville City, Culpeper, Fluvanna, Greene, Louisa, Madison, Nelson, Orange, Rappahannock",Virginia,11/25/2023,1.07
2023-2024,All,All,All,Alabama,11/25/2023,1.79
2023-2024,All,All,All,Alaska,12/30/2023,2.18
2023-2024,All,All,All,Arizona,12/30/2023,1.02
2023-2024,All,All,All,Arkansas,12/2/2023,2.31
2023-2024,All,All,All,California,12/30/2023,0.94
2023-2024,All,All,All,Colorado,12/30/2023,1.19
2023-2024,All,All,All,Connecticut,11/25/2023,0.93
2023-2024,All,All,All,Delaware,11/25/2023,2.3
2023-2024,All,All,All,District of Columbia,11/11/2023,1.64
2023-2024,All,All,All,Florida,10/28/2023,0.83
2023-2024,All,All,All,Georgia,11/11/2023,0.77
2023-2024,All,All,All,Hawaii,11/18/2023,0.67
2023-2024,All,All,All,Idaho,1/6/2024,1.41
2023-2024,All,All,All,Illinois,12/2/2023,1.32
2023-2024,All,All,All,Indiana,12/30/2023,1.2
2023-2024,All,All,All,Iowa,12/30/2023,2.06
2023-2024,All,All,All,Kansas,1/6/2024,1.44
2023-2024,All,All,All,Kentucky,12/9/2023,2.04
2023-2024,All,All,All,Louisiana,11/25/2023,1.64
2023-2024,All,All,All,Maine,12/30/2023,1.11
2023-2024,All,All,All,Maryland,11/25/2023,1.59
2023-2024,All,All,All,Massachusetts,12/9/2023,1.46
2023-2024,All,All,All,Michigan,12/30/2023,1.36
2023-2024,All,All,All,Minnesota,12/23/2023,1.83
2023-2024,All,All,All,Mississippi,11/18/2023,1.24
2023-2024,All,All,All,Montana,2/17/2024,1.19
2023-2024,All,All,All,Nebraska,12/23/2023,1.13
2023-2024,All,All,All,Nevada,12/30/2023,1.22
2023-2024,All,All,All,New Hampshire,12/16/2023,1.65
2023-2024,All,All,All,New Jersey,12/2/2023,0.91
2023-2024,All,All,All,New Mexico,12/30/2023,2.81
2023-2024,All,All,All,New York,12/16/2023,0.9
2023-2024,All,All,All,North Carolina,11/25/2023,1.5
2023-2024,All,All,All,North Dakota,2/3/2024,1
2023-2024,All,All,All,Ohio,12/23/2023,0.97
2023-2024,All,All,All,Oklahoma,12/30/2023,1.82
2023-2024,All,All,All,Oregon,12/30/2023,1.12
2023-2024,All,All,All,Pennsylvania,12/23/2023,1.14
2023-2024,All,All,All,Rhode Island,12/9/2023,1.31
2023-2024,All,All,All,South Carolina,11/25/2023,1.27
2023-2024,All,All,All,South Dakota,2/24/2024,1.45
2023-2024,All,All,All,Tennessee,11/25/2023,1.69
2023-2024,All,All,All,Texas,11/25/2023,1.7
2023-2024,All,All,All,United States,11/25/2023,1
2023-2024,All,All,All,Utah,1/6/2024,1.7
2023-2024,All,All,All,Vermont,1/6/2024,1.98
2023-2024,All,All,All,Virginia,11/25/2023,1.11
2023-2024,All,All,All,Washington,12/30/2023,1.57
2023-2024,All,All,All,West Virginia,1/6/2024,3.28
2023-2024,All,All,All,Wisconsin,12/30/2023,1.51
2023-2024,All,All,All,Wyoming,2/10/2024,1.42
2024-2025,1,"Allegany (Cumberland), MD - Garrett, MD","Allegany, Garrett",Maryland,1/4/2025,1.78
2024-2025,10,"Albany (Albany), NY - Rensselaer, NY","Albany, Rensselaer",New York,12/28/2024,1.24
2024-2025,101,"Worcester (Worcester), MA - Franklin, MA","Franklin, Worcester",Massachusetts,12/28/2024,1.79
2024-2025,102,"Bourbon (Paris), KY - Nicholas, KY","Bourbon, Nicholas",Kentucky,12/21/2024,6.94
2024-2025,103,"Caledonia, VT - Orleans, VT","Caledonia, Lamoille, Orleans",Vermont,1/11/2025,1.33
2024-2025,104,"Clinton, KY - Cumberland, KY","Clinton, Cumberland",Kentucky,2/15/2025,5.77
2024-2025,105,"Tompkins, NY - Cortland, NY","Cortland, Tompkins",New York,1/4/2025,1.73
2024-2025,106,"Chautauqua, NY",Chautauqua,New York,1/25/2025,1.83
2024-2025,107,"Queen Annes, MD - Talbot, MD","Caroline, Dorchester, Queen Annes, Talbot",Maryland,12/28/2024,2.58
2024-2025,108,"Monmouth, NJ - Ocean (Brick Township), NJ","Monmouth, Ocean",New Jersey,12/28/2024,1.59
2024-2025,109,"Prince William (Dale City), VA - Fauquier, VA","Fauquier, Manassas City, Manassas Park City, Prince William",Virginia,1/4/2025,0.93
2024-2025,11,"Floyd, KY - Johnson, KY","Floyd, Johnson, Magoffin",Kentucky,4/19/2025,0.95
2024-2025,112,"Berkshire (Pittsfield), MA",Berkshire,Massachusetts,1/4/2025,2
2024-2025,114,"Franklin, KY - Anderson, KY","Anderson, Franklin, Owen",Kentucky,1/4/2025,0.43
2024-2025,115,"Calloway, KY",Calloway,Kentucky,1/11/2025,1.31
2024-2025,116,"Mason, KY - Fleming, KY","Bracken, Fleming, Mason",Kentucky,1/4/2025,1.62
2024-2025,119,"Harrison, KY - Robertson, KY","Harrison, Robertson",Kentucky,11/30/2024,0.37
2024-2025,12,"Massac, IL - Johnson, IL","Johnson, Massac",Illinois,1/4/2025,3.6
2024-2025,121,"Fairfield, CT",Fairfield,Connecticut,12/28/2024,1.57
2024-2025,122,"Rutland, VT",Rutland,Vermont,1/4/2025,2.23
2024-2025,123,"Letcher, KY",Letcher,Kentucky,1/4/2025,3.01
2024-2025,124,"Kent, MD",Kent,Maryland,12/28/2024,2.8
2024-2025,126,"Mercer, NJ",Mercer,New Jersey,1/4/2025,1.15
2024-2025,127,"Cumberland, NJ",Cumberland,New Jersey,12/14/2024,2.47
2024-2025,13,"Pike, KY",Pike,Kentucky,1/11/2025,2.36
2024-2025,131,"Montgomery, KY - Bath, KY","Bath, Montgomery",Kentucky,1/4/2025,1.46
2024-2025,135,"Stafford, VA - Spotsylvania, VA","Caroline, Fredericksburg City, King George, Spotsylvania, Stafford",Virginia,12/21/2024,1.62
2024-2025,136,"Aroostook, ME",Aroostook,Maine,3/22/2025,0.73
2024-2025,14,"Roanoke City, VA - Roanoke, VA","Amherst, Appomattox, Bedford, Bedford City, Botetourt, Campbell, Craig, Floyd, Franklin, Lynchburg City, Roanoke, Roanoke City, Salem City",Virginia,1/4/2025,1.73
2024-2025,141,"Walker, GA - Catoosa, GA","Catoosa, Dade, Walker",Georgia,2/15/2025,0.53
2024-2025,143,"Chatham (Savannah), GA - Liberty, GA","Bryan, Chatham, Effingham, Evans, Liberty, Long, Tattnall",Georgia,11/30/2024,0.67
2024-2025,144,"Dougherty (Albany), GA - Lee, GA","Baker, Calhoun, Clay, Dougherty, Early, Lee, Randolph, Terrell, Worth",Georgia,4/5/2025,0.43
2024-2025,145,"Whitfield, GA - Murray, GA","Murray, Whitfield",Georgia,1/4/2025,1.85
2024-2025,146,"DeSoto, MS - Marshall, MS","Benton, DeSoto, Marshall, Panola, Tate, Tunica",Mississippi,11/23/2024,1.38
2024-2025,147,"Knox (Knoxville), TN - Blount, TN","Blount, Knox, Loudon, McMinn, Meigs, Monroe, Sevier, Union",Tennessee,12/28/2024,1.78
2024-2025,148,"Davidson (Nashville-Davidson), TN - Williamson, TN","Cheatham, Davidson, Dickson, Hickman, Humphreys, Robertson, Williamson",Tennessee,12/21/2024,1.51
2024-2025,149,"Forsyth (Winston-Salem), NC - Surry, NC","Davie, Forsyth, Stokes, Surry, Yadkin",North Carolina,12/28/2024,1.78
2024-2025,151,"Sullivan (Kingsport), TN - Hawkins, TN","Hawkins, Sullivan",Tennessee,12/28/2024,1.05
2024-2025,153,"Fulton (Atlanta), GA - DeKalb, GA","Clayton, DeKalb, Fulton, Gwinnett",Georgia,11/23/2024,0.98
2024-2025,154,"Floyd, GA - Bartow, GA","Bartow, Chattooga, Floyd, Gordon, Polk",Georgia,12/28/2024,1.82
2024-2025,157,"Hall, GA - Habersham, GA","Banks, Dawson, Habersham, Hall, Lumpkin, Towns, Union, White",Georgia,12/28/2024,1.68
2024-2025,16,"Baltimore, MD - Baltimore City, MD","Anne Arundel, Baltimore, Baltimore City, Calvert, Carroll, Howard",Maryland,12/28/2024,1.35
2024-2025,160,"Richland (Columbia), SC - Lexington, SC","Fairfield, Lexington, Newberry, Richland",South Carolina,12/28/2024,1.42
2024-2025,164,"Morgan, GA - Greene, GA","Greene, Morgan",Georgia,12/21/2024,2.16
2024-2025,167,"Mecklenburg (Charlotte), NC - Union, NC","Anson, Mecklenburg, Union",North Carolina,12/28/2024,2.75
2024-2025,168,"New Hanover (Wilmington), NC - Brunswick, NC","Brunswick, New Hanover, Pender",North Carolina,12/28/2024,2.15
2024-2025,169,"Washington (Johnson City), TN - Carter, TN","Carter, Unicoi, Washington",Tennessee,12/28/2024,2.47
2024-2025,17,"Penobscot (Bangor), ME - Hancock, ME","Hancock, Penobscot, Piscataquis, Washington",Maine,1/25/2025,0.9
2024-2025,170,"Durham (Durham), NC - Granville, NC","Durham, Granville, Person, Vance, Warren",North Carolina,12/28/2024,1.83
2024-2025,174,"Ware, GA - Pierce, GA","Bacon, Clinch, Pierce, Ware",Georgia,8/3/2024,0
2024-2025,176,"Orangeburg, SC - Bamberg, SC","Allendale, Bamberg, Calhoun, Orangeburg",South Carolina,8/3/2024,0
2024-2025,178,"Thomas, GA - Mitchell, GA","Grady, Mitchell, Thomas",Georgia,8/3/2024,0
2024-2025,18,"Fayette (Lexington-Fayette), KY - Jessamine, KY","Breathitt, Clark, Fayette, Jessamine, Knott, Lee, Leslie, Owsley, Perry, Powell, Scott, Wolfe, Woodford",Kentucky,12/28/2024,1.64
2024-2025,180,"Lowndes, GA - Brooks, GA","Berrien, Brooks, Cook, Echols, Lanier, Lowndes",Georgia,12/28/2024,1.06
2024-2025,182,"Greenville (Greenville), SC - Anderson, SC","Anderson, Greenville, Oconee, Pickens",South Carolina,1/4/2025,1.39
2024-2025,184,"Florence (Florence), SC - Darlington, SC","Chesterfield, Darlington, Florence, Marlboro, Williamsburg",South Carolina,12/28/2024,1.48
2024-2025,186,"Guilford (Greensboro), NC - Davidson, NC","Davidson, Guilford, Randolph, Rockingham",North Carolina,1/4/2025,3.03
2024-2025,187,"Laurens, SC - Greenwood, SC","Abbeville, Greenwood, Laurens, McCormick, Saluda",South Carolina,12/28/2024,2.37
2024-2025,188,"Madison (Jackson), TN - Gibson, TN","Chester, Crockett, Decatur, Gibson, Hardeman, Haywood, Henderson, Madison",Tennessee,12/14/2024,2.63
2024-2025,189,"Tift, GA - Ben Hill, GA","Ben Hill, Irwin, Tift, Turner",Georgia,12/28/2024,1.92
2024-2025,19,"Broome (Binghamton), NY - Tioga, NY","Broome, Tioga",New York,2/1/2025,1.29
2024-2025,190,"Cobb (Marietta), GA",Cobb,Georgia,11/30/2024,1.65
2024-2025,191,"Polk, NC",Polk,North Carolina,3/22/2025,2.01
2024-2025,192,"Iredell (Statesville), NC - Alexander, NC","Alexander, Iredell",North Carolina,1/4/2025,1.48
2024-2025,193,"Bibb (Macon), GA - Houston, GA","Bibb, Bleckley, Crawford, Houston, Jones, Monroe, Peach, Pulaski, Taylor, Twiggs, Wilkinson",Georgia,11/23/2024,0.66
2024-2025,194,"Watauga, NC - Ashe, NC","Ashe, Watauga",North Carolina,2/1/2025,2.09
2024-2025,195,"Pitt, NC - Beaufort, NC","Beaufort, Hyde, Martin, Pitt, Tyrrell, Washington",North Carolina,12/28/2024,4.62
2024-2025,196,"Sumter, SC - Clarendon, SC","Clarendon, Lee, Sumter",South Carolina,11/30/2024,1.4
2024-2025,197,"Sumter, GA - Crisp, GA","Crisp, Dooly, Macon, Sumter, Wilcox",Georgia,11/16/2024,0.21
2024-2025,198,"Wake (Raleigh), NC - Johnston, NC","Franklin, Johnston, Wake, Wilson",North Carolina,12/28/2024,1.92
2024-2025,199,"Marion, SC - Dillon, SC","Dillon, Marion",South Carolina,11/30/2024,2.41
2024-2025,2,"Kenton (Covington), KY - Campbell, KY","Boone, Campbell, Gallatin, Grant, Kenton, Pendleton",Kentucky,1/4/2025,0.64
2024-2025,20,"New London, CT",New London,Connecticut,1/11/2025,0.76
2024-2025,203,"Orange (Chapel Hill), NC - Harnett, NC","Chatham, Harnett, Lee, Orange",North Carolina,1/4/2025,1.2
2024-2025,204,"Spalding (Griffin), GA - Butts, GA","Butts, Spalding",Georgia,11/30/2024,2.1
2024-2025,205,"Moore, NC - Richmond, NC","Hoke, Montgomery, Moore, Richmond",North Carolina,1/4/2025,1.79
2024-2025,206,"Laurens, GA - Toombs, GA","Dodge, Johnson, Laurens, Montgomery, Telfair, Toombs, Treutlen, Wheeler",Georgia,11/23/2024,0.56
2024-2025,207,"Robeson, NC - Columbus, NC","Bladen, Columbus, Robeson, Scotland",North Carolina,12/28/2024,1.9
2024-2025,208,"Maury, TN - Giles, TN","Giles, Lewis, Marshall, Maury",Tennessee,12/7/2024,2.64
2024-2025,209,"Jackson, NC - Macon, NC","Graham, Jackson, Macon, Swain",North Carolina,3/1/2025,1.3
2024-2025,21,"Ontario (Geneva), NY - Wayne, NY","Ontario, Seneca, Wayne, Yates",New York,1/4/2025,1.23
2024-2025,211,"Rutherford (Murfreesboro), TN - Warren, TN","Cannon, DeKalb, Rutherford, Van Buren, Warren",Tennessee,1/4/2025,1.41
2024-2025,212,"Charleston (Charleston), SC - Berkeley, SC","Berkeley, Charleston, Colleton, Dorchester, Hampton",South Carolina,12/14/2024,0.94
2024-2025,214,"Nash, NC - Halifax, NC","Edgecombe, Halifax, Nash, Northampton",North Carolina,12/21/2024,2.06
2024-2025,215,"Putnam, TN - White, TN","Clay, Jackson, Overton, Pickett, Putnam, White",Tennessee,1/4/2025,2.28
2024-2025,216,"Stephens, GA - Hart, GA","Franklin, Hart, Stephens",Georgia,12/7/2024,0.85
2024-2025,217,"Hamblen (Morristown), TN - Jefferson, TN","Grainger, Hamblen, Hancock, Jefferson",Tennessee,1/4/2025,0.66
2024-2025,218,"Gaston (Gastonia), NC - Cleveland, NC","Cleveland, Gaston, Lincoln, Rutherford",North Carolina,12/28/2024,1.67
2024-2025,22,"Middlesex, MA - Suffolk (Boston), MA","Barnstable, Dukes, Middlesex, Nantucket, Norfolk, Plymouth, Suffolk",Massachusetts,12/21/2024,1.37
2024-2025,220,"Jasper, GA",Jasper,Georgia,11/23/2024,1.39
2024-2025,222,"Bulloch, GA - Emanuel, GA","Bulloch, Candler, Emanuel, Screven",Georgia,12/21/2024,1.77
2024-2025,223,"Cumberland, TN - Fentress, TN","Bledsoe, Cumberland, Fentress",Tennessee,1/4/2025,1.49
2024-2025,225,"Buncombe (Asheville), NC - Henderson, NC","Buncombe, Haywood, Henderson, Madison, Transylvania",North Carolina,1/4/2025,0.94
2024-2025,226,"Anderson (Oak Ridge), TN - Roane, TN","Anderson, Campbell, Morgan, Rhea, Roane",Tennessee,12/28/2024,0.94
2024-2025,228,"Decatur, GA - Seminole, GA","Decatur, Miller, Seminole",Georgia,12/14/2024,1.04
2024-2025,229,"Catawba (Hickory), NC - Burke, NC","Burke, Caldwell, Catawba",North Carolina,2/8/2025,1.38
2024-2025,23,"Camden (Camden), NJ - Burlington, NJ","Burlington, Camden, Gloucester, Salem",New Jersey,12/28/2024,0.95
2024-2025,230,"Wayne, GA - Appling, GA","Appling, Wayne",Georgia,11/2/2024,0.62
2024-2025,231,"Sumner (Hendersonville), TN - Wilson, TN","Macon, Smith, Sumner, Trousdale, Wilson",Tennessee,12/21/2024,1.69
2024-2025,232,"Lawrence, TN - Wayne, TN","Lawrence, Perry, Wayne",Tennessee,1/4/2025,3.08
2024-2025,234,"Montgomery (Clarksville), TN - Stewart, TN","Houston, Montgomery, Stewart",Tennessee,11/30/2024,0.99
2024-2025,235,"Cabarrus (Concord), NC - Rowan, NC","Cabarrus, Rowan, Stanly",North Carolina,12/28/2024,3.41
2024-2025,236,"Coffee, GA - Jeff Davis, GA","Atkinson, Coffee, Jeff Davis",Georgia,8/3/2024,0
2024-2025,238,"Wayne, NC - Lenoir, NC","Duplin, Greene, Lenoir, Wayne",North Carolina,12/21/2024,2.13
2024-2025,239,"Coffee, TN - Franklin, TN","Coffee, Franklin, Grundy, Moore",Tennessee,1/4/2025,2.6
2024-2025,240,"Yancey, NC - Avery, NC","Avery, Mitchell, Yancey",North Carolina,1/4/2025,2.66
2024-2025,242,"Onslow, NC - Craven, NC","Carteret, Craven, Jones, Onslow, Pamlico",North Carolina,12/28/2024,2.85
2024-2025,243,"Hertford, NC - Bertie, NC","Bertie, Chowan, Gates, Hertford",North Carolina,12/28/2024,4.18
2024-2025,244,"York (Rock Hill), SC - Chester, SC","Chester, York",South Carolina,12/28/2024,1.37
2024-2025,245,"Hardin, TN - McNairy, TN","Hardin, McNairy",Tennessee,12/28/2024,2.05
2024-2025,246,"Horry, SC - Georgetown, SC","Georgetown, Horry",South Carolina,11/30/2024,1.18
2024-2025,248,"Dyer, TN - Lauderdale, TN","Dyer, Lake, Lauderdale",Tennessee,12/14/2024,3.83
2024-2025,249,"Lancaster, SC - Kershaw, SC","Kershaw, Lancaster",South Carolina,12/28/2024,1.13
2024-2025,25,"Frederick, VA - Shenandoah, VA","Clarke, Frederick, Shenandoah, Warren, Winchester City",Virginia,1/4/2025,3.02
2024-2025,250,"Washington, GA - Jefferson, GA","Jefferson, Washington",Georgia,8/3/2024,0
2024-2025,252,"Greene, TN - Cocke, TN","Cocke, Greene",Tennessee,12/21/2024,1.1
2024-2025,253,"Elbert, GA - Wilkes, GA","Elbert, Wilkes",Georgia,11/16/2024,0.59
2024-2025,256,"Wilkes, NC",Wilkes,North Carolina,2/22/2025,0.56
2024-2025,258,"Cherokee, NC - Clay, NC","Cherokee, Clay",North Carolina,2/15/2025,0.96
2024-2025,260,"Bedford, TN",Bedford,Tennessee,1/11/2025,3.12
2024-2025,261,"McDowell, NC",McDowell,North Carolina,2/15/2025,2.54
2024-2025,262,"Cumberland (Fayetteville), NC - Sampson, NC","Cumberland, Sampson",North Carolina,1/4/2025,1.83
2024-2025,263,"Scott, TN",Scott,Tennessee,9/7/2024,2.24
2024-2025,264,"Pasquotank, NC - Dare, NC","Camden, Dare, Pasquotank, Perquimans",North Carolina,1/11/2025,2.2
2024-2025,267,"Alamance, NC",Alamance,North Carolina,1/4/2025,3.88
2024-2025,269,"Upson, GA - Lamar, GA","Lamar, Pike, Upson",Georgia,12/7/2024,1.28
2024-2025,27,"Boyle, KY - Lincoln, KY","Boyle, Casey, Garrard, Lincoln, Mercer",Kentucky,12/21/2024,3.36
2024-2025,271,"Grand Traverse, MI - Manistee, MI","Antrim, Benzie, Grand Traverse, Kalkaska, Leelanau, Manistee",Michigan,2/22/2025,0.8
2024-2025,272,"Jefferson (Louisville), KY - Bullitt, KY","Bullitt, Henry, Jefferson, Marion, Nelson, Oldham, Shelby, Spencer, Washington",Kentucky,1/4/2025,2.14
2024-2025,273,"Wabash, IL",Wabash,Illinois,12/28/2024,2.34
2024-2025,274,"Wayne (Detroit), MI - Oakland, MI","Macomb, Oakland, Wayne",Michigan,12/28/2024,1.94
2024-2025,275,"Marion (Indianapolis), IN - Johnson, IN","Hendricks, Johnson, Marion, Morgan, Putnam, Rush, Shelby",Indiana,12/28/2024,0.68
2024-2025,277,"Peoria (Peoria), IL - Tazewell, IL","Fulton, Marshall, Mason, Peoria, Tazewell",Illinois,1/4/2025,3.46
2024-2025,278,"Brown (Green Bay), WI - Oconto, WI","Brown, Door, Kewaunee, Oconto",Wisconsin,2/8/2025,2.18
2024-2025,279,"Champaign (Champaign), IL - Coles, IL","Champaign, Coles, Cumberland, Douglas, Ford",Illinois,1/4/2025,1.82
2024-2025,280,"Milwaukee (Milwaukee), WI - Waukesha, WI","Milwaukee, Ozaukee, Washington, Waukesha",Wisconsin,1/4/2025,0.91
2024-2025,282,"Marathon (Wausau), WI - Wood, WI","Clark, Lincoln, Marathon, Taylor, Wood",Wisconsin,3/1/2025,2.05
2024-2025,284,"Gogebic, MI - Ontonagon, MI","Gogebic, Ontonagon",Michigan,3/1/2025,2.6
2024-2025,285,"Ingham (Lansing), MI - Eaton, MI","Clinton, Eaton, Ingham, Shiawassee",Michigan,1/25/2025,1.08
2024-2025,286,"Ramsey (St. Paul), MN - Dakota, MN","Chisago, Dakota, Ramsey, Washington",Minnesota,12/28/2024,1.14
2024-2025,287,"Cook (Chicago), IL - DuPage, IL","Cook, DuPage, Lake, McHenry",Illinois,12/28/2024,1.59
2024-2025,289,"St. Louis (Duluth), MN - Itasca, MN","Carlton, Cook, Itasca, Koochiching, Lake, Pine, St. Louis",Minnesota,2/22/2025,2.14
2024-2025,29,"Warren, KY - Logan, KY","Allen, Butler, Edmonson, Logan, Simpson, Warren",Kentucky,12/28/2024,4.28
2024-2025,290,"Allamakee, IA",Allamakee,Iowa,2/22/2025,6.06
2024-2025,291,"Winnebago (Rockford), IL - Ogle, IL","Boone, Lee, Ogle, Winnebago",Illinois,1/4/2025,2.34
2024-2025,293,"Marquette, MI - Delta, MI","Alger, Delta, Luce, Marquette, Schoolcraft",Michigan,3/8/2025,1.54
2024-2025,294,"Chippewa, MI - Emmet, MI","Charlevoix, Cheboygan, Chippewa, Emmet, Mackinac",Michigan,2/8/2025,1.7
2024-2025,296,"Muskegon (Muskegon), MI - Newaygo, MI","Mason, Muskegon, Newaygo, Oceana",Michigan,2/15/2025,1.23
2024-2025,297,"St. Clair (Port Huron), MI - Sanilac, MI","Sanilac, St. Clair",Michigan,2/22/2025,2.29
2024-2025,298,"Eau Claire (Eau Claire), WI - Chippewa, WI","Buffalo, Chippewa, Dunn, Eau Claire, Pepin",Wisconsin,2/15/2025,1.71
2024-2025,299,"Madison (Alton), IL - Jersey, IL","Bond, Calhoun, Jersey, Madison",Illinois,1/4/2025,1.31
2024-2025,3,"Sussex, DE - Kent, DE","Kent, Sussex",Delaware,12/28/2024,2.62
2024-2025,30,"Alleghany Cnty & Clifton Forge Cty, VA - Covington City, VA","Alleghany Cnty and Clifton Forge Cty, Bath, Covington City",Virginia,1/4/2025,4.19
2024-2025,300,"Tippecanoe (Lafayette), IN - Clinton, IN","Benton, Carroll, Clinton, Tippecanoe, White",Indiana,1/4/2025,2.59
2024-2025,301,"Dane (Madison), WI - Sauk, WI","Columbia, Dane, Grant, Iowa, Marquette, Richland, Sauk",Wisconsin,1/25/2025,1.31
2024-2025,302,"Stephenson, IL - Jo Daviess, IL","Jo Daviess, Stephenson",Illinois,1/25/2025,4.57
2024-2025,303,"Will (Joliet), IL - Grundy, IL","Grundy, Will",Illinois,12/28/2024,1.96
2024-2025,304,"Allen (Fort Wayne), IN - Noble, IN","Allen, De Kalb, LaGrange, Noble, Steuben, Whitley",Indiana,1/4/2025,1.3
2024-2025,305,"Macon (Decatur), IL - Shelby, IL","Macon, Moultrie, Piatt, Shelby",Illinois,10/19/2024,0.87
2024-2025,306,"Winnebago (Oshkosh), WI - Fond du Lac, WI","Dodge, Fond du Lac, Green Lake, Waushara, Winnebago",Wisconsin,2/8/2025,1.65
2024-2025,307,"Rock Island (Moline), IL - Henry, IL","Henry, Mercer, Rock Island, Stark",Illinois,12/28/2024,1.56
2024-2025,308,"Lake (Gary), IN - Porter, IN","Jasper, Lake, Newton, Porter",Indiana,12/21/2024,1.88
2024-2025,309,"Kent (Grand Rapids), MI - Ionia, MI","Gratiot, Ionia, Kent, Mecosta, Montcalm",Michigan,1/4/2025,1.09
2024-2025,31,"Monongalia, WV - Marion, WV","Marion, Monongalia, Preston, Taylor",West Virginia,3/15/2025,2.13
2024-2025,310,"Crawford, IL - Lawrence, IL","Crawford, Lawrence",Illinois,2/8/2025,3.03
2024-2025,312,"St. Joseph (South Bend), IN - Marshall, IN","Fulton, Marshall, Pulaski, St. Joseph",Indiana,12/28/2024,1.2
2024-2025,313,"Bartholomew, IN - Jackson, IN","Bartholomew, Decatur, Jackson, Jennings",Indiana,1/4/2025,2.7
2024-2025,314,"Washburn, WI - Burnett, WI","Burnett, Washburn",Wisconsin,2/15/2025,1.27
2024-2025,315,"Dickinson, MI - Menominee, MI","Dickinson, Iron, Menominee",Michigan,2/22/2025,3.13
2024-2025,316,"Perry, IN",Perry,Indiana,2/1/2025,1.92
2024-2025,317,"Wexford, MI - Osceola, MI","Lake, Missaukee, Osceola, Wexford",Michigan,1/25/2025,2.15
2024-2025,318,"Sangamon (Springfield), IL - Christian, IL","Brown, Cass, Christian, Logan, McDonough, Menard, Sangamon, Schuyler",Illinois,1/4/2025,2.19
2024-2025,319,"Morgan, IL - Greene, IL","Greene, Morgan, Scott",Illinois,1/4/2025,2.94
2024-2025,32,"Hampden (Springfield), MA - Hampshire, MA","Hampden, Hampshire",Massachusetts,12/28/2024,4.29
2024-2025,320,"Ottawa (Holland), MI - Allegan, MI","Allegan, Ottawa",Michigan,1/25/2025,1.4
2024-2025,321,"Dearborn, IN - Jefferson (Madison), IN","Dearborn, Jefferson, Ohio, Ripley, Switzerland",Indiana,1/4/2025,1.29
2024-2025,322,"Saginaw (Saginaw), MI - Tuscola, MI","Huron, Saginaw, Tuscola",Michigan,2/1/2025,1.89
2024-2025,323,"Delaware (Muncie), IN - Randolph, IN","Blackford, Delaware, Randolph",Indiana,1/4/2025,3.83
2024-2025,324,"Knox, IL - Warren, IL","Knox, Warren",Illinois,2/1/2025,2.83
2024-2025,325,"St. Clair (Belleville), IL - Clinton, IL","Clinton, Monroe, Randolph, St. Clair",Illinois,1/4/2025,1.45
2024-2025,326,"Rock (Janesville), WI - Green, WI","Green, Lafayette, Rock",Wisconsin,1/4/2025,1.59
2024-2025,327,"Berrien (Benton Harbor), MI - Van Buren, MI","Berrien, Cass, Van Buren",Michigan,1/11/2025,0.57
2024-2025,328,"Genesee (Flint), MI - Lapeer, MI","Genesee, Lapeer",Michigan,2/1/2025,1.31
2024-2025,329,"Lawrence, IN - Orange, IN","Lawrence, Orange",Indiana,8/3/2024,0
2024-2025,33,"Henrico (Richmond), VA - Chesterfield, VA","Amelia, Charles City, Charlotte, Chesterfield, Colonial Heights City, Cumberland, Essex, Goochland, Hanover, Henrico, King William, King and Queen, Lancaster, Middlesex, New Kent, Northumberland, Nottoway, Powhatan, Prince Edward, Richmond, Richmond City, Westmoreland",Virginia,11/30/2024,0.88
2024-2025,330,"Midland (Midland), MI - Isabella, MI","Clare, Gladwin, Isabella, Midland",Michigan,2/22/2025,1.86
2024-2025,331,"Williamson, IL - Jackson, IL","Franklin, Jackson, Perry, Williamson",Illinois,1/4/2025,2.43
2024-2025,332,"Huntington, IN - Adams, IN","Adams, Huntington, Jay, Wells",Indiana,11/30/2024,3.81
2024-2025,333,"Vermilion, IL - Edgar, IL","Edgar, Vermilion",Illinois,12/28/2024,2.65
2024-2025,334,"Macoupin, IL - Montgomery, IL","Macoupin, Montgomery",Illinois,1/4/2025,2.72
2024-2025,335,"Jefferson, IL - Wayne, IL","Jefferson, Wayne",Illinois,2/15/2025,2.14
2024-2025,336,"La Salle, IL - Livingston, IL","Bureau, La Salle, Livingston, Putnam",Illinois,12/28/2024,2.37
2024-2025,338,"McLean (Bloomington), IL - Woodford, IL","De Witt, McLean, Woodford",Illinois,1/4/2025,1.88
2024-2025,339,"Floyd (New Albany), IN - Harrison, IN","Crawford, Floyd, Harrison, Washington",Indiana,12/28/2024,1.57
2024-2025,341,"Monroe (Bloomington), IN - Greene, IN","Brown, Greene, Monroe, Owen",Indiana,2/15/2025,1.72
2024-2025,342,"Bay (Bay City), MI - Iosco, MI","Arenac, Bay, Iosco, Ogemaw, Oscoda",Michigan,2/1/2025,1.97
2024-2025,343,"Kankakee (Kankakee), IL - Iroquois, IL","Iroquois, Kankakee",Illinois,12/28/2024,3.17
2024-2025,344,"Outagamie (Appleton), WI - Waupaca, WI","Outagamie, Waupaca",Wisconsin,2/15/2025,0.88
2024-2025,348,"Kalamazoo (Kalamazoo), MI - St. Joseph, MI","Kalamazoo, St. Joseph",Michigan,1/25/2025,0.41
2024-2025,349,"Elkhart (Elkhart), IN - Kosciusko, IN","Elkhart, Kosciusko",Indiana,12/28/2024,1.82
2024-2025,35,"Cattaraugus, NY - Allegany, NY","Allegany, Cattaraugus",New York,2/15/2025,1.69
2024-2025,350,"Clayton, IA - Delaware, IA","Clayton, Delaware",Iowa,3/15/2025,2.45
2024-2025,351,"Richland, IL - Clay, IL","Clay, Edwards, Jasper, Richland",Illinois,3/1/2025,2.67
2024-2025,353,"Adams, IL - Pike, IL","Adams, Pike",Illinois,12/28/2024,0.84
2024-2025,355,"Sheboygan (Sheboygan), WI - Manitowoc, WI","Calumet, Manitowoc, Sheboygan",Wisconsin,2/8/2025,2.14
2024-2025,357,"Ashland, WI - Sawyer, WI","Ashland, Bayfield, Price, Sawyer",Wisconsin,2/22/2025,2.45
2024-2025,358,"Marion, IL - Washington, IL","Marion, Washington",Illinois,2/15/2025,1.94
2024-2025,359,"Houghton, MI - Baraga, MI","Baraga, Houghton, Keweenaw",Michigan,2/8/2025,0.87
2024-2025,36,"Bergen, NJ - Hudson (Jersey City), NJ","Bergen, Hudson, Passaic",New Jersey,12/28/2024,1.3
2024-2025,361,"Whiteside, IL - Carroll, IL","Carroll, Whiteside",Illinois,1/4/2025,2.92
2024-2025,362,"Hancock, IN - Henry (New Castle), IN","Hancock, Henry",Indiana,1/4/2025,2.38
2024-2025,363,"Effingham, IL - Fayette, IL","Effingham, Fayette",Illinois,2/15/2025,2.43
2024-2025,364,"Howard (Kokomo), IN - Cass, IN","Cass, Howard, Tipton",Indiana,12/21/2024,1.87
2024-2025,365,"Clark (Jeffersonville), IN - Scott, IN","Clark, Scott",Indiana,12/21/2024,0.58
2024-2025,367,"Hancock, IL",Hancock,Illinois,2/15/2025,2.02
2024-2025,37,"Pulaski, KY - Wayne, KY","McCreary, Pulaski, Wayne",Kentucky,1/25/2025,1.01
2024-2025,370,"Goodhue, MN",Goodhue,Minnesota,2/15/2025,3.19
2024-2025,373,"Kane (Aurora), IL - DeKalb, IL","DeKalb, Kane, Kendall",Illinois,1/4/2025,2.43
2024-2025,374,"Barron, WI - Rusk, WI","Barron, Rusk",Wisconsin,3/15/2025,3.43
2024-2025,375,"Jackson (Jackson), MI - Lenawee, MI","Branch, Hillsdale, Jackson, Lenawee",Michigan,1/4/2025,1.82
2024-2025,378,"La Porte, IN - Starke, IN","La Porte, Starke",Indiana,12/28/2024,1.91
2024-2025,379,"Shawano, WI - Langlade, WI","Langlade, Menominee, Shawano",Wisconsin,1/18/2025,1.76
2024-2025,38,"Kennebec, ME - Somerset, ME","Kennebec, Somerset, Waldo",Maine,2/8/2025,1.51
2024-2025,381,"Calhoun (Battle Creek), MI - Barry, MI","Barry, Calhoun",Michigan,1/25/2025,1.36
2024-2025,382,"Racine (Racine), WI - Kenosha, WI","Kenosha, Racine",Wisconsin,1/4/2025,1.13
2024-2025,383,"White, IL - Hamilton, IL","Hamilton, White",Illinois,2/1/2025,2.75
2024-2025,384,"Saline, IL - Gallatin, IL","Gallatin, Hardin, Pope, Saline",Illinois,1/4/2025,1.64
2024-2025,385,"Wayne, IN - Fayette, IN","Fayette, Union, Wayne",Indiana,2/22/2025,0.62
2024-2025,387,"Walworth, WI - Jefferson, WI","Jefferson, Walworth",Wisconsin,2/15/2025,2.1
2024-2025,389,"Grant, IN - Miami, IN","Grant, Miami, Wabash",Indiana,12/28/2024,3.32
2024-2025,39,"Tazewell, VA - Buchanan, VA","Bland, Buchanan, Tazewell",Virginia,1/4/2025,1.48
2024-2025,390,"Hamilton, IN - Madison (Anderson), IN","Hamilton, Madison",Indiana,1/4/2025,0.9
2024-2025,391,"Juneau, WI - Adams, WI","Adams, Juneau",Wisconsin,3/15/2025,1.35
2024-2025,392,"Roscommon, MI - Otsego, MI","Crawford, Otsego, Roscommon",Michigan,1/25/2025,1.61
2024-2025,394,"Dubois, IN",Dubois,Indiana,2/22/2025,2.55
2024-2025,395,"Winneshiek, IA",Winneshiek,Iowa,1/11/2025,2.46
2024-2025,396,"Rice, MN",Rice,Minnesota,3/1/2025,1.87
2024-2025,399,"Jackson, WI",Jackson,Wisconsin,1/25/2025,3.45
2024-2025,4,"Hartford (Hartford), CT - Tolland, CT","Hartford, Tolland, Windham",Connecticut,12/28/2024,0.87
2024-2025,40,"Henderson (Henderson), KY - Union, KY","Henderson, Union",Kentucky,12/21/2024,3.05
2024-2025,400,"Portage, WI",Portage,Wisconsin,2/15/2025,1.85
2024-2025,401,"Boone, IN",Boone,Indiana,2/22/2025,3.63
2024-2025,402,"Montgomery, IN",Montgomery,Indiana,1/25/2025,2.16
2024-2025,403,"Orleans (New Orleans), LA - Jefferson, LA","Jefferson, Orleans, Plaquemines, St. Bernard, St. Charles, St. James, St. John the Baptist",Louisiana,11/30/2024,1.02
2024-2025,405,"Potter (Amarillo), TX - Randall, TX","Armstrong, Briscoe, Carson, Dallam, Donley, Hansford, Hartley, Hutchinson, Moore, Ochiltree, Oldham, Potter, Randall, Sherman, Swisher",Texas,12/28/2024,5.85
2024-2025,406,"Lubbock (Lubbock), TX - Hockley, TX","Bailey, Borden, Cochran, Crosby, Dawson, Dickens, Garza, Hockley, King, Lamb, Lubbock, Lynn, Motley",Texas,1/4/2025,1.55
2024-2025,408,"Harris (Houston), TX - Fort Bend, TX","Austin, Chambers, Fort Bend, Harris, Liberty, Montgomery, San Jacinto, Waller",Texas,11/16/2024,1.2
2024-2025,409,"Forrest, MS - Lamar, MS","Covington, Forrest, Greene, Lamar, Perry",Mississippi,12/21/2024,1.72
2024-2025,41,"Westchester (Yonkers), NY - Dutchess, NY","Dutchess, Putnam, Ulster, Westchester",New York,12/21/2024,2.54
2024-2025,410,"Bexar (San Antonio), TX - Guadalupe, TX","Atascosa, Bandera, Bexar, Frio, Gonzales, Guadalupe, Kendall, La Salle, McMullen, Medina, Wilson, Zavala",Texas,12/28/2024,1.99
2024-2025,411,"Hinds (Jackson), MS - Rankin, MS","Attala, Hinds, Holmes, Leake, Madison, Rankin, Scott, Simpson",Mississippi,12/21/2024,1.55
2024-2025,413,"Jefferson (Beaumont), TX - Orange, TX","Hardin, Jasper, Jefferson, Newton, Orange, Tyler",Texas,11/30/2024,3.82
2024-2025,414,"Tulsa (Tulsa), OK - Rogers, OK","Craig, Creek, Mayes, Ottawa, Rogers, Tulsa",Oklahoma,1/11/2025,2.85
2024-2025,415,"El Paso (El Paso), TX - Hudspeth, TX","Culberson, El Paso, Hudspeth, Loving",Texas,1/4/2025,1.54
2024-2025,416,"Caddo (Shreveport), LA - Bossier, LA","Bossier, Caddo, De Soto, Natchitoches, Red River, Sabine, Webster",Louisiana,11/30/2024,1.73
2024-2025,417,"Oklahoma (Oklahoma City), OK - Canadian, OK","Canadian, Lincoln, Logan, Oklahoma, Pottawatomie",Oklahoma,1/11/2025,1.65
2024-2025,418,"Lee, MS - Monroe, MS","Chickasaw, Itawamba, Lee, Monroe, Prentiss",Mississippi,11/30/2024,2.13
2024-2025,419,"East Baton Rouge (Baton Rouge), LA - Livingston, LA","Ascension, East Baton Rouge, East Feliciana, Iberville, Livingston, Pointe Coupee, West Baton Rouge, West Feliciana",Louisiana,1/4/2025,0.29
2024-2025,420,"Wichita (Wichita Falls), TX - Montague, TX","Archer, Baylor, Clay, Knox, Montague, Throckmorton, Wichita, Young",Texas,12/28/2024,2.83
2024-2025,422,"Coahoma, MS - Tallahatchie, MS","Coahoma, Quitman, Tallahatchie",Mississippi,11/23/2024,3.21
2024-2025,423,"Tangipahoa, LA - St. Helena, LA","St. Helena, Tangipahoa",Louisiana,11/30/2024,2.05
2024-2025,424,"Lafayette (Lafayette), LA - Iberia, LA","Acadia, Iberia, Lafayette, St. Martin, Vermilion",Louisiana,12/28/2024,2.46
2024-2025,425,"Travis (Austin), TX - Williamson, TX","Bastrop, Burnet, Lee, Llano, Travis, Williamson",Texas,12/28/2024,0.48
2024-2025,426,"Tom Green (San Angelo), TX - Runnels, TX","Coke, Concho, Crockett, Irion, McCulloch, Menard, Reagan, Runnels, Schleicher, Sterling, Sutton, Tom Green",Texas,1/4/2025,2.99
2024-2025,427,"Hidalgo (Mcallen), TX - Starr, TX","Hidalgo, Starr",Texas,11/16/2024,2.41
2024-2025,428,"Taylor (Abilene), TX - Jones, TX","Callahan, Eastland, Haskell, Jones, Kent, Shackelford, Stephens, Stonewall, Taylor",Texas,1/4/2025,1.61
2024-2025,429,"Garfield (Enid), OK - Kingfisher, OK","Alfalfa, Blaine, Garfield, Grant, Kingfisher, Major, Woods",Oklahoma,2/8/2025,3.07
2024-2025,430,"Cleveland (Norman), OK - McClain, OK","Cleveland, Garvin, McClain, Murray",Oklahoma,1/11/2025,2.36
2024-2025,433,"Victoria (Victoria), TX - Calhoun, TX","Calhoun, DeWitt, Goliad, Jackson, Lavaca, Refugio, Victoria",Texas,12/28/2024,2.9
2024-2025,434,"Tarrant (Fort Worth), TX - Johnson, TX","Hood, Johnson, Parker, Somervell, Tarrant",Texas,12/28/2024,2.65
2024-2025,435,"Concordia, LA - Tensas, LA","Concordia, Tensas",Louisiana,11/23/2024,2.81
2024-2025,437,"Nueces (Corpus Christi), TX - San Patricio, TX","Aransas, Brooks, Duval, Jim Wells, Kenedy, Kleberg, Live Oak, Nueces, San Patricio",Texas,12/28/2024,0.19
2024-2025,439,"Lincoln, LA - Union, LA","Bienville, Jackson, Lincoln, Union",Louisiana,11/16/2024,1.43
2024-2025,441,"Smith (Tyler), TX - Henderson, TX","Henderson, Smith, Van Zandt, Wood",Texas,1/4/2025,1.6
2024-2025,443,"Ouachita (Monroe), LA - Morehouse, LA","Caldwell, East Carroll, Franklin, Morehouse, Ouachita, Richland, West Carroll",Louisiana,12/21/2024,1.74
2024-2025,444,"Ector (Odessa), TX - Reeves, TX","Crane, Ector, Reeves, Ward, Winkler",Texas,12/7/2024,0.91
2024-2025,447,"Nacogdoches, TX - Shelby, TX","Nacogdoches, Sabine, San Augustine, Shelby",Texas,1/4/2025,2.99
2024-2025,449,"Angelina, TX - Walker, TX","Angelina, Polk, Trinity, Walker",Texas,12/14/2024,1.14
2024-2025,45,"Christian (Hopkinsville), KY - Hopkins, KY","Caldwell, Christian, Hopkins, Muhlenberg, Todd, Trigg, Webster",Kentucky,1/4/2025,1.74
2024-2025,450,"Rapides (Alexandria), LA - Avoyelles, LA","Allen, Avoyelles, Catahoula, Grant, La Salle, Rapides",Louisiana,12/28/2024,3.04
2024-2025,451,"Montgomery, KS - Chautauqua, KS","Chautauqua, Elk, Montgomery",Kansas,1/4/2025,1.47
2024-2025,452,"Bell (Killeen), TX - Coryell, TX","Bell, Coryell, Lampasas, Milam",Texas,12/7/2024,0.65
2024-2025,453,"Dallas (Dallas), TX - Collin, TX","Collin, Dallas, Ellis, Hopkins, Hunt, Kaufman, Rains, Rockwall",Texas,1/4/2025,1.58
2024-2025,454,"Gregg (Longview), TX - Rusk, TX","Gregg, Panola, Rusk, Upshur",Texas,12/28/2024,2.49
2024-2025,455,"Jones, MS - Wayne, MS","Jasper, Jones, Smith, Wayne",Mississippi,12/28/2024,0.92
2024-2025,456,"Harrison (Biloxi), MS - Hancock, MS","Hancock, Harrison, Stone",Mississippi,12/28/2024,1.66
2024-2025,458,"Wilbarger, TX - Hardeman, TX","Foard, Hardeman, Wilbarger",Texas,1/11/2025,3.43
2024-2025,459,"Lafayette, MS - Calhoun, MS","Calhoun, Lafayette, Yalobusha",Mississippi,11/23/2024,3.14
2024-2025,46,"Boyd, KY - Greenup, KY","Boyd, Carter, Greenup, Lawrence, Martin",Kentucky,12/28/2024,2.03
2024-2025,460,"Gray, TX - Wheeler, TX","Gray, Hemphill, Roberts, Wheeler",Texas,1/11/2025,2.26
2024-2025,462,"McLennan (Waco), TX - Hill, TX","Bosque, Falls, Hamilton, Hill, Limestone, McLennan",Texas,12/21/2024,1.87
2024-2025,463,"St. Landry, LA - Evangeline, LA","Evangeline, St. Landry",Louisiana,12/21/2024,1.99
2024-2025,464,"Brazos (Bryan), TX - Washington, TX","Brazos, Burleson, Grimes, Robertson, Washington",Texas,12/21/2024,1.58
2024-2025,465,"Titus, TX - Morris, TX","Camp, Franklin, Morris, Titus",Texas,3/1/2025,1.9
2024-2025,467,"Terrebonne (Houma), LA - Lafourche, LA","Assumption, Lafourche, Terrebonne",Louisiana,12/28/2024,1.41
2024-2025,470,"Calcasieu (Lake Charles), LA - Vernon, LA","Beauregard, Calcasieu, Cameron, Jefferson Davis, Vernon",Louisiana,12/28/2024,2.36
2024-2025,471,"Jackson (Pascagoula), MS - George, MS","George, Jackson",Mississippi,11/30/2024,1.11
2024-2025,474,"Carter, OK - Marshall, OK","Carter, Johnston, Love, Marshall",Oklahoma,12/21/2024,2.77
2024-2025,475,"Custer, OK - Washita, OK","Custer, Washita",Oklahoma,3/8/2025,1.92
2024-2025,477,"Pike, MS - Marion, MS","Amite, Marion, Pike, Walthall",Mississippi,12/14/2024,3.15
2024-2025,478,"Pontotoc, OK - Seminole, OK","Coal, Hughes, Pontotoc, Seminole",Oklahoma,2/8/2025,1.62
2024-2025,479,"Palo Pinto, TX - Jack, TX","Jack, Palo Pinto",Texas,11/30/2024,1.91
2024-2025,48,"Frederick, MD",Frederick,Maryland,12/21/2024,3.38
2024-2025,481,"Hale, TX - Castro, TX","Castro, Floyd, Hale",Texas,12/28/2024,2.68
2024-2025,482,"Pontotoc, MS - Union, MS","Pontotoc, Tippah, Union",Mississippi,11/23/2024,4.18
2024-2025,484,"Oktibbeha, MS - Winston, MS","Choctaw, Oktibbeha, Webster, Winston",Mississippi,11/30/2024,1.74
2024-2025,485,"Harrison (Marshall), TX - Cass, TX","Cass, Harrison, Marion",Texas,12/28/2024,2.27
2024-2025,487,"Bolivar, MS - Leflore, MS","Bolivar, Humphreys, Leflore, Sunflower",Mississippi,11/16/2024,2.02
2024-2025,488,"Washington, MS - Sharkey, MS","Issaquena, Sharkey, Washington",Mississippi,11/16/2024,5.17
2024-2025,489,"Navarro, TX - Freestone, TX","Freestone, Navarro",Texas,1/4/2025,3.99
2024-2025,49,"Chittenden (Burlington), VT - Franklin, VT","Addison, Chittenden, Franklin, Grand Isle",Vermont,1/25/2025,1.4
2024-2025,490,"Fayette, TX - Colorado, TX","Colorado, Fayette",Texas,11/23/2024,5.88
2024-2025,491,"Deaf Smith, TX - Parmer, TX","Deaf Smith, Parmer",Texas,1/4/2025,6.61
2024-2025,492,"Midland (Midland), TX - Pecos, TX","Martin, Midland, Pecos, Terrell, Upton",Texas,12/28/2024,5.77
2024-2025,495,"Denton (Denton), TX - Wise, TX","Cooke, Denton, Wise",Texas,1/11/2025,0.91
2024-2025,498,"Alcorn, MS - Tishomingo, MS","Alcorn, Tishomingo",Mississippi,12/28/2024,2.02
2024-2025,5,"Newport News City, VA - Hampton City, VA","Gloucester, Hampton City, James City, Mathews, Newport News City, Poquoson City, Williamsburg City, York",Virginia,12/21/2024,0.73
2024-2025,50,"Randolph, WV - Barbour, WV","Barbour, Pocahontas, Randolph, Tucker",West Virginia,3/29/2025,2.03
2024-2025,500,"St. Tammany (Slidell), LA - Washington, LA","St. Tammany, Washington",Louisiana,12/28/2024,2.26
2024-2025,501,"Leon, TX - Madison, TX","Leon, Madison",Texas,12/14/2024,3.91
2024-2025,502,"Grenada, MS - Montgomery, MS","Carroll, Grenada, Montgomery",Mississippi,12/28/2024,2.68
2024-2025,503,"Nolan, TX - Mitchell, TX","Fisher, Mitchell, Nolan",Texas,2/22/2025,2.43
2024-2025,504,"Jefferson Davis, MS - Lawrence, MS","Jefferson Davis, Lawrence",Mississippi,11/30/2024,1.54
2024-2025,505,"Brazoria (Lake Jackson), TX - Wharton, TX","Brazoria, Matagorda, Wharton",Texas,11/30/2024,2.99
2024-2025,506,"Kerr, TX - Gillespie, TX","Blanco, Edwards, Gillespie, Kerr, Kimble, Mason, Real",Texas,12/28/2024,1.59
2024-2025,507,"Erath, TX - Comanche, TX","Comanche, Erath",Texas,12/28/2024,4.43
2024-2025,508,"Lea, NM",Lea,New Mexico,2/8/2025,1.52
2024-2025,509,"Anderson, TX - Cherokee, TX","Anderson, Cherokee, Houston",Texas,12/28/2024,1.86
2024-2025,51,"Laurel, KY - Whitley, KY","Clay, Knox, Laurel, Whitley",Kentucky,1/11/2025,1.49
2024-2025,510,"Hays (San Marcos), TX - Caldwell, TX","Caldwell, Hays",Texas,1/4/2025,0.93
2024-2025,511,"Lincoln, MS - Copiah, MS","Copiah, Lincoln",Mississippi,8/3/2024,0
2024-2025,512,"Childress, TX - Hall, TX","Childress, Cottle, Hall",Texas,2/1/2025,3.79
2024-2025,513,"Bee, TX - Karnes, TX","Bee, Karnes",Texas,12/21/2024,2.17
2024-2025,516,"Maverick, TX - Val Verde, TX","Kinney, Maverick, Val Verde",Texas,12/28/2024,1.51
2024-2025,517,"Comal, TX",Comal,Texas,12/21/2024,1.61
2024-2025,518,"Howard, TX - Glasscock, TX","Glasscock, Howard",Texas,9/14/2024,0.71
2024-2025,520,"Cameron (Brownsville), TX - Willacy, TX","Cameron, Willacy",Texas,11/30/2024,1.65
2024-2025,523,"Claiborne, LA",Claiborne,Louisiana,3/29/2025,1.81
2024-2025,525,"Wilkinson, MS",Wilkinson,Mississippi,1/11/2025,4.69
2024-2025,526,"Brewster, TX - Presidio, TX","Brewster, Jeff Davis, Presidio",Texas,3/8/2025,1.69
2024-2025,528,"St. Mary, LA",St. Mary,Louisiana,1/4/2025,5.14
2024-2025,53,"Barren, KY - Hart, KY","Barren, Hart, Metcalfe, Monroe",Kentucky,12/28/2024,1.58
2024-2025,530,"Winn, LA",Winn,Louisiana,2/8/2025,0.83
2024-2025,531,"Dimmit, TX",Dimmit,Texas,11/23/2024,0.99
2024-2025,532,"Galveston, TX",Galveston,Texas,11/16/2024,1
2024-2025,533,"Yazoo, MS",Yazoo,Mississippi,11/23/2024,2.58
2024-2025,536,"Uvalde, TX",Uvalde,Texas,10/26/2024,6.15
2024-2025,538,"Webb (Laredo), TX - Zapata, TX","Jim Hogg, Webb, Zapata",Texas,12/28/2024,4.19
2024-2025,539,"Cherokee, KS",Cherokee,Kansas,3/8/2025,3.45
2024-2025,54,"Erie (Buffalo), NY - Monroe, NY","Erie, Genesee, Livingston, Monroe, Niagara, Orleans, Wyoming",New York,12/28/2024,2.04
2024-2025,540,"Hennepin (Minneapolis), MN - Anoka, MN","Anoka, Carver, Hennepin, Le Sueur, McLeod, Scott, Sherburne, Sibley, Wright",Minnesota,1/18/2025,1.37
2024-2025,542,"Douglas (Omaha), NE - Sarpy, NE","Burt, Cass, Colfax, Cuming, Dodge, Douglas, Sarpy, Saunders, Washington",Nebraska,2/8/2025,0.6
2024-2025,544,"Lyon, IA",Lyon,Iowa,2/8/2025,5.26
2024-2025,545,"Linn (Cedar Rapids), IA - Johnson, IA","Benton, Cedar, Iowa, Johnson, Jones, Linn, Louisa, Washington",Iowa,2/8/2025,1.15
2024-2025,546,"Polk (Des Moines), IA - Dallas, IA","Adair, Clarke, Dallas, Decatur, Jasper, Madison, Marion, Polk, Ringgold, Union, Warren",Iowa,2/22/2025,1.66
2024-2025,547,"Clay, MN - Becker, MN","Becker, Clay, Mahnomen, Norman, Wilkin",Minnesota,2/22/2025,2.58
2024-2025,55,"Wise, VA - Lee, VA","Dickenson, Lee, Norton City, Wise",Virginia,2/22/2025,1.62
2024-2025,551,"Ford, KS - Gray, KS","Clark, Ford, Gray, Hodgeman, Meade",Kansas,3/22/2025,3.04
2024-2025,552,"Howard, IA",Howard,Iowa,2/15/2025,3.39
2024-2025,554,"Shawnee (Topeka), KS - Riley, KS","Brown, Jackson, Jefferson, Nemaha, Osage, Pottawatomie, Riley, Shawnee, Wabaunsee",Kansas,2/8/2025,1.05
2024-2025,555,"Hall, NE - Hamilton, NE","Greeley, Hall, Hamilton, Howard, Merrick",Nebraska,4/5/2025,1.53
2024-2025,556,"Cerro Gordo, IA - Kossuth, IA","Cerro Gordo, Franklin, Hancock, Kossuth, Winnebago, Worth",Iowa,2/15/2025,2.74
2024-2025,557,"Black Hawk (Waterloo), IA - Bremer, IA","Black Hawk, Bremer, Buchanan, Butler, Fayette, Grundy",Iowa,1/18/2025,2.17
2024-2025,559,"Holt, NE - Brown, NE","Brown, Holt, Keya Paha, Rock",Nebraska,4/26/2025,2.63
2024-2025,56,"Onondaga (Syracuse), NY - Oswego, NY","Cayuga, Onondaga, Oswego",New York,1/4/2025,1.6
2024-2025,560,"Woodbury (Sioux City), IA - Plymouth, IA","Buena Vista, Cherokee, Ida, Monona, Plymouth, Woodbury",Iowa,12/28/2024,2.51
2024-2025,561,"Lancaster (Lincoln), NE - Gage, NE","Butler, Gage, Jefferson, Lancaster, Saline, Seward",Nebraska,3/8/2025,1.24
2024-2025,563,"Union, IL - Alexander, IL","Alexander, Pulaski, Union",Illinois,12/21/2024,6.76
2024-2025,564,"Adams, NE - Clay, NE","Adams, Clay, Nuckolls, Webster",Nebraska,3/8/2025,2.25
2024-2025,565,"Ellis, KS - Rooks, KS","Ellis, Gove, Graham, Logan, Rooks, Trego",Kansas,3/15/2025,2.06
2024-2025,567,"Lyon, KS - Coffey, KS","Chase, Coffey, Greenwood, Lyon",Kansas,2/15/2025,5.54
2024-2025,569,"Saline, KS - Ellsworth, KS","Ellsworth, Lincoln, Ottawa, Saline",Kansas,1/11/2025,0.46
2024-2025,570,"Buffalo, NE - Dawson, NE","Buffalo, Dawson, Franklin, Frontier, Gosper, Kearney, Sherman",Nebraska,3/22/2025,1.46
2024-2025,573,"Blue Earth, MN - Nicollet, MN","Blue Earth, Nicollet, Waseca, Watonwan",Minnesota,1/25/2025,2.41
2024-2025,575,"Finney, KS - Scott, KS","Finney, Hamilton, Haskell, Kearny, Lane, Scott",Kansas,1/25/2025,2.81
2024-2025,576,"Sedgwick (Wichita), KS - Butler, KS","Butler, Cowley, Harvey, Marion, Sedgwick, Sumner",Kansas,2/8/2025,0.74
2024-2025,577,"Madison, NE - Wayne, NE","Antelope, Madison, Pierce, Stanton, Wayne",Nebraska,3/8/2025,2.05
2024-2025,578,"Cedar, NE - Knox, NE","Cedar, Knox",Nebraska,4/12/2025,4.76
2024-2025,58,"Otsego, NY - Chenango, NY","Chenango, Delaware, Otsego, Schoharie",New York,2/8/2025,0.41
2024-2025,580,"Scotts Bluff, NE - Box Butte, NE","Banner, Box Butte, Garden, Grant, Morrill, Scotts Bluff",Nebraska,8/3/2024,0
2024-2025,583,"Barton, KS - Pawnee, KS","Barton, Edwards, Pawnee, Rush",Kansas,3/8/2025,1.87
2024-2025,584,"Polk, MN",Polk,Minnesota,4/12/2025,3.33
2024-2025,585,"Webster, IA - Humboldt, IA","Humboldt, Pocahontas, Webster",Iowa,2/22/2025,2.55
2024-2025,587,"Seward, KS - Morton, KS","Morton, Seward",Kansas,3/8/2025,2.16
2024-2025,588,"Stearns (St. Cloud), MN - Benton, MN","Benton, Meeker, Morrison, Stearns, Todd",Minnesota,3/15/2025,2.89
2024-2025,589,"Wapello, IA - Mahaska, IA","Jefferson, Keokuk, Mahaska, Monroe, Van Buren, Wapello",Iowa,1/18/2025,2.2
2024-2025,59,"Oneida (Utica), NY - Madison, NY","Herkimer, Madison, Oneida",New York,12/21/2024,0.91
2024-2025,590,"Big Stone, MN - Traverse, MN","Big Stone, Traverse",Minnesota,3/15/2025,11.11
2024-2025,592,"Kandiyohi, MN - Chippewa, MN","Chippewa, Kandiyohi, Lac qui Parle, Swift, Yellow Medicine",Minnesota,1/11/2025,2.15
2024-2025,593,"Lincoln, NE - Keith, NE","Arthur, Hooker, Keith, Lincoln, McPherson, Perkins",Nebraska,3/22/2025,0.91
2024-2025,594,"Custer, NE - Valley, NE","Blaine, Custer, Garfield, Logan, Loup, Thomas, Valley, Wheeler",Nebraska,4/5/2025,2.94
2024-2025,595,"Boyd, NE",Boyd,Nebraska,8/3/2024,0
2024-2025,596,"Pottawattamie (Council Bluffs), IA - Harrison, IA","Audubon, Cass, Harrison, Mills, Pottawattamie, Shelby",Iowa,3/1/2025,1.22
2024-2025,598,"Reno, KS - Rice, KS","Reno, Rice, Stafford",Kansas,2/22/2025,3
2024-2025,60,"Raleigh, WV - Fayette, WV","Fayette, Raleigh, Summers, Wyoming",West Virginia,2/15/2025,1.45
2024-2025,601,"Labette, KS - Neosho, KS","Allen, Labette, Neosho, Woodson",Kansas,2/1/2025,3.14
2024-2025,602,"Brown, MN - Renville, MN","Brown, Redwood, Renville",Minnesota,1/25/2025,2.69
2024-2025,603,"Isanti (Cambridge), MN - Mille Lacs, MN","Isanti, Kanabec, Mille Lacs",Minnesota,2/22/2025,2.22
2024-2025,604,"Pennington, MN - Marshall, MN","Kittson, Marshall, Pennington, Red Lake",Minnesota,12/28/2024,6.25
2024-2025,606,"Story, IA - Boone, IA","Boone, Hamilton, Hardin, Story, Wright",Iowa,1/18/2025,1.25
2024-2025,608,"Douglas, MN - Pope, MN","Douglas, Pope, Stevens",Minnesota,3/8/2025,2.97
2024-2025,609,"Lyon, MN - Lincoln, MN","Lincoln, Lyon",Minnesota,2/15/2025,5.26
2024-2025,61,"District of Columbia, DC",District of Columbia,District of Columbia,12/21/2024,1.64
2024-2025,611,"York, NE - Polk, NE","Polk, York",Nebraska,2/22/2025,2.75
2024-2025,612,"Crow Wing, MN - Cass, MN","Aitkin, Cass, Crow Wing, Hubbard, Wadena",Minnesota,2/15/2025,2.6
2024-2025,613,"Decatur, KS - Sheridan, KS","Decatur, Sheridan",Kansas,2/22/2025,5
2024-2025,616,"Phelps, NE - Furnas, NE","Furnas, Harlan, Phelps",Nebraska,4/12/2025,1.43
2024-2025,617,"Guthrie, IA - Greene, IA","Greene, Guthrie",Iowa,2/22/2025,1.63
2024-2025,618,"Pratt, KS - Kiowa, KS","Comanche, Kiowa, Pratt",Kansas,3/15/2025,1.57
2024-2025,62,"Madison, KY - Rockcastle, KY","Estill, Jackson, Madison, Rockcastle",Kentucky,11/30/2024,0.87
2024-2025,621,"Wyandotte (Kansas City), KS - Leavenworth, KS","Leavenworth, Wyandotte",Kansas,12/28/2024,0.47
2024-2025,622,"Mitchell, KS - Osborne, KS","Jewell, Mitchell, Osborne",Kansas,2/15/2025,5.56
2024-2025,624,"Johnson (Overland Park), KS - Douglas, KS","Anderson, Douglas, Franklin, Johnson, Miami",Kansas,1/4/2025,1.59
2024-2025,625,"Clay, IA - Dickinson, IA","Clay, Dickinson, Palo Alto",Iowa,2/22/2025,3.48
2024-2025,626,"Emmet, IA",Emmet,Iowa,2/22/2025,5.26
2024-2025,628,"Richardson, NE - Pawnee, NE","Pawnee, Richardson",Nebraska,8/3/2024,0
2024-2025,63,"Rockingham, VA - Harrisonburg City, VA","Harrisonburg City, Page, Rockingham",Virginia,1/4/2025,1.78
2024-2025,630,"Crawford, KS - Bourbon, KS","Bourbon, Crawford, Linn",Kansas,1/4/2025,5.17
2024-2025,631,"Roseau, MN - Lake of the Woods, MN","Lake of the Woods, Roseau",Minnesota,3/1/2025,3.21
2024-2025,633,"Carroll, IA - Sac, IA","Calhoun, Carroll, Sac",Iowa,3/8/2025,2.41
2024-2025,634,"Floyd, IA - Chickasaw, IA","Chickasaw, Floyd",Iowa,1/25/2025,1.07
2024-2025,635,"Marshall, KS - Washington, KS","Marshall, Washington",Kansas,1/11/2025,6.94
2024-2025,636,"Cheyenne, KS - Rawlins, KS","Cheyenne, Rawlins",Kansas,2/22/2025,3.45
2024-2025,637,"Phillips, KS - Norton, KS","Norton, Phillips, Smith",Kansas,1/25/2025,2.83
2024-2025,64,"Atlantic (Atlantic City), NJ - Cape May, NJ","Atlantic, Cape May",New Jersey,12/28/2024,1.61
2024-2025,641,"Scott (Davenport), IA - Muscatine, IA","Muscatine, Scott",Iowa,12/28/2024,1.93
2024-2025,642,"Cloud, KS - Republic, KS","Cloud, Republic",Kansas,2/15/2025,5.31
2024-2025,643,"Wichita, KS - Greeley, KS","Greeley, Wichita",Kansas,3/15/2025,9.09
2024-2025,644,"Page, IA - Fremont, IA","Fremont, Page, Taylor",Iowa,2/22/2025,2.61
2024-2025,645,"Lucas, IA - Wayne, IA","Lucas, Wayne",Iowa,1/25/2025,5.48
2024-2025,646,"Freeborn, MN - Faribault, MN","Faribault, Freeborn",Minnesota,3/1/2025,4.12
2024-2025,647,"Montgomery, IA - Adams, IA","Adams, Montgomery",Iowa,3/29/2025,1.68
2024-2025,649,"Appanoose, IA - Davis, IA","Appanoose, Davis",Iowa,3/22/2025,4.15
2024-2025,65,"Steuben, NY - Chemung (Elmira), NY","Chemung, Schuyler, Steuben",New York,2/8/2025,0.94
2024-2025,650,"Geary, KS - Dickinson, KS","Dickinson, Geary, Morris",Kansas,3/29/2025,1.09
2024-2025,651,"Platte, NE - Boone, NE","Boone, Nance, Platte",Nebraska,1/18/2025,2.25
2024-2025,652,"OBrien, IA - Osceola, IA","OBrien, Osceola",Iowa,3/29/2025,9.09
2024-2025,654,"Chase, NE - Dundy, NE","Chase, Dundy, Hayes",Nebraska,3/8/2025,11.11
2024-2025,659,"Thomas, KS - Sherman, KS","Sherman, Thomas, Wallace",Kansas,1/4/2025,5.45
2024-2025,66,"Essex (Newark), NJ - Middlesex, NJ","Essex, Middlesex, Somerset, Union",New Jersey,12/21/2024,1.25
2024-2025,660,"Otoe, NE - Johnson, NE","Johnson, Otoe",Nebraska,2/1/2025,2.13
2024-2025,661,"Kingman, KS - Harper, KS","Harper, Kingman",Kansas,1/11/2025,3.8
2024-2025,662,"Clay, KS",Clay,Kansas,3/8/2025,2.02
2024-2025,664,"Stevens, KS",Stevens,Kansas,3/29/2025,4.76
2024-2025,665,"Mitchell, IA",Mitchell,Iowa,2/8/2025,1.25
2024-2025,667,"Russell, KS",Russell,Kansas,1/18/2025,2.22
2024-2025,669,"Barber, KS",Barber,Kansas,3/29/2025,3.33
2024-2025,67,"Rowan, KY - Morgan, KY","Elliott, Menifee, Morgan, Rowan",Kentucky,1/4/2025,2.41
2024-2025,671,"Atchison, KS",Atchison,Kansas,2/22/2025,1.67
2024-2025,672,"Sioux, IA",Sioux,Iowa,12/28/2024,2.92
2024-2025,674,"McPherson, KS",McPherson,Kansas,2/15/2025,1.53
2024-2025,675,"Wilson, KS",Wilson,Kansas,3/1/2025,2.47
2024-2025,679,"Marshall, IA - Tama, IA","Marshall, Tama",Iowa,1/25/2025,2.3
2024-2025,68,"Bristol (New Bedford), MA",Bristol,Massachusetts,12/28/2024,1.11
2024-2025,681,"Crawford, IA",Crawford,Iowa,8/3/2024,0
2024-2025,682,"Ness, KS",Ness,Kansas,8/3/2024,0
2024-2025,686,"Poweshiek, IA",Poweshiek,Iowa,3/8/2025,3.11
2024-2025,687,"Nemaha, NE",Nemaha,Nebraska,8/3/2024,0
2024-2025,688,"Denver (Denver), CO - Jefferson, CO","Adams, Arapahoe, Clear Creek, Denver, Douglas, Elbert, Gilpin, Grand, Jefferson, Park, Summit",Colorado,2/8/2025,0.91
2024-2025,689,"Multnomah (Portland), OR - Washington, OR","Clackamas, Clatsop, Columbia, Multnomah, Washington",Oregon,2/8/2025,1.02
2024-2025,69,"Fairfax, VA - Arlington, VA","Alexandria City, Arlington, Fairfax, Fairfax City, Falls Church City, Loudoun",Virginia,12/28/2024,1.24
2024-2025,691,"Yellowstone (Billings), MT - Big Horn, MT","Big Horn, Carbon, Golden Valley, Musselshell, Rosebud, Stillwater, Treasure, Yellowstone",Montana,2/8/2025,1.75
2024-2025,692,"Cascade (Great Falls), MT - Glacier, MT","Cascade, Chouteau, Glacier, Judith Basin, Pondera, Teton, Toole",Montana,3/29/2025,3.01
2024-2025,693,"Bernalillo (Albuquerque), NM - Sandoval, NM","Bernalillo, Cibola, Sandoval, Socorro, Torrance, Valencia",New Mexico,2/15/2025,1.58
2024-2025,694,"Nez Perce, ID - Idaho, ID","Clearwater, Idaho, Lewis, Nez Perce",Idaho,2/15/2025,1.47
2024-2025,695,"Twin Falls, ID - Jerome, ID","Gooding, Jerome, Lincoln, Twin Falls",Idaho,2/22/2025,3.15
2024-2025,696,"Bannock, ID - Bingham, ID","Bannock, Bingham, Caribou, Oneida, Power",Idaho,3/8/2025,1.74
2024-2025,7,"Kanawha (Charleston), WV - Putnam, WV","Boone, Clay, Kanawha, Nicholas, Putnam, Webster",West Virginia,2/15/2025,1.52
2024-2025,70,"Montgomery, VA - Pulaski, VA","Giles, Montgomery, Pulaski, Radford City, Wythe",Virginia,1/4/2025,2.23
2024-2025,703,"Utah (Provo), UT - Sanpete, UT","Juab, Millard, Sanpete, Sevier, Utah, Wayne",Utah,2/1/2025,1.37
2024-2025,704,"Pueblo (Pueblo), CO - Las Animas, CO","Huerfano, Las Animas, Pueblo",Colorado,2/8/2025,1.27
2024-2025,705,"Marion (Salem), OR - Yamhill, OR","Marion, Polk, Yamhill",Oregon,2/8/2025,1.71
2024-2025,707,"Clark (Las Vegas), NV - Nye, NV","Clark, Esmeralda, Lincoln, Nye",Nevada,12/28/2024,1.02
2024-2025,708,"Salt Lake (Salt Lake City), UT - Tooele, UT","Duchesne, Salt Lake, Summit, Tooele, Uintah, Wasatch",Utah,2/15/2025,1.45
2024-2025,71,"Halifax with South Boston City, VA - Mecklenburg, VA","Halifax with South Boston City, Lunenburg, Mecklenburg",Virginia,12/21/2024,1.95
2024-2025,711,"Mesa, CO - Garfield, CO","Eagle, Garfield, Mesa, Pitkin, Rio Blanco",Colorado,2/22/2025,1.86
2024-2025,712,"Hill, MT - Blaine, MT","Blaine, Hill, Liberty, Phillips",Montana,3/1/2025,7.21
2024-2025,713,"Missoula, MT - Ravalli, MT","Granite, Lake, Mineral, Missoula, Ravalli, Sanders",Montana,2/22/2025,1.82
2024-2025,714,"Custer, MT - Fallon, MT","Carter, Custer, Fallon, Garfield, Powder River, Prairie",Montana,3/8/2025,3.65
2024-2025,715,"Franklin, ID - Bear Lake, ID","Bear Lake, Franklin",Idaho,3/8/2025,4.42
2024-2025,716,"Ada (Boise City), ID - Canyon, ID","Ada, Boise, Canyon, Elmore, Gem, Owyhee, Valley",Idaho,2/22/2025,1.21
2024-2025,717,"Umatilla, OR - Morrow, OR","Morrow, Umatilla",Oregon,2/22/2025,2.12
2024-2025,719,"Deschutes, OR - Crook, OR","Crook, Deschutes, Harney, Jefferson, Wheeler",Oregon,2/22/2025,2.93
2024-2025,72,"Washington (Hagerstown), MD",Washington,Maryland,12/28/2024,1.45
2024-2025,720,"Elko, NV - Lander, NV","Elko, Eureka, Lander",Nevada,2/22/2025,4.61
2024-2025,721,"Lewis and Clark, MT - Jefferson, MT","Broadwater, Jefferson, Lewis and Clark",Montana,4/5/2025,1.07
2024-2025,722,"Bonneville, ID - Madison, ID","Bonneville, Butte, Clark, Custer, Fremont, Jefferson, Madison, Teton",Idaho,3/1/2025,1.48
2024-2025,724,"Santa Fe (Santa Fe), NM - Rio Arriba, NM","Los Alamos, Rio Arriba, Santa Fe, Taos",New Mexico,2/22/2025,2.64
2024-2025,725,"Curry, NM - Roosevelt, NM","Curry, De Baca, Quay, Roosevelt",New Mexico,1/4/2025,3.47
2024-2025,726,"Natrona (Casper), WY - Converse, WY","Converse, Natrona",Wyoming,3/8/2025,1.92
2024-2025,727,"Linn, OR - Benton, OR","Benton, Linn",Oregon,2/1/2025,1.5
2024-2025,728,"Flathead, MT - Lincoln, MT","Flathead, Lincoln",Montana,3/15/2025,1.49
2024-2025,729,"Payette, ID - Washington, ID","Adams, Payette, Washington",Idaho,2/15/2025,1.17
2024-2025,73,"Alleghany, NC",Alleghany,North Carolina,12/21/2024,2.4
2024-2025,730,"Cassia, ID - Minidoka, ID","Cassia, Minidoka",Idaho,2/22/2025,3.58
2024-2025,732,"Dona Ana (Las Cruces), NM - Luna, NM","Dona Ana, Luna, Sierra",New Mexico,2/15/2025,3.07
2024-2025,733,"Sheridan, MT - Daniels, MT","Daniels, Sheridan",Montana,1/11/2025,3.85
2024-2025,734,"Kootenai, ID - Bonner, ID","Benewah, Bonner, Boundary, Kootenai, Shoshone",Idaho,3/8/2025,2.22
2024-2025,74,"Essex (Lynn), MA",Essex,Massachusetts,12/28/2024,1.4
2024-2025,741,"Cheyenne, NE - Kimball, NE","Cheyenne, Deuel, Kimball",Nebraska,1/11/2025,2.67
2024-2025,742,"Silver Bow, MT - Deer Lodge, MT","Beaverhead, Deer Lodge, Silver Bow",Montana,3/15/2025,1.92
2024-2025,743,"Klamath, OR - Lake, OR","Klamath, Lake",Oregon,2/8/2025,1.93
2024-2025,744,"Davis, UT - Weber (Ogden), UT","Box Elder, Davis, Morgan, Rich, Weber",Utah,2/22/2025,1.64
2024-2025,748,"Wasco, OR - Hood River, OR","Gilliam, Hood River, Sherman, Wasco",Oregon,2/15/2025,2.49
2024-2025,749,"Park, WY - Big Horn, WY","Big Horn, Park",Wyoming,3/29/2025,1.24
2024-2025,75,"New Castle (Wilmington), DE",New Castle,Delaware,12/21/2024,2.82
2024-2025,754,"El Paso (Colorado Springs), CO - Teller, CO","Cheyenne, El Paso, Kit Carson, Lincoln, Teller",Colorado,3/1/2025,0.98
2024-2025,755,"Iron, UT - Beaver, UT","Beaver, Iron",Utah,2/8/2025,2.7
2024-2025,756,"Park, MT - Sweet Grass, MT","Park, Sweet Grass",Montana,2/22/2025,1.43
2024-2025,759,"Union, OR - Baker, OR","Baker, Union, Wallowa",Oregon,2/1/2025,1.96
2024-2025,76,"Fulton, NY - Montgomery (Amsterdam), NY","Fulton, Montgomery",New York,1/11/2025,2.08
2024-2025,760,"Weld, CO - Morgan, CO","Morgan, Washington, Weld, Yuma",Colorado,2/15/2025,1.34
2024-2025,767,"Richland, MT - Dawson, MT","Dawson, McCone, Richland, Wibaux",Montana,3/8/2025,2.28
2024-2025,769,"Otero, NM - Lincoln, NM","Lincoln, Otero",New Mexico,2/1/2025,3.95
2024-2025,77,"Petersburg City, VA - Prince George, VA","Dinwiddie, Hopewell City, Petersburg City, Prince George, Surry, Sussex",Virginia,12/7/2024,1.63
2024-2025,770,"Sheridan, WY - Johnson, WY","Johnson, Sheridan",Wyoming,1/18/2025,2.4
2024-2025,772,"Chaves, NM - Eddy, NM","Chaves, Eddy",New Mexico,2/8/2025,2.73
2024-2025,773,"Gallatin and Yellowstone National Park, MT - Madison, MT","Gallatin and Yellowstone National Park, Madison",Montana,3/8/2025,1.77
2024-2025,775,"Teton, WY - Lincoln, WY","Lincoln, Sublette, Teton",Wyoming,1/25/2025,2.05
2024-2025,777,"Fremont, WY - Washakie, WY","Fremont, Hot Springs, Washakie",Wyoming,3/15/2025,1.93
2024-2025,778,"Wheatland, MT - Meagher, MT","Meagher, Wheatland",Montana,3/29/2025,8.57
2024-2025,779,"Roosevelt, MT - Valley, MT","Roosevelt, Valley",Montana,3/15/2025,2.75
2024-2025,782,"Lane (Eugene), OR - Douglas, OR","Douglas, Lane",Oregon,2/15/2025,1.72
2024-2025,783,"Lincoln, OR - Tillamook, OR","Lincoln, Tillamook",Oregon,2/8/2025,0.72
2024-2025,784,"Latah, ID",Latah,Idaho,3/15/2025,1.79
2024-2025,792,"Uinta, WY",Uinta,Wyoming,2/22/2025,2.29
2024-2025,793,"Grant, NM - Hidalgo, NM","Catron, Grant, Hidalgo",New Mexico,3/15/2025,2
2024-2025,795,"Boulder, CO - Broomfield, CO","Boulder, Broomfield",Colorado,1/25/2025,2
2024-2025,796,"Larimer, CO",Larimer,Colorado,2/1/2025,1.3
2024-2025,797,"Platte, WY",Platte,Wyoming,2/22/2025,6.9
2024-2025,80,"St. Lawrence, NY - Jefferson, NY","Jefferson, Lewis, St. Lawrence",New York,2/8/2025,1.86
2024-2025,801,"San Miguel, NM - Mora, NM","Guadalupe, Harding, Mora, San Miguel",New Mexico,3/22/2025,2.05
2024-2025,804,"Weston, WY",Weston,Wyoming,8/3/2024,0
2024-2025,805,"White Pine, NV",White Pine,Nevada,2/22/2025,6.6
2024-2025,806,"Grant, OR",Grant,Oregon,3/1/2025,1.56
2024-2025,808,"Blaine, ID - Camas, ID","Blaine, Camas",Idaho,12/14/2024,1.64
2024-2025,809,"Carbon, UT - Emery, UT","Carbon, Emery",Utah,3/1/2025,1.44
2024-2025,81,"Clinton, NY - Franklin, NY","Clinton, Essex, Franklin",New York,2/1/2025,1.31
2024-2025,813,"Lemhi, ID",Lemhi,Idaho,1/25/2025,6.67
2024-2025,814,"Union, NM",Union,New Mexico,12/28/2024,8.33
2024-2025,82,"Taylor, KY - Adair, KY","Adair, Green, Russell, Taylor",Kentucky,12/28/2024,1.63
2024-2025,821,"Honolulu (Honolulu), HI - Maui, HI","Honolulu, Kalawao, Maui",Hawaii,11/16/2024,0.75
2024-2025,822,"Kauai, HI",Kauai,Hawaii,1/11/2025,3.48
2024-2025,823,"Hawaii, HI",Hawaii,Hawaii,2/8/2025,1.49
2024-2025,825,"Henry, GA - Forsyth, GA","Fayette, Forsyth, Henry, Rockdale, Walton",Georgia,11/30/2024,0.72
2024-2025,826,"Cherokee, GA - Douglas, GA","Cherokee, Douglas, Paulding, Pickens",Georgia,12/7/2024,2.13
2024-2025,827,"Newton (Covington), GA",Newton,Georgia,12/7/2024,1.16
2024-2025,828,"Baldwin, GA",Baldwin,Georgia,12/7/2024,2.11
2024-2025,829,"Clarke (Athens), GA - Barrow, GA","Barrow, Clarke, Jackson, Madison, Oconee, Oglethorpe",Georgia,11/30/2024,1.36
2024-2025,83,"Suffolk, NY - Nassau, NY","Nassau, Suffolk",New York,12/28/2024,0.88
2024-2025,830,"Richmond (South Augusta), GA - Columbia, GA","Burke, Columbia, Jenkins, Lincoln, McDuffie, Richmond",Georgia,12/14/2024,0.44
2024-2025,831,"Washtenaw, MI - Livingston, MI","Livingston, Washtenaw",Michigan,1/4/2025,1.27
2024-2025,85,"New Haven (New Haven), CT - Litchfield, CT","Litchfield, Middlesex, New Haven",Connecticut,12/28/2024,0.97
2024-2025,851,"Mineral, WV - Hardy, WV","Grant, Hardy, Mineral",West Virginia,1/4/2025,5.08
2024-2025,852,"Wicomico, MD - Worcester, MD","Somerset, Wicomico, Worcester",Maryland,12/28/2024,1.66
2024-2025,853,"Virginia Beach City, VA - Norfolk City, VA","Chesapeake City, Franklin City, Isle of Wight, Norfolk City, Portsmouth City, Southampton, Suffolk City, Virginia Beach City",Virginia,12/21/2024,0.98
2024-2025,854,"Bennington, VT",Bennington,Vermont,1/4/2025,2.08
2024-2025,855,"McCracken, KY - Graves, KY","Ballard, Carlisle, Crittenden, Graves, Hickman, Livingston, Lyon, Marshall, McCracken",Kentucky,12/21/2024,2.55
2024-2025,856,"Logan, WV - Mingo, WV","Logan, Mingo",West Virginia,2/15/2025,2.69
2024-2025,857,"Washington, VT - Windsor, VT","Orange, Washington, Windsor",Vermont,1/11/2025,1.18
2024-2025,86,"Orange (Newburgh), NY - Sullivan, NY","Orange, Sullivan",New York,12/21/2024,1.93
2024-2025,860,"Ohio (Wheeling), WV - Marshall, WV","Marshall, Ohio, Tyler, Wetzel",West Virginia,2/15/2025,2.67
2024-2025,861,"Berkeley, WV - Jefferson, WV","Berkeley, Hampshire, Jefferson, Morgan",West Virginia,1/4/2025,5.3
2024-2025,862,"Greenbrier, WV - Monroe, WV","Greenbrier, Monroe",West Virginia,1/11/2025,1.72
2024-2025,863,"Wood (Parkersburg), WV - Jackson, WV","Calhoun, Jackson, Pleasants, Ritchie, Roane, Wirt, Wood",West Virginia,1/25/2025,1.64
2024-2025,865,"Rockland, NY",Rockland,New York,11/23/2024,1.1
2024-2025,866,"Mercer, WV - McDowell, WV","McDowell, Mercer",West Virginia,1/25/2025,3.18
2024-2025,867,"Cabell (Huntington), WV - Wayne, WV","Cabell, Lincoln, Wayne",West Virginia,12/28/2024,3.38
2024-2025,869,"Montgomery, MD - Prince Georges, MD","Charles, Montgomery, Prince Georges, St. Marys",Maryland,12/28/2024,1.39
2024-2025,87,"Morris (Parsippany-Troy Hills Township), NJ - Sussex, NJ","Morris, Sussex",New Jersey,12/28/2024,1.39
2024-2025,875,"Harford, MD - Cecil, MD","Cecil, Harford",Maryland,12/14/2024,1.9
2024-2025,877,"Windham, VT",Windham,Vermont,2/1/2025,3.05
2024-2025,878,"Claiborne, TN",Claiborne,Tennessee,12/14/2024,0.74
2024-2025,88,"Saratoga, NY - Schenectady (Schenectady), NY","Hamilton, Saratoga, Schenectady, Warren, Washington",New York,12/21/2024,1.12
2024-2025,881,"Columbia, NY - Greene, NY","Columbia, Greene",New York,10/26/2024,0.97
2024-2025,882,"Henry, TN - Carroll, TN","Benton, Carroll, Henry",Tennessee,11/23/2024,1.9
2024-2025,883,"Pittsylvania (Danville), VA - Danville City, VA","Danville City, Pittsylvania",Virginia,12/28/2024,3.04
2024-2025,885,"Hamilton (Chattanooga), TN - Marion, TN","Hamilton, Marion, Sequatchie",Tennessee,1/4/2025,2.16
2024-2025,886,"Beaufort, SC - Jasper, SC","Beaufort, Jasper",South Carolina,12/28/2024,1.64
2024-2025,887,"Shelby (Memphis), TN - Tipton, TN","Fayette, Shelby, Tipton",Tennessee,11/30/2024,3.09
2024-2025,888,"Washington, VA - Smyth, VA","Bristol City, Russell, Scott, Smyth, Washington",Virginia,1/4/2025,1.21
2024-2025,889,"Aiken, SC - Edgefield, SC","Aiken, Barnwell, Edgefield",South Carolina,12/28/2024,2.49
2024-2025,89,"Hardin, KY - Meade, KY","Breckinridge, Grayson, Hardin, Larue, Meade",Kentucky,1/11/2025,1.58
2024-2025,890,"Glynn, GA - Camden, GA","Brantley, Camden, Charlton, Glynn, McIntosh",Georgia,12/21/2024,1.38
2024-2025,893,"Muscogee (Columbus), GA - Harris, GA","Chattahoochee, Harris, Marion, Muscogee, Schley, Stewart, Talbot, Webster",Georgia,11/23/2024,1.13
2024-2025,894,"Coweta, GA - Troup (La Grange), GA","Coweta, Heard, Meriwether, Troup",Georgia,11/30/2024,2.56
2024-2025,895,"Bradley, TN - Polk, TN","Bradley, Polk",Tennessee,12/28/2024,1.06
2024-2025,896,"Carroll, GA - Haralson, GA","Carroll, Haralson",Georgia,11/23/2024,0.81
2024-2025,897,"Weakley, TN - Obion, TN","Obion, Weakley",Tennessee,12/14/2024,3.98
2024-2025,899,"Johnson, TN",Johnson,Tennessee,3/22/2025,2.22
2024-2025,9,"Cumberland (Portland), ME - Knox, ME","Cumberland, Knox, Lincoln, Sagadahoc",Maine,2/1/2025,0.82
2024-2025,900,"Lincoln, TN",Lincoln,Tennessee,11/30/2024,1.42
2024-2025,902,"Vanderburgh (Evansville), IN - Warrick, IN","Gibson, Posey, Spencer, Vanderburgh, Warrick",Indiana,1/4/2025,1.7
2024-2025,904,"Mason, WV",Mason,West Virginia,1/11/2025,1.86
2024-2025,905,"Oneida, WI - Vilas, WI","Forest, Iron, Oneida, Vilas",Wisconsin,3/8/2025,2.48
2024-2025,906,"Polk, WI",Polk,Wisconsin,2/8/2025,1.9
2024-2025,907,"Douglas, WI",Douglas,Wisconsin,3/8/2025,1.48
2024-2025,908,"La Crosse (La Crosse), WI - Monroe, WI","La Crosse, Monroe, Trempealeau, Vernon",Wisconsin,3/1/2025,1.22
2024-2025,909,"Dubuque (Dubuque), IA - Jackson, IA","Dubuque, Jackson",Iowa,1/25/2025,2.66
2024-2025,910,"Knox, IN - Daviess, IN","Daviess, Knox, Martin, Pike",Indiana,2/8/2025,1.47
2024-2025,911,"Vigo (Terre Haute), IN - Clay, IN","Clay, Parke, Sullivan, Vermillion, Vigo",Indiana,3/15/2025,1.3
2024-2025,912,"Marinette, WI - Florence, WI","Florence, Marinette",Wisconsin,2/15/2025,2.52
2024-2025,913,"Daviess (Owensboro), KY - Ohio, KY","Daviess, Hancock, McLean, Ohio",Kentucky,1/11/2025,2.08
2024-2025,914,"Carroll, KY - Trimble, KY","Carroll, Trimble",Kentucky,1/4/2025,7.45
2024-2025,915,"Fountain, IN - Warren, IN","Fountain, Warren",Indiana,12/28/2024,2.22
2024-2025,917,"Des Moines, IA - Henry, IA","Des Moines, Henry",Iowa,3/1/2025,1.88
2024-2025,919,"Crawford, WI",Crawford,Wisconsin,3/1/2025,2.08
2024-2025,92,"Harrison, WV - Upshur, WV","Braxton, Doddridge, Gilmer, Harrison, Lewis, Upshur",West Virginia,1/4/2025,2.66
2024-2025,921,"Clinton, IA",Clinton,Iowa,2/1/2025,2.76
2024-2025,923,"St. Croix, WI - Pierce, WI","Pierce, St. Croix",Wisconsin,2/8/2025,2.41
2024-2025,924,"Hancock (Weirton), WV - Brooke, WV","Brooke, Hancock",West Virginia,1/18/2025,2.28
2024-2025,925,"Bowie (Texarkana), TX",Bowie,Texas,1/11/2025,3.36
2024-2025,926,"Lauderdale, MS - Neshoba, MS","Clarke, Kemper, Lauderdale, Neshoba, Newton",Mississippi,11/30/2024,0.97
2024-2025,928,"Warren, MS - Claiborne, MS","Claiborne, Warren",Mississippi,1/4/2025,1.2
2024-2025,929,"Adams, MS - Jefferson, MS","Adams, Franklin, Jefferson",Mississippi,12/28/2024,2.75
2024-2025,93,"Hunterdon, NJ - Warren (Phillipsburg), NJ","Hunterdon, Warren",New Jersey,12/28/2024,1.98
2024-2025,930,"Grayson (Sherman), TX - Fannin, TX","Fannin, Grayson",Texas,12/28/2024,2.2
2024-2025,931,"Lamar, TX - Red River, TX","Delta, Lamar, Red River",Texas,12/28/2024,3.02
2024-2025,932,"Delaware, OK",Delaware,Oklahoma,1/11/2025,0.9
2024-2025,934,"Lowndes, MS - Clay, MS","Clay, Lowndes, Noxubee",Mississippi,12/14/2024,1.04
2024-2025,936,"Pearl River, MS",Pearl River,Mississippi,1/4/2025,1.82
2024-2025,937,"Gaines, TX - Andrews, TX","Andrews, Gaines",Texas,12/28/2024,3.99
2024-2025,941,"Olmsted (Rochester), MN - Winona, MN","Dodge, Fillmore, Mower, Olmsted, Steele, Wabasha, Winona",Minnesota,1/25/2025,1.67
2024-2025,942,"Dakota, NE - Thurston, NE","Dakota, Dixon, Thurston",Nebraska,8/3/2024,0
2024-2025,943,"Grant, KS - Stanton, KS","Grant, Stanton",Kansas,2/1/2025,7.69
2024-2025,948,"Goshen, WY - Niobrara, WY","Goshen, Niobrara",Wyoming,3/15/2025,1.04
2024-2025,95,"Androscoggin (Lewiston), ME - Oxford, ME","Androscoggin, Franklin, Oxford",Maine,2/8/2025,0.89
2024-2025,950,"Campbell, WY - Crook, WY","Campbell, Crook",Wyoming,8/3/2024,0
2024-2025,955,"Red Willow, NE - Hitchcock, NE","Hitchcock, Red Willow",Nebraska,1/25/2025,2.74
2024-2025,958,"Martin, MN",Martin,Minnesota,3/8/2025,4.06
2024-2025,96,"Harlan, KY - Bell, KY","Bell, Harlan",Kentucky,12/28/2024,1.62
2024-2025,962,"Washoe (Reno), NV - Carson City, NV","Carson City, Churchill, Douglas, Humboldt, Lyon, Mineral, Pershing, Storey, Washoe",Nevada,2/8/2025,1.55
2024-2025,964,"Washington, UT - Kane, UT","Garfield, Kane, Piute, Washington",Utah,2/8/2025,2.44
2024-2025,965,"Grand, UT",Grand,Utah,2/22/2025,8.33
2024-2025,966,"Cache, UT",Cache,Utah,3/1/2025,1.33
2024-2025,968,"Malheur, OR",Malheur,Oregon,2/22/2025,1.63
2024-2025,969,"Coos, OR - Curry, OR","Coos, Curry",Oregon,2/22/2025,1.7
2024-2025,97,"Augusta, VA - Staunton City, VA","Augusta, Buena Vista City, Highland, Lexington City, Rockbridge, Staunton City, Waynesboro City",Virginia,1/4/2025,2.41
2024-2025,970,"San Juan, UT",San Juan,Utah,2/15/2025,6.52
2024-2025,971,"Laramie (Cheyenne), WY",Laramie,Wyoming,2/8/2025,2.22
2024-2025,973,"Jackson (Medford), OR - Josephine, OR","Jackson, Josephine",Oregon,3/8/2025,1.19
2024-2025,975,"Albany, WY - Carbon, WY","Albany, Carbon",Wyoming,3/8/2025,1.7
2024-2025,977,"Sweetwater, WY",Sweetwater,Wyoming,8/3/2024,0
2024-2025,98,"York, ME",York,Maine,2/1/2025,0.51
2024-2025,982,"Lee, IA",Lee,Iowa,3/22/2025,1.88
2024-2025,985,"La Plata, CO - Montezuma, CO","Archuleta, Dolores, La Plata, Montezuma, San Juan",Colorado,2/22/2025,2.35
2024-2025,986,"San Juan, NM",San Juan,New Mexico,3/8/2025,1.63
2024-2025,99,"Albemarle, VA - Charlottesville City, VA","Albemarle, Buckingham, Charlottesville City, Culpeper, Fluvanna, Greene, Louisa, Madison, Nelson, Orange, Rappahannock",Virginia,1/4/2025,0.89
2024-2025,All,All,All,Alabama,12/21/2024,1.31
2024-2025,All,All,All,Alaska,12/28/2024,2.14
2024-2025,All,All,All,Arizona,2/8/2025,0.8
2024-2025,All,All,All,Arkansas,12/28/2024,2.25
2024-2025,All,All,All,California,1/4/2025,0.71
2024-2025,All,All,All,Colorado,2/8/2025,0.97
2024-2025,All,All,All,Connecticut,12/28/2024,1.02
2024-2025,All,All,All,Delaware,12/28/2024,2.56
2024-2025,All,All,All,District of Columbia,12/21/2024,1.64
2024-2025,All,All,All,Florida,11/30/2024,0.76
2024-2025,All,All,All,Georgia,11/30/2024,0.98
2024-2025,All,All,All,Hawaii,12/28/2024,0.8
2024-2025,All,All,All,Idaho,2/22/2025,1.47
2024-2025,All,All,All,Illinois,1/4/2025,1.74
2024-2025,All,All,All,Indiana,1/4/2025,1.24
2024-2025,All,All,All,Iowa,1/18/2025,1.36
2024-2025,All,All,All,Kansas,1/4/2025,0.98
2024-2025,All,All,All,Kentucky,1/4/2025,1.68
2024-2025,All,All,All,Louisiana,12/28/2024,1.48
2024-2025,All,All,All,Maine,2/8/2025,0.84
2024-2025,All,All,All,Maryland,12/28/2024,1.51
2024-2025,All,All,All,Massachusetts,12/28/2024,1.68
2024-2025,All,All,All,Michigan,1/4/2025,1.31
2024-2025,All,All,All,Minnesota,2/15/2025,1.27
2024-2025,All,All,All,Mississippi,11/30/2024,1.35
2024-2025,All,All,All,Montana,3/8/2025,1.61
2024-2025,All,All,All,Nebraska,2/8/2025,0.69
2024-2025,All,All,All,Nevada,12/28/2024,0.95
2024-2025,All,All,All,New Hampshire,12/28/2024,1.88
2024-2025,All,All,All,New Jersey,12/28/2024,1.22
2024-2025,All,All,All,New Mexico,2/15/2025,1.86
2024-2025,All,All,All,New York,12/28/2024,0.9
2024-2025,All,All,All,North Carolina,12/28/2024,2.08
2024-2025,All,All,All,North Dakota,2/22/2025,1.15
2024-2025,All,All,All,Ohio,1/4/2025,1.11
2024-2025,All,All,All,Oklahoma,1/11/2025,1.85
2024-2025,All,All,All,Oregon,2/8/2025,1.26
2024-2025,All,All,All,Pennsylvania,12/28/2024,1.08
2024-2025,All,All,All,Rhode Island,12/28/2024,0.93
2024-2025,All,All,All,South Carolina,12/28/2024,1.34
2024-2025,All,All,All,South Dakota,3/8/2025,1.66
2024-2025,All,All,All,Tennessee,12/28/2024,1.47
2024-2025,All,All,All,Texas,12/28/2024,1.45
2024-2025,All,All,All,United States,12/28/2024,1.08
2024-2025,All,All,All,Utah,2/15/2025,1.38
2024-2025,All,All,All,Vermont,1/4/2025,1.18
2024-2025,All,All,All,Virginia,12/28/2024,1.05
2024-2025,All,All,All,Washington,12/28/2024,1.08
2024-2025,All,All,All,West Virginia,1/4/2025,2.22
2024-2025,All,All,All,Wisconsin,2/8/2025,1.11
2024-2025,All,All,All,Wyoming,2/8/2025,1.26
2025-2026,1,"Allegany (Cumberland), MD - Garrett, MD","Allegany, Garrett",Maryland,1/17/2026,1.28
2025-2026,10,"Albany (Albany), NY - Rensselaer, NY","Albany, Rensselaer",New York,2/21/2026,0.74
2025-2026,101,"Worcester (Worcester), MA - Franklin, MA","Franklin, Worcester",Massachusetts,2/21/2026,1.39
2025-2026,102,"Bourbon (Paris), KY - Nicholas, KY","Bourbon, Nicholas",Kentucky,12/6/2025,1.95
2025-2026,103,"Caledonia, VT - Orleans, VT","Caledonia, Lamoille, Orleans",Vermont,2/28/2026,1.27
2025-2026,104,"Clinton, KY - Cumberland, KY","Clinton, Cumberland",Kentucky,2/7/2026,3.09
2025-2026,105,"Tompkins, NY - Cortland, NY","Cortland, Tompkins",New York,2/14/2026,1.67
2025-2026,106,"Chautauqua, NY",Chautauqua,New York,4/11/2026,1.17
2025-2026,107,"Queen Annes, MD - Talbot, MD","Caroline, Dorchester, Queen Annes, Talbot",Maryland,1/3/2026,1.52
2025-2026,108,"Monmouth, NJ - Ocean (Brick Township), NJ","Monmouth, Ocean",New Jersey,1/24/2026,0.98
2025-2026,109,"Prince William (Dale City), VA - Fauquier, VA","Fauquier, Manassas City, Manassas Park City, Prince William",Virginia,1/3/2026,1.1
2025-2026,11,"Floyd, KY - Johnson, KY","Floyd, Johnson, Magoffin",Kentucky,3/21/2026,1.32
2025-2026,112,"Berkshire (Pittsfield), MA",Berkshire,Massachusetts,4/4/2026,1.98
2025-2026,114,"Franklin, KY - Anderson, KY","Anderson, Franklin, Owen",Kentucky,3/14/2026,0.3
2025-2026,115,"Calloway, KY",Calloway,Kentucky,1/3/2026,7.14
2025-2026,116,"Mason, KY - Fleming, KY","Bracken, Fleming, Mason",Kentucky,11/22/2025,2
2025-2026,119,"Harrison, KY - Robertson, KY","Harrison, Robertson",Kentucky,3/14/2026,1.86
2025-2026,12,"Massac, IL - Johnson, IL","Johnson, Massac",Illinois,1/31/2026,2.86
2025-2026,121,"Fairfield, CT",Fairfield,Connecticut,2/21/2026,0.82
2025-2026,122,"Rutland, VT",Rutland,Vermont,2/21/2026,1.53
2025-2026,123,"Letcher, KY",Letcher,Kentucky,2/28/2026,1.29
2025-2026,124,"Kent, MD",Kent,Maryland,12/13/2025,2
2025-2026,126,"Mercer, NJ",Mercer,New Jersey,2/28/2026,0.45
2025-2026,127,"Cumberland, NJ",Cumberland,New Jersey,1/3/2026,1.55
2025-2026,13,"Pike, KY",Pike,Kentucky,3/28/2026,1.56
2025-2026,131,"Montgomery, KY - Bath, KY","Bath, Montgomery",Kentucky,3/14/2026,1.2
2025-2026,135,"Stafford, VA - Spotsylvania, VA","Caroline, Fredericksburg City, King George, Spotsylvania, Stafford",Virginia,12/20/2025,1.42
2025-2026,136,"Aroostook, ME",Aroostook,Maine,4/18/2026,0.89
2025-2026,14,"Roanoke City, VA - Roanoke, VA","Amherst, Appomattox, Bedford, Bedford City, Botetourt, Campbell, Craig, Floyd, Franklin, Lynchburg City, Roanoke, Roanoke City, Salem City",Virginia,1/24/2026,0.77
2025-2026,141,"Walker, GA - Catoosa, GA","Catoosa, Dade, Walker",Georgia,12/20/2025,0.3
2025-2026,143,"Chatham (Savannah), GA - Liberty, GA","Bryan, Chatham, Effingham, Evans, Liberty, Long, Tattnall",Georgia,11/29/2025,0.58
2025-2026,144,"Dougherty (Albany), GA - Lee, GA","Baker, Calhoun, Clay, Dougherty, Early, Lee, Randolph, Terrell, Worth",Georgia,10/18/2025,0.27
2025-2026,145,"Whitfield, GA - Murray, GA","Murray, Whitfield",Georgia,2/14/2026,1.68
2025-2026,146,"DeSoto, MS - Marshall, MS","Benton, DeSoto, Marshall, Panola, Tate, Tunica",Mississippi,1/17/2026,0.61
2025-2026,147,"Knox (Knoxville), TN - Blount, TN","Blount, Knox, Loudon, McMinn, Meigs, Monroe, Sevier, Union",Tennessee,1/3/2026,0.68
2025-2026,148,"Davidson (Nashville-Davidson), TN - Williamson, TN","Cheatham, Davidson, Dickson, Hickman, Humphreys, Robertson, Williamson",Tennessee,1/3/2026,1.13
2025-2026,149,"Forsyth (Winston-Salem), NC - Surry, NC","Davie, Forsyth, Stokes, Surry, Yadkin",North Carolina,1/31/2026,1.16
2025-2026,151,"Sullivan (Kingsport), TN - Hawkins, TN","Hawkins, Sullivan",Tennessee,1/3/2026,0.64
2025-2026,153,"Fulton (Atlanta), GA - DeKalb, GA","Clayton, DeKalb, Fulton, Gwinnett",Georgia,1/31/2026,0.59
2025-2026,154,"Floyd, GA - Bartow, GA","Bartow, Chattooga, Floyd, Gordon, Polk",Georgia,1/3/2026,1.12
2025-2026,157,"Hall, GA - Habersham, GA","Banks, Dawson, Habersham, Hall, Lumpkin, Towns, Union, White",Georgia,1/31/2026,1.17
2025-2026,16,"Baltimore, MD - Baltimore City, MD","Anne Arundel, Baltimore, Baltimore City, Calvert, Carroll, Howard",Maryland,1/3/2026,0.99
2025-2026,160,"Richland (Columbia), SC - Lexington, SC","Fairfield, Lexington, Newberry, Richland",South Carolina,12/27/2025,1.16
2025-2026,164,"Morgan, GA - Greene, GA","Greene, Morgan",Georgia,12/27/2025,2.25
2025-2026,167,"Mecklenburg (Charlotte), NC - Union, NC","Anson, Mecklenburg, Union",North Carolina,1/3/2026,1.1
2025-2026,168,"New Hanover (Wilmington), NC - Brunswick, NC","Brunswick, New Hanover, Pender",North Carolina,1/31/2026,1.2
2025-2026,169,"Washington (Johnson City), TN - Carter, TN","Carter, Unicoi, Washington",Tennessee,3/14/2026,1.51
2025-2026,17,"Penobscot (Bangor), ME - Hancock, ME","Hancock, Penobscot, Piscataquis, Washington",Maine,3/28/2026,1.41
2025-2026,170,"Durham (Durham), NC - Granville, NC","Durham, Granville, Person, Vance, Warren",North Carolina,3/7/2026,0.73
2025-2026,174,"Ware, GA - Pierce, GA","Bacon, Clinch, Pierce, Ware",Georgia,10/18/2025,1.1
2025-2026,176,"Orangeburg, SC - Bamberg, SC","Allendale, Bamberg, Calhoun, Orangeburg",South Carolina,8/2/2025,0
2025-2026,178,"Thomas, GA - Mitchell, GA","Grady, Mitchell, Thomas",Georgia,8/2/2025,0
2025-2026,18,"Fayette (Lexington-Fayette), KY - Jessamine, KY","Breathitt, Clark, Fayette, Jessamine, Knott, Lee, Leslie, Owsley, Perry, Powell, Scott, Wolfe, Woodford",Kentucky,2/14/2026,1.01
2025-2026,180,"Lowndes, GA - Brooks, GA","Berrien, Brooks, Cook, Echols, Lanier, Lowndes",Georgia,11/29/2025,1.23
2025-2026,182,"Greenville (Greenville), SC - Anderson, SC","Anderson, Greenville, Oconee, Pickens",South Carolina,12/27/2025,1.41
2025-2026,184,"Florence (Florence), SC - Darlington, SC","Chesterfield, Darlington, Florence, Marlboro, Williamsburg",South Carolina,1/3/2026,1.45
2025-2026,186,"Guilford (Greensboro), NC - Davidson, NC","Davidson, Guilford, Randolph, Rockingham",North Carolina,12/27/2025,1.18
2025-2026,187,"Laurens, SC - Greenwood, SC","Abbeville, Greenwood, Laurens, McCormick, Saluda",South Carolina,12/27/2025,1.01
2025-2026,188,"Madison (Jackson), TN - Gibson, TN","Chester, Crockett, Decatur, Gibson, Hardeman, Haywood, Henderson, Madison",Tennessee,1/3/2026,0.73
2025-2026,189,"Tift, GA - Ben Hill, GA","Ben Hill, Irwin, Tift, Turner",Georgia,12/13/2025,0.84
2025-2026,19,"Broome (Binghamton), NY - Tioga, NY","Broome, Tioga",New York,3/7/2026,1.61
2025-2026,190,"Cobb (Marietta), GA",Cobb,Georgia,1/3/2026,0.98
2025-2026,191,"Polk, NC",Polk,North Carolina,2/14/2026,1.37
2025-2026,192,"Iredell (Statesville), NC - Alexander, NC","Alexander, Iredell",North Carolina,1/31/2026,1.52
2025-2026,193,"Bibb (Macon), GA - Houston, GA","Bibb, Bleckley, Crawford, Houston, Jones, Monroe, Peach, Pulaski, Taylor, Twiggs, Wilkinson",Georgia,1/31/2026,0.5
2025-2026,194,"Watauga, NC - Ashe, NC","Ashe, Watauga",North Carolina,2/21/2026,1.13
2025-2026,195,"Pitt, NC - Beaufort, NC","Beaufort, Hyde, Martin, Pitt, Tyrrell, Washington",North Carolina,2/7/2026,1.58
2025-2026,196,"Sumter, SC - Clarendon, SC","Clarendon, Lee, Sumter",South Carolina,1/3/2026,1.45
2025-2026,197,"Sumter, GA - Crisp, GA","Crisp, Dooly, Macon, Sumter, Wilcox",Georgia,10/25/2025,0.46
2025-2026,198,"Wake (Raleigh), NC - Johnston, NC","Franklin, Johnston, Wake, Wilson",North Carolina,1/31/2026,1.05
2025-2026,199,"Marion, SC - Dillon, SC","Dillon, Marion",South Carolina,12/27/2025,2.07
2025-2026,2,"Kenton (Covington), KY - Campbell, KY","Boone, Campbell, Gallatin, Grant, Kenton, Pendleton",Kentucky,3/7/2026,1.2
2025-2026,20,"New London, CT",New London,Connecticut,2/21/2026,0.78
2025-2026,203,"Orange (Chapel Hill), NC - Harnett, NC","Chatham, Harnett, Lee, Orange",North Carolina,1/17/2026,0.61
2025-2026,204,"Spalding (Griffin), GA - Butts, GA","Butts, Spalding",Georgia,12/27/2025,1.38
2025-2026,205,"Moore, NC - Richmond, NC","Hoke, Montgomery, Moore, Richmond",North Carolina,1/3/2026,1.14
2025-2026,206,"Laurens, GA - Toombs, GA","Dodge, Johnson, Laurens, Montgomery, Telfair, Toombs, Treutlen, Wheeler",Georgia,11/29/2025,0.38
2025-2026,207,"Robeson, NC - Columbus, NC","Bladen, Columbus, Robeson, Scotland",North Carolina,12/20/2025,0.97
2025-2026,208,"Maury, TN - Giles, TN","Giles, Lewis, Marshall, Maury",Tennessee,1/3/2026,1.27
2025-2026,209,"Jackson, NC - Macon, NC","Graham, Jackson, Macon, Swain",North Carolina,3/7/2026,1.42
2025-2026,21,"Ontario (Geneva), NY - Wayne, NY","Ontario, Seneca, Wayne, Yates",New York,2/28/2026,1.03
2025-2026,211,"Rutherford (Murfreesboro), TN - Warren, TN","Cannon, DeKalb, Rutherford, Van Buren, Warren",Tennessee,1/3/2026,0.83
2025-2026,212,"Charleston (Charleston), SC - Berkeley, SC","Berkeley, Charleston, Colleton, Dorchester, Hampton",South Carolina,11/29/2025,0.39
2025-2026,214,"Nash, NC - Halifax, NC","Edgecombe, Halifax, Nash, Northampton",North Carolina,1/31/2026,1.55
2025-2026,215,"Putnam, TN - White, TN","Clay, Jackson, Overton, Pickett, Putnam, White",Tennessee,12/27/2025,1.58
2025-2026,216,"Stephens, GA - Hart, GA","Franklin, Hart, Stephens",Georgia,1/10/2026,1.19
2025-2026,217,"Hamblen (Morristown), TN - Jefferson, TN","Grainger, Hamblen, Hancock, Jefferson",Tennessee,2/28/2026,0.34
2025-2026,218,"Gaston (Gastonia), NC - Cleveland, NC","Cleveland, Gaston, Lincoln, Rutherford",North Carolina,1/31/2026,0.73
2025-2026,22,"Middlesex, MA - Suffolk (Boston), MA","Barnstable, Dukes, Middlesex, Nantucket, Norfolk, Plymouth, Suffolk",Massachusetts,2/21/2026,0.8
2025-2026,220,"Jasper, GA",Jasper,Georgia,2/14/2026,2.17
2025-2026,222,"Bulloch, GA - Emanuel, GA","Bulloch, Candler, Emanuel, Screven",Georgia,11/1/2025,0.37
2025-2026,223,"Cumberland, TN - Fentress, TN","Bledsoe, Cumberland, Fentress",Tennessee,11/22/2025,0.55
2025-2026,225,"Buncombe (Asheville), NC - Henderson, NC","Buncombe, Haywood, Henderson, Madison, Transylvania",North Carolina,1/3/2026,0.83
2025-2026,226,"Anderson (Oak Ridge), TN - Roane, TN","Anderson, Campbell, Morgan, Rhea, Roane",Tennessee,1/31/2026,0.34
2025-2026,228,"Decatur, GA - Seminole, GA","Decatur, Miller, Seminole",Georgia,1/24/2026,0.44
2025-2026,229,"Catawba (Hickory), NC - Burke, NC","Burke, Caldwell, Catawba",North Carolina,1/31/2026,1.02
2025-2026,23,"Camden (Camden), NJ - Burlington, NJ","Burlington, Camden, Gloucester, Salem",New Jersey,1/17/2026,0.45
2025-2026,230,"Wayne, GA - Appling, GA","Appling, Wayne",Georgia,8/2/2025,0
2025-2026,231,"Sumner (Hendersonville), TN - Wilson, TN","Macon, Smith, Sumner, Trousdale, Wilson",Tennessee,1/3/2026,0.8
2025-2026,232,"Lawrence, TN - Wayne, TN","Lawrence, Perry, Wayne",Tennessee,1/10/2026,2.07
2025-2026,234,"Montgomery (Clarksville), TN - Stewart, TN","Houston, Montgomery, Stewart",Tennessee,12/27/2025,0.93
2025-2026,235,"Cabarrus (Concord), NC - Rowan, NC","Cabarrus, Rowan, Stanly",North Carolina,1/31/2026,1.28
2025-2026,236,"Coffee, GA - Jeff Davis, GA","Atkinson, Coffee, Jeff Davis",Georgia,8/2/2025,0
2025-2026,238,"Wayne, NC - Lenoir, NC","Duplin, Greene, Lenoir, Wayne",North Carolina,2/7/2026,1.31
2025-2026,239,"Coffee, TN - Franklin, TN","Coffee, Franklin, Grundy, Moore",Tennessee,1/31/2026,1.25
2025-2026,240,"Yancey, NC - Avery, NC","Avery, Mitchell, Yancey",North Carolina,3/21/2026,0.99
2025-2026,242,"Onslow, NC - Craven, NC","Carteret, Craven, Jones, Onslow, Pamlico",North Carolina,1/31/2026,0.91
2025-2026,243,"Hertford, NC - Bertie, NC","Bertie, Chowan, Gates, Hertford",North Carolina,1/17/2026,2.51
2025-2026,244,"York (Rock Hill), SC - Chester, SC","Chester, York",South Carolina,12/27/2025,0.98
2025-2026,245,"Hardin, TN - McNairy, TN","Hardin, McNairy",Tennessee,3/7/2026,1.02
2025-2026,246,"Horry, SC - Georgetown, SC","Georgetown, Horry",South Carolina,12/27/2025,0.68
2025-2026,248,"Dyer, TN - Lauderdale, TN","Dyer, Lake, Lauderdale",Tennessee,12/13/2025,0.97
2025-2026,249,"Lancaster, SC - Kershaw, SC","Kershaw, Lancaster",South Carolina,2/7/2026,0.7
2025-2026,25,"Frederick, VA - Shenandoah, VA","Clarke, Frederick, Shenandoah, Warren, Winchester City",Virginia,1/3/2026,1.46
2025-2026,250,"Washington, GA - Jefferson, GA","Jefferson, Washington",Georgia,8/2/2025,0
2025-2026,252,"Greene, TN - Cocke, TN","Cocke, Greene",Tennessee,2/7/2026,1.01
2025-2026,253,"Elbert, GA - Wilkes, GA","Elbert, Wilkes",Georgia,12/6/2025,1.54
2025-2026,256,"Wilkes, NC",Wilkes,North Carolina,1/24/2026,0.91
2025-2026,258,"Cherokee, NC - Clay, NC","Cherokee, Clay",North Carolina,3/28/2026,0.9
2025-2026,260,"Bedford, TN",Bedford,Tennessee,1/31/2026,2.07
2025-2026,261,"McDowell, NC",McDowell,North Carolina,1/31/2026,0.69
2025-2026,262,"Cumberland (Fayetteville), NC - Sampson, NC","Cumberland, Sampson",North Carolina,1/3/2026,1.09
2025-2026,263,"Scott, TN",Scott,Tennessee,11/15/2025,1.44
2025-2026,264,"Pasquotank, NC - Dare, NC","Camden, Dare, Pasquotank, Perquimans",North Carolina,12/27/2025,1.6
2025-2026,267,"Alamance, NC",Alamance,North Carolina,2/7/2026,1.67
2025-2026,269,"Upson, GA - Lamar, GA","Lamar, Pike, Upson",Georgia,10/18/2025,1.14
2025-2026,27,"Boyle, KY - Lincoln, KY","Boyle, Casey, Garrard, Lincoln, Mercer",Kentucky,3/7/2026,1.53
2025-2026,271,"Grand Traverse, MI - Manistee, MI","Antrim, Benzie, Grand Traverse, Kalkaska, Leelanau, Manistee",Michigan,4/11/2026,1.56
2025-2026,272,"Jefferson (Louisville), KY - Bullitt, KY","Bullitt, Henry, Jefferson, Marion, Nelson, Oldham, Shelby, Spencer, Washington",Kentucky,12/27/2025,1.64
2025-2026,273,"Wabash, IL",Wabash,Illinois,2/21/2026,3.36
2025-2026,274,"Wayne (Detroit), MI - Oakland, MI","Macomb, Oakland, Wayne",Michigan,3/7/2026,1.04
2025-2026,275,"Marion (Indianapolis), IN - Johnson, IN","Hendricks, Johnson, Marion, Morgan, Putnam, Rush, Shelby",Indiana,12/13/2025,0.35
2025-2026,277,"Peoria (Peoria), IL - Tazewell, IL","Fulton, Marshall, Mason, Peoria, Tazewell",Illinois,3/14/2026,1.05
2025-2026,278,"Brown (Green Bay), WI - Oconto, WI","Brown, Door, Kewaunee, Oconto",Wisconsin,3/14/2026,1.63
2025-2026,279,"Champaign (Champaign), IL - Coles, IL","Champaign, Coles, Cumberland, Douglas, Ford",Illinois,1/3/2026,0.83
2025-2026,280,"Milwaukee (Milwaukee), WI - Waukesha, WI","Milwaukee, Ozaukee, Washington, Waukesha",Wisconsin,2/21/2026,0.78
2025-2026,282,"Marathon (Wausau), WI - Wood, WI","Clark, Lincoln, Marathon, Taylor, Wood",Wisconsin,3/28/2026,1.05
2025-2026,284,"Gogebic, MI - Ontonagon, MI","Gogebic, Ontonagon",Michigan,2/28/2026,2.84
2025-2026,285,"Ingham (Lansing), MI - Eaton, MI","Clinton, Eaton, Ingham, Shiawassee",Michigan,3/28/2026,0.8
2025-2026,286,"Ramsey (St. Paul), MN - Dakota, MN","Chisago, Dakota, Ramsey, Washington",Minnesota,2/28/2026,0.77
2025-2026,287,"Cook (Chicago), IL - DuPage, IL","Cook, DuPage, Lake, McHenry",Illinois,2/21/2026,0.9
2025-2026,289,"St. Louis (Duluth), MN - Itasca, MN","Carlton, Cook, Itasca, Koochiching, Lake, Pine, St. Louis",Minnesota,3/28/2026,1.11
2025-2026,29,"Warren, KY - Logan, KY","Allen, Butler, Edmonson, Logan, Simpson, Warren",Kentucky,3/7/2026,1.39
2025-2026,290,"Allamakee, IA",Allamakee,Iowa,4/4/2026,4.71
2025-2026,291,"Winnebago (Rockford), IL - Ogle, IL","Boone, Lee, Ogle, Winnebago",Illinois,2/14/2026,1.22
2025-2026,293,"Marquette, MI - Delta, MI","Alger, Delta, Luce, Marquette, Schoolcraft",Michigan,3/14/2026,0.97
2025-2026,294,"Chippewa, MI - Emmet, MI","Charlevoix, Cheboygan, Chippewa, Emmet, Mackinac",Michigan,3/21/2026,1.52
2025-2026,296,"Muskegon (Muskegon), MI - Newaygo, MI","Mason, Muskegon, Newaygo, Oceana",Michigan,3/28/2026,1.2
2025-2026,297,"St. Clair (Port Huron), MI - Sanilac, MI","Sanilac, St. Clair",Michigan,4/4/2026,2.08
2025-2026,298,"Eau Claire (Eau Claire), WI - Chippewa, WI","Buffalo, Chippewa, Dunn, Eau Claire, Pepin",Wisconsin,3/14/2026,1.81
2025-2026,299,"Madison (Alton), IL - Jersey, IL","Bond, Calhoun, Jersey, Madison",Illinois,2/14/2026,1.25
2025-2026,3,"Sussex, DE - Kent, DE","Kent, Sussex",Delaware,1/3/2026,1.42
2025-2026,30,"Alleghany Cnty & Clifton Forge Cty, VA - Covington City, VA","Alleghany Cnty and Clifton Forge Cty, Bath, Covington City",Virginia,3/14/2026,1.32
2025-2026,300,"Tippecanoe (Lafayette), IN - Clinton, IN","Benton, Carroll, Clinton, Tippecanoe, White",Indiana,3/28/2026,1.79
2025-2026,301,"Dane (Madison), WI - Sauk, WI","Columbia, Dane, Grant, Iowa, Marquette, Richland, Sauk",Wisconsin,2/28/2026,0.84
2025-2026,302,"Stephenson, IL - Jo Daviess, IL","Jo Daviess, Stephenson",Illinois,3/14/2026,1.23
2025-2026,303,"Will (Joliet), IL - Grundy, IL","Grundy, Will",Illinois,2/7/2026,0.89
2025-2026,304,"Allen (Fort Wayne), IN - Noble, IN","Allen, De Kalb, LaGrange, Noble, Steuben, Whitley",Indiana,2/21/2026,1.93
2025-2026,305,"Macon (Decatur), IL - Shelby, IL","Macon, Moultrie, Piatt, Shelby",Illinois,3/7/2026,1.96
2025-2026,306,"Winnebago (Oshkosh), WI - Fond du Lac, WI","Dodge, Fond du Lac, Green Lake, Waushara, Winnebago",Wisconsin,3/21/2026,1.09
2025-2026,307,"Rock Island (Moline), IL - Henry, IL","Henry, Mercer, Rock Island, Stark",Illinois,2/21/2026,2.19
2025-2026,308,"Lake (Gary), IN - Porter, IN","Jasper, Lake, Newton, Porter",Indiana,3/14/2026,0.97
2025-2026,309,"Kent (Grand Rapids), MI - Ionia, MI","Gratiot, Ionia, Kent, Mecosta, Montcalm",Michigan,3/14/2026,0.83
2025-2026,31,"Monongalia, WV - Marion, WV","Marion, Monongalia, Preston, Taylor",West Virginia,2/28/2026,1.79
2025-2026,310,"Crawford, IL - Lawrence, IL","Crawford, Lawrence",Illinois,1/31/2026,2.14
2025-2026,312,"St. Joseph (South Bend), IN - Marshall, IN","Fulton, Marshall, Pulaski, St. Joseph",Indiana,3/7/2026,1.01
2025-2026,313,"Bartholomew, IN - Jackson, IN","Bartholomew, Decatur, Jackson, Jennings",Indiana,3/14/2026,0.45
2025-2026,314,"Washburn, WI - Burnett, WI","Burnett, Washburn",Wisconsin,1/31/2026,2.14
2025-2026,315,"Dickinson, MI - Menominee, MI","Dickinson, Iron, Menominee",Michigan,3/7/2026,2.82
2025-2026,316,"Perry, IN",Perry,Indiana,3/14/2026,1.16
2025-2026,317,"Wexford, MI - Osceola, MI","Lake, Missaukee, Osceola, Wexford",Michigan,3/21/2026,1.64
2025-2026,318,"Sangamon (Springfield), IL - Christian, IL","Brown, Cass, Christian, Logan, McDonough, Menard, Sangamon, Schuyler",Illinois,2/28/2026,2.49
2025-2026,319,"Morgan, IL - Greene, IL","Greene, Morgan, Scott",Illinois,2/28/2026,1.9
2025-2026,32,"Hampden (Springfield), MA - Hampshire, MA","Hampden, Hampshire",Massachusetts,2/28/2026,3.09
2025-2026,320,"Ottawa (Holland), MI - Allegan, MI","Allegan, Ottawa",Michigan,4/4/2026,0.87
2025-2026,321,"Dearborn, IN - Jefferson (Madison), IN","Dearborn, Jefferson, Ohio, Ripley, Switzerland",Indiana,3/7/2026,1.01
2025-2026,322,"Saginaw (Saginaw), MI - Tuscola, MI","Huron, Saginaw, Tuscola",Michigan,3/14/2026,1.94
2025-2026,323,"Delaware (Muncie), IN - Randolph, IN","Blackford, Delaware, Randolph",Indiana,2/14/2026,1.89
2025-2026,324,"Knox, IL - Warren, IL","Knox, Warren",Illinois,2/21/2026,2.08
2025-2026,325,"St. Clair (Belleville), IL - Clinton, IL","Clinton, Monroe, Randolph, St. Clair",Illinois,2/14/2026,1.51
2025-2026,326,"Rock (Janesville), WI - Green, WI","Green, Lafayette, Rock",Wisconsin,3/7/2026,1.26
2025-2026,327,"Berrien (Benton Harbor), MI - Van Buren, MI","Berrien, Cass, Van Buren",Michigan,2/28/2026,0.67
2025-2026,328,"Genesee (Flint), MI - Lapeer, MI","Genesee, Lapeer",Michigan,1/3/2026,0.83
2025-2026,329,"Lawrence, IN - Orange, IN","Lawrence, Orange",Indiana,8/2/2025,0
2025-2026,33,"Henrico (Richmond), VA - Chesterfield, VA","Amelia, Charles City, Charlotte, Chesterfield, Colonial Heights City, Cumberland, Essex, Goochland, Hanover, Henrico, King William, King and Queen, Lancaster, Middlesex, New Kent, Northumberland, Nottoway, Powhatan, Prince Edward, Richmond, Richmond City, Westmoreland",Virginia,12/27/2025,0.66
2025-2026,330,"Midland (Midland), MI - Isabella, MI","Clare, Gladwin, Isabella, Midland",Michigan,3/28/2026,1.17
2025-2026,331,"Williamson, IL - Jackson, IL","Franklin, Jackson, Perry, Williamson",Illinois,2/21/2026,1.36
2025-2026,332,"Huntington, IN - Adams, IN","Adams, Huntington, Jay, Wells",Indiana,2/14/2026,2.22
2025-2026,333,"Vermilion, IL - Edgar, IL","Edgar, Vermilion",Illinois,1/17/2026,1.27
2025-2026,334,"Macoupin, IL - Montgomery, IL","Macoupin, Montgomery",Illinois,3/28/2026,2.11
2025-2026,335,"Jefferson, IL - Wayne, IL","Jefferson, Wayne",Illinois,3/14/2026,2.44
2025-2026,336,"La Salle, IL - Livingston, IL","Bureau, La Salle, Livingston, Putnam",Illinois,3/14/2026,1.71
2025-2026,338,"McLean (Bloomington), IL - Woodford, IL","De Witt, McLean, Woodford",Illinois,2/28/2026,1.54
2025-2026,339,"Floyd (New Albany), IN - Harrison, IN","Crawford, Floyd, Harrison, Washington",Indiana,1/17/2026,1.01
2025-2026,341,"Monroe (Bloomington), IN - Greene, IN","Brown, Greene, Monroe, Owen",Indiana,3/14/2026,0.88
2025-2026,342,"Bay (Bay City), MI - Iosco, MI","Arenac, Bay, Iosco, Ogemaw, Oscoda",Michigan,4/4/2026,1.64
2025-2026,343,"Kankakee (Kankakee), IL - Iroquois, IL","Iroquois, Kankakee",Illinois,2/14/2026,1.73
2025-2026,344,"Outagamie (Appleton), WI - Waupaca, WI","Outagamie, Waupaca",Wisconsin,3/7/2026,1.18
2025-2026,348,"Kalamazoo (Kalamazoo), MI - St. Joseph, MI","Kalamazoo, St. Joseph",Michigan,2/21/2026,0.54
2025-2026,349,"Elkhart (Elkhart), IN - Kosciusko, IN","Elkhart, Kosciusko",Indiana,3/7/2026,1.87
2025-2026,35,"Cattaraugus, NY - Allegany, NY","Allegany, Cattaraugus",New York,3/28/2026,1.32
2025-2026,350,"Clayton, IA - Delaware, IA","Clayton, Delaware",Iowa,2/14/2026,3.14
2025-2026,351,"Richland, IL - Clay, IL","Clay, Edwards, Jasper, Richland",Illinois,3/14/2026,2.32
2025-2026,353,"Adams, IL - Pike, IL","Adams, Pike",Illinois,4/4/2026,0.72
2025-2026,355,"Sheboygan (Sheboygan), WI - Manitowoc, WI","Calumet, Manitowoc, Sheboygan",Wisconsin,2/21/2026,1.12
2025-2026,357,"Ashland, WI - Sawyer, WI","Ashland, Bayfield, Price, Sawyer",Wisconsin,2/28/2026,1.84
2025-2026,358,"Marion, IL - Washington, IL","Marion, Washington",Illinois,3/28/2026,1.73
2025-2026,359,"Houghton, MI - Baraga, MI","Baraga, Houghton, Keweenaw",Michigan,3/28/2026,1
2025-2026,36,"Bergen, NJ - Hudson (Jersey City), NJ","Bergen, Hudson, Passaic",New Jersey,1/24/2026,0.89
2025-2026,361,"Whiteside, IL - Carroll, IL","Carroll, Whiteside",Illinois,3/21/2026,1.77
2025-2026,362,"Hancock, IN - Henry (New Castle), IN","Hancock, Henry",Indiana,1/31/2026,1.13
2025-2026,363,"Effingham, IL - Fayette, IL","Effingham, Fayette",Illinois,3/14/2026,2.36
2025-2026,364,"Howard (Kokomo), IN - Cass, IN","Cass, Howard, Tipton",Indiana,3/28/2026,0.51
2025-2026,365,"Clark (Jeffersonville), IN - Scott, IN","Clark, Scott",Indiana,8/2/2025,0
2025-2026,367,"Hancock, IL",Hancock,Illinois,3/14/2026,3.57
2025-2026,37,"Pulaski, KY - Wayne, KY","McCreary, Pulaski, Wayne",Kentucky,12/27/2025,0.66
2025-2026,370,"Goodhue, MN",Goodhue,Minnesota,3/21/2026,1.8
2025-2026,373,"Kane (Aurora), IL - DeKalb, IL","DeKalb, Kane, Kendall",Illinois,2/14/2026,1.54
2025-2026,374,"Barron, WI - Rusk, WI","Barron, Rusk",Wisconsin,3/14/2026,3.73
2025-2026,375,"Jackson (Jackson), MI - Lenawee, MI","Branch, Hillsdale, Jackson, Lenawee",Michigan,3/28/2026,1.27
2025-2026,378,"La Porte, IN - Starke, IN","La Porte, Starke",Indiana,2/21/2026,1.74
2025-2026,379,"Shawano, WI - Langlade, WI","Langlade, Menominee, Shawano",Wisconsin,3/14/2026,2.31
2025-2026,38,"Kennebec, ME - Somerset, ME","Kennebec, Somerset, Waldo",Maine,3/21/2026,1.34
2025-2026,381,"Calhoun (Battle Creek), MI - Barry, MI","Barry, Calhoun",Michigan,3/7/2026,0.57
2025-2026,382,"Racine (Racine), WI - Kenosha, WI","Kenosha, Racine",Wisconsin,3/7/2026,1.18
2025-2026,383,"White, IL - Hamilton, IL","Hamilton, White",Illinois,1/31/2026,2.35
2025-2026,384,"Saline, IL - Gallatin, IL","Gallatin, Hardin, Pope, Saline",Illinois,12/27/2025,2.09
2025-2026,385,"Wayne, IN - Fayette, IN","Fayette, Union, Wayne",Indiana,3/21/2026,0.64
2025-2026,387,"Walworth, WI - Jefferson, WI","Jefferson, Walworth",Wisconsin,2/28/2026,1.65
2025-2026,389,"Grant, IN - Miami, IN","Grant, Miami, Wabash",Indiana,2/28/2026,1.52
2025-2026,39,"Tazewell, VA - Buchanan, VA","Bland, Buchanan, Tazewell",Virginia,3/21/2026,1.02
2025-2026,390,"Hamilton, IN - Madison (Anderson), IN","Hamilton, Madison",Indiana,1/3/2026,0.59
2025-2026,391,"Juneau, WI - Adams, WI","Adams, Juneau",Wisconsin,1/24/2026,0.82
2025-2026,392,"Roscommon, MI - Otsego, MI","Crawford, Otsego, Roscommon",Michigan,4/11/2026,1.37
2025-2026,394,"Dubois, IN",Dubois,Indiana,11/1/2025,0.82
2025-2026,395,"Winneshiek, IA",Winneshiek,Iowa,2/28/2026,3.77
2025-2026,396,"Rice, MN",Rice,Minnesota,3/21/2026,2.68
2025-2026,399,"Jackson, WI",Jackson,Wisconsin,3/14/2026,2.9
2025-2026,4,"Hartford (Hartford), CT - Tolland, CT","Hartford, Tolland, Windham",Connecticut,2/21/2026,0.7
2025-2026,40,"Henderson (Henderson), KY - Union, KY","Henderson, Union",Kentucky,4/11/2026,1.29
2025-2026,400,"Portage, WI",Portage,Wisconsin,4/11/2026,1.59
2025-2026,401,"Boone, IN",Boone,Indiana,12/20/2025,2.24
2025-2026,402,"Montgomery, IN",Montgomery,Indiana,1/31/2026,1.71
2025-2026,403,"Orleans (New Orleans), LA - Jefferson, LA","Jefferson, Orleans, Plaquemines, St. Bernard, St. Charles, St. James, St. John the Baptist",Louisiana,12/27/2025,0.97
2025-2026,405,"Potter (Amarillo), TX - Randall, TX","Armstrong, Briscoe, Carson, Dallam, Donley, Hansford, Hartley, Hutchinson, Moore, Ochiltree, Oldham, Potter, Randall, Sherman, Swisher",Texas,1/24/2026,1.66
2025-2026,406,"Lubbock (Lubbock), TX - Hockley, TX","Bailey, Borden, Cochran, Crosby, Dawson, Dickens, Garza, Hockley, King, Lamb, Lubbock, Lynn, Motley",Texas,3/7/2026,0.74
2025-2026,408,"Harris (Houston), TX - Fort Bend, TX","Austin, Chambers, Fort Bend, Harris, Liberty, Montgomery, San Jacinto, Waller",Texas,12/27/2025,0.75
2025-2026,409,"Forrest, MS - Lamar, MS","Covington, Forrest, Greene, Lamar, Perry",Mississippi,3/7/2026,0.96
2025-2026,41,"Westchester (Yonkers), NY - Dutchess, NY","Dutchess, Putnam, Ulster, Westchester",New York,2/21/2026,1.23
2025-2026,410,"Bexar (San Antonio), TX - Guadalupe, TX","Atascosa, Bandera, Bexar, Frio, Gonzales, Guadalupe, Kendall, La Salle, McMullen, Medina, Wilson, Zavala",Texas,1/3/2026,1.04
2025-2026,411,"Hinds (Jackson), MS - Rankin, MS","Attala, Hinds, Holmes, Leake, Madison, Rankin, Scott, Simpson",Mississippi,1/24/2026,1.45
2025-2026,413,"Jefferson (Beaumont), TX - Orange, TX","Hardin, Jasper, Jefferson, Newton, Orange, Tyler",Texas,11/29/2025,1.44
2025-2026,414,"Tulsa (Tulsa), OK - Rogers, OK","Craig, Creek, Mayes, Ottawa, Rogers, Tulsa",Oklahoma,2/21/2026,1.4
2025-2026,415,"El Paso (El Paso), TX - Hudspeth, TX","Culberson, El Paso, Hudspeth, Loving",Texas,2/21/2026,1.2
2025-2026,416,"Caddo (Shreveport), LA - Bossier, LA","Bossier, Caddo, De Soto, Natchitoches, Red River, Sabine, Webster",Louisiana,12/20/2025,1.15
2025-2026,417,"Oklahoma (Oklahoma City), OK - Canadian, OK","Canadian, Lincoln, Logan, Oklahoma, Pottawatomie",Oklahoma,2/21/2026,1.02
2025-2026,418,"Lee, MS - Monroe, MS","Chickasaw, Itawamba, Lee, Monroe, Prentiss",Mississippi,1/24/2026,1.28
2025-2026,419,"East Baton Rouge (Baton Rouge), LA - Livingston, LA","Ascension, East Baton Rouge, East Feliciana, Iberville, Livingston, Pointe Coupee, West Baton Rouge, West Feliciana",Louisiana,1/10/2026,0.21
2025-2026,420,"Wichita (Wichita Falls), TX - Montague, TX","Archer, Baylor, Clay, Knox, Montague, Throckmorton, Wichita, Young",Texas,1/31/2026,2.09
2025-2026,422,"Coahoma, MS - Tallahatchie, MS","Coahoma, Quitman, Tallahatchie",Mississippi,1/17/2026,1.14
2025-2026,423,"Tangipahoa, LA - St. Helena, LA","St. Helena, Tangipahoa",Louisiana,11/29/2025,1.41
2025-2026,424,"Lafayette (Lafayette), LA - Iberia, LA","Acadia, Iberia, Lafayette, St. Martin, Vermilion",Louisiana,2/7/2026,1.14
2025-2026,425,"Travis (Austin), TX - Williamson, TX","Bastrop, Burnet, Lee, Llano, Travis, Williamson",Texas,1/3/2026,0.53
2025-2026,426,"Tom Green (San Angelo), TX - Runnels, TX","Coke, Concho, Crockett, Irion, McCulloch, Menard, Reagan, Runnels, Schleicher, Sterling, Sutton, Tom Green",Texas,2/28/2026,1.76
2025-2026,427,"Hidalgo (Mcallen), TX - Starr, TX","Hidalgo, Starr",Texas,12/6/2025,1.23
2025-2026,428,"Taylor (Abilene), TX - Jones, TX","Callahan, Eastland, Haskell, Jones, Kent, Shackelford, Stephens, Stonewall, Taylor",Texas,3/7/2026,0.46
2025-2026,429,"Garfield (Enid), OK - Kingfisher, OK","Alfalfa, Blaine, Garfield, Grant, Kingfisher, Major, Woods",Oklahoma,2/21/2026,1.15
2025-2026,430,"Cleveland (Norman), OK - McClain, OK","Cleveland, Garvin, McClain, Murray",Oklahoma,1/31/2026,1.06
2025-2026,433,"Victoria (Victoria), TX - Calhoun, TX","Calhoun, DeWitt, Goliad, Jackson, Lavaca, Refugio, Victoria",Texas,1/31/2026,1.77
2025-2026,434,"Tarrant (Fort Worth), TX - Johnson, TX","Hood, Johnson, Parker, Somervell, Tarrant",Texas,12/27/2025,1.43
2025-2026,435,"Concordia, LA - Tensas, LA","Concordia, Tensas",Louisiana,12/27/2025,2.5
2025-2026,437,"Nueces (Corpus Christi), TX - San Patricio, TX","Aransas, Brooks, Duval, Jim Wells, Kenedy, Kleberg, Live Oak, Nueces, San Patricio",Texas,1/31/2026,0.19
2025-2026,439,"Lincoln, LA - Union, LA","Bienville, Jackson, Lincoln, Union",Louisiana,12/6/2025,1.11
2025-2026,441,"Smith (Tyler), TX - Henderson, TX","Henderson, Smith, Van Zandt, Wood",Texas,1/24/2026,0.96
2025-2026,443,"Ouachita (Monroe), LA - Morehouse, LA","Caldwell, East Carroll, Franklin, Morehouse, Ouachita, Richland, West Carroll",Louisiana,1/24/2026,0.7
2025-2026,444,"Ector (Odessa), TX - Reeves, TX","Crane, Ector, Reeves, Ward, Winkler",Texas,2/14/2026,1.43
2025-2026,447,"Nacogdoches, TX - Shelby, TX","Nacogdoches, Sabine, San Augustine, Shelby",Texas,2/28/2026,1.16
2025-2026,449,"Angelina, TX - Walker, TX","Angelina, Polk, Trinity, Walker",Texas,1/10/2026,0.55
2025-2026,45,"Christian (Hopkinsville), KY - Hopkins, KY","Caldwell, Christian, Hopkins, Muhlenberg, Todd, Trigg, Webster",Kentucky,12/20/2025,0.96
2025-2026,450,"Rapides (Alexandria), LA - Avoyelles, LA","Allen, Avoyelles, Catahoula, Grant, La Salle, Rapides",Louisiana,1/24/2026,0.84
2025-2026,451,"Montgomery, KS - Chautauqua, KS","Chautauqua, Elk, Montgomery",Kansas,2/28/2026,1.91
2025-2026,452,"Bell (Killeen), TX - Coryell, TX","Bell, Coryell, Lampasas, Milam",Texas,12/27/2025,1
2025-2026,453,"Dallas (Dallas), TX - Collin, TX","Collin, Dallas, Ellis, Hopkins, Hunt, Kaufman, Rains, Rockwall",Texas,12/27/2025,0.96
2025-2026,454,"Gregg (Longview), TX - Rusk, TX","Gregg, Panola, Rusk, Upshur",Texas,12/20/2025,1.75
2025-2026,455,"Jones, MS - Wayne, MS","Jasper, Jones, Smith, Wayne",Mississippi,2/28/2026,1.3
2025-2026,456,"Harrison (Biloxi), MS - Hancock, MS","Hancock, Harrison, Stone",Mississippi,12/20/2025,0.88
2025-2026,458,"Wilbarger, TX - Hardeman, TX","Foard, Hardeman, Wilbarger",Texas,2/21/2026,4.88
2025-2026,459,"Lafayette, MS - Calhoun, MS","Calhoun, Lafayette, Yalobusha",Mississippi,1/10/2026,0.98
2025-2026,46,"Boyd, KY - Greenup, KY","Boyd, Carter, Greenup, Lawrence, Martin",Kentucky,3/7/2026,0.69
2025-2026,460,"Gray, TX - Wheeler, TX","Gray, Hemphill, Roberts, Wheeler",Texas,3/7/2026,2.67
2025-2026,462,"McLennan (Waco), TX - Hill, TX","Bosque, Falls, Hamilton, Hill, Limestone, McLennan",Texas,1/31/2026,1.13
2025-2026,463,"St. Landry, LA - Evangeline, LA","Evangeline, St. Landry",Louisiana,2/21/2026,1.19
2025-2026,464,"Brazos (Bryan), TX - Washington, TX","Brazos, Burleson, Grimes, Robertson, Washington",Texas,1/31/2026,0.86
2025-2026,465,"Titus, TX - Morris, TX","Camp, Franklin, Morris, Titus",Texas,12/27/2025,1.44
2025-2026,467,"Terrebonne (Houma), LA - Lafourche, LA","Assumption, Lafourche, Terrebonne",Louisiana,1/31/2026,1.47
2025-2026,470,"Calcasieu (Lake Charles), LA - Vernon, LA","Beauregard, Calcasieu, Cameron, Jefferson Davis, Vernon",Louisiana,2/14/2026,1.28
2025-2026,471,"Jackson (Pascagoula), MS - George, MS","George, Jackson",Mississippi,12/13/2025,0.43
2025-2026,474,"Carter, OK - Marshall, OK","Carter, Johnston, Love, Marshall",Oklahoma,1/24/2026,2.11
2025-2026,475,"Custer, OK - Washita, OK","Custer, Washita",Oklahoma,3/14/2026,1.88
2025-2026,477,"Pike, MS - Marion, MS","Amite, Marion, Pike, Walthall",Mississippi,1/24/2026,0.69
2025-2026,478,"Pontotoc, OK - Seminole, OK","Coal, Hughes, Pontotoc, Seminole",Oklahoma,1/31/2026,1.53
2025-2026,479,"Palo Pinto, TX - Jack, TX","Jack, Palo Pinto",Texas,2/21/2026,1.97
2025-2026,48,"Frederick, MD",Frederick,Maryland,1/17/2026,0.99
2025-2026,481,"Hale, TX - Castro, TX","Castro, Floyd, Hale",Texas,2/14/2026,3.42
2025-2026,482,"Pontotoc, MS - Union, MS","Pontotoc, Tippah, Union",Mississippi,2/14/2026,1.12
2025-2026,484,"Oktibbeha, MS - Winston, MS","Choctaw, Oktibbeha, Webster, Winston",Mississippi,3/7/2026,0.9
2025-2026,485,"Harrison (Marshall), TX - Cass, TX","Cass, Harrison, Marion",Texas,12/27/2025,1.32
2025-2026,487,"Bolivar, MS - Leflore, MS","Bolivar, Humphreys, Leflore, Sunflower",Mississippi,1/3/2026,0.67
2025-2026,488,"Washington, MS - Sharkey, MS","Issaquena, Sharkey, Washington",Mississippi,1/3/2026,0.66
2025-2026,489,"Navarro, TX - Freestone, TX","Freestone, Navarro",Texas,1/3/2026,1.51
2025-2026,49,"Chittenden (Burlington), VT - Franklin, VT","Addison, Chittenden, Franklin, Grand Isle",Vermont,2/21/2026,1.5
2025-2026,490,"Fayette, TX - Colorado, TX","Colorado, Fayette",Texas,12/6/2025,1.7
2025-2026,491,"Deaf Smith, TX - Parmer, TX","Deaf Smith, Parmer",Texas,1/24/2026,5.1
2025-2026,492,"Midland (Midland), TX - Pecos, TX","Martin, Midland, Pecos, Terrell, Upton",Texas,2/21/2026,1.95
2025-2026,495,"Denton (Denton), TX - Wise, TX","Cooke, Denton, Wise",Texas,12/13/2025,0.63
2025-2026,498,"Alcorn, MS - Tishomingo, MS","Alcorn, Tishomingo",Mississippi,1/24/2026,1.46
2025-2026,5,"Newport News City, VA - Hampton City, VA","Gloucester, Hampton City, James City, Mathews, Newport News City, Poquoson City, Williamsburg City, York",Virginia,1/3/2026,0.4
2025-2026,50,"Randolph, WV - Barbour, WV","Barbour, Pocahontas, Randolph, Tucker",West Virginia,4/11/2026,1.76
2025-2026,500,"St. Tammany (Slidell), LA - Washington, LA","St. Tammany, Washington",Louisiana,1/3/2026,1.1
2025-2026,501,"Leon, TX - Madison, TX","Leon, Madison",Texas,8/2/2025,0
2025-2026,502,"Grenada, MS - Montgomery, MS","Carroll, Grenada, Montgomery",Mississippi,2/14/2026,3.05
2025-2026,503,"Nolan, TX - Mitchell, TX","Fisher, Mitchell, Nolan",Texas,1/24/2026,2.28
2025-2026,504,"Jefferson Davis, MS - Lawrence, MS","Jefferson Davis, Lawrence",Mississippi,3/21/2026,2.17
2025-2026,505,"Brazoria (Lake Jackson), TX - Wharton, TX","Brazoria, Matagorda, Wharton",Texas,11/29/2025,0.7
2025-2026,506,"Kerr, TX - Gillespie, TX","Blanco, Edwards, Gillespie, Kerr, Kimble, Mason, Real",Texas,3/7/2026,0.91
2025-2026,507,"Erath, TX - Comanche, TX","Comanche, Erath",Texas,1/3/2026,1.32
2025-2026,508,"Lea, NM",Lea,New Mexico,2/7/2026,1.68
2025-2026,509,"Anderson, TX - Cherokee, TX","Anderson, Cherokee, Houston",Texas,12/27/2025,1.27
2025-2026,51,"Laurel, KY - Whitley, KY","Clay, Knox, Laurel, Whitley",Kentucky,3/21/2026,1.12
2025-2026,510,"Hays (San Marcos), TX - Caldwell, TX","Caldwell, Hays",Texas,12/20/2025,1.08
2025-2026,511,"Lincoln, MS - Copiah, MS","Copiah, Lincoln",Mississippi,1/10/2026,0.31
2025-2026,512,"Childress, TX - Hall, TX","Childress, Cottle, Hall",Texas,1/17/2026,3.57
2025-2026,513,"Bee, TX - Karnes, TX","Bee, Karnes",Texas,12/27/2025,0.84
2025-2026,516,"Maverick, TX - Val Verde, TX","Kinney, Maverick, Val Verde",Texas,1/31/2026,2.61
2025-2026,517,"Comal, TX",Comal,Texas,2/7/2026,0.77
2025-2026,518,"Howard, TX - Glasscock, TX","Glasscock, Howard",Texas,1/10/2026,3.33
2025-2026,520,"Cameron (Brownsville), TX - Willacy, TX","Cameron, Willacy",Texas,12/27/2025,1.04
2025-2026,523,"Claiborne, LA",Claiborne,Louisiana,12/6/2025,7.03
2025-2026,525,"Wilkinson, MS",Wilkinson,Mississippi,11/22/2025,1.27
2025-2026,526,"Brewster, TX - Presidio, TX","Brewster, Jeff Davis, Presidio",Texas,3/7/2026,3.25
2025-2026,528,"St. Mary, LA",St. Mary,Louisiana,1/31/2026,0.95
2025-2026,53,"Barren, KY - Hart, KY","Barren, Hart, Metcalfe, Monroe",Kentucky,2/28/2026,0.88
2025-2026,530,"Winn, LA",Winn,Louisiana,1/24/2026,0.75
2025-2026,531,"Dimmit, TX",Dimmit,Texas,3/14/2026,3.27
2025-2026,532,"Galveston, TX",Galveston,Texas,12/20/2025,0.78
2025-2026,533,"Yazoo, MS",Yazoo,Mississippi,1/31/2026,0.84
2025-2026,536,"Uvalde, TX",Uvalde,Texas,2/21/2026,1.6
2025-2026,538,"Webb (Laredo), TX - Zapata, TX","Jim Hogg, Webb, Zapata",Texas,1/31/2026,1.09
2025-2026,539,"Cherokee, KS",Cherokee,Kansas,3/28/2026,2.63
2025-2026,54,"Erie (Buffalo), NY - Monroe, NY","Erie, Genesee, Livingston, Monroe, Niagara, Orleans, Wyoming",New York,2/28/2026,0.99
2025-2026,540,"Hennepin (Minneapolis), MN - Anoka, MN","Anoka, Carver, Hennepin, Le Sueur, McLeod, Scott, Sherburne, Sibley, Wright",Minnesota,2/21/2026,0.91
2025-2026,542,"Douglas (Omaha), NE - Sarpy, NE","Burt, Cass, Colfax, Cuming, Dodge, Douglas, Sarpy, Saunders, Washington",Nebraska,3/14/2026,0.47
2025-2026,544,"Lyon, IA",Lyon,Iowa,1/17/2026,10.71
2025-2026,545,"Linn (Cedar Rapids), IA - Johnson, IA","Benton, Cedar, Iowa, Johnson, Jones, Linn, Louisa, Washington",Iowa,3/28/2026,1.02
2025-2026,546,"Polk (Des Moines), IA - Dallas, IA","Adair, Clarke, Dallas, Decatur, Jasper, Madison, Marion, Polk, Ringgold, Union, Warren",Iowa,2/28/2026,1.26
2025-2026,547,"Clay, MN - Becker, MN","Becker, Clay, Mahnomen, Norman, Wilkin",Minnesota,3/14/2026,1.84
2025-2026,55,"Wise, VA - Lee, VA","Dickenson, Lee, Norton City, Wise",Virginia,2/21/2026,0.8
2025-2026,551,"Ford, KS - Gray, KS","Clark, Ford, Gray, Hodgeman, Meade",Kansas,2/21/2026,2.87
2025-2026,552,"Howard, IA",Howard,Iowa,2/21/2026,11.27
2025-2026,554,"Shawnee (Topeka), KS - Riley, KS","Brown, Jackson, Jefferson, Nemaha, Osage, Pottawatomie, Riley, Shawnee, Wabaunsee",Kansas,3/7/2026,1.02
2025-2026,555,"Hall, NE - Hamilton, NE","Greeley, Hall, Hamilton, Howard, Merrick",Nebraska,3/28/2026,1.37
2025-2026,556,"Cerro Gordo, IA - Kossuth, IA","Cerro Gordo, Franklin, Hancock, Kossuth, Winnebago, Worth",Iowa,3/21/2026,1.78
2025-2026,557,"Black Hawk (Waterloo), IA - Bremer, IA","Black Hawk, Bremer, Buchanan, Butler, Fayette, Grundy",Iowa,3/14/2026,1.7
2025-2026,559,"Holt, NE - Brown, NE","Brown, Holt, Keya Paha, Rock",Nebraska,3/28/2026,2.99
2025-2026,56,"Onondaga (Syracuse), NY - Oswego, NY","Cayuga, Onondaga, Oswego",New York,1/31/2026,0.68
2025-2026,560,"Woodbury (Sioux City), IA - Plymouth, IA","Buena Vista, Cherokee, Ida, Monona, Plymouth, Woodbury",Iowa,3/7/2026,2.26
2025-2026,561,"Lancaster (Lincoln), NE - Gage, NE","Butler, Gage, Jefferson, Lancaster, Saline, Seward",Nebraska,3/14/2026,1.5
2025-2026,563,"Union, IL - Alexander, IL","Alexander, Pulaski, Union",Illinois,3/14/2026,2
2025-2026,564,"Adams, NE - Clay, NE","Adams, Clay, Nuckolls, Webster",Nebraska,4/11/2026,1.45
2025-2026,565,"Ellis, KS - Rooks, KS","Ellis, Gove, Graham, Logan, Rooks, Trego",Kansas,3/7/2026,2.62
2025-2026,567,"Lyon, KS - Coffey, KS","Chase, Coffey, Greenwood, Lyon",Kansas,3/14/2026,2.2
2025-2026,569,"Saline, KS - Ellsworth, KS","Ellsworth, Lincoln, Ottawa, Saline",Kansas,3/21/2026,0.92
2025-2026,570,"Buffalo, NE - Dawson, NE","Buffalo, Dawson, Franklin, Frontier, Gosper, Kearney, Sherman",Nebraska,3/7/2026,1.61
2025-2026,573,"Blue Earth, MN - Nicollet, MN","Blue Earth, Nicollet, Waseca, Watonwan",Minnesota,2/28/2026,1.89
2025-2026,575,"Finney, KS - Scott, KS","Finney, Hamilton, Haskell, Kearny, Lane, Scott",Kansas,2/21/2026,3.24
2025-2026,576,"Sedgwick (Wichita), KS - Butler, KS","Butler, Cowley, Harvey, Marion, Sedgwick, Sumner",Kansas,2/21/2026,0.31
2025-2026,577,"Madison, NE - Wayne, NE","Antelope, Madison, Pierce, Stanton, Wayne",Nebraska,4/25/2026,1.14
2025-2026,578,"Cedar, NE - Knox, NE","Cedar, Knox",Nebraska,2/21/2026,5.88
2025-2026,58,"Otsego, NY - Chenango, NY","Chenango, Delaware, Otsego, Schoharie",New York,2/21/2026,0.96
2025-2026,580,"Scotts Bluff, NE - Box Butte, NE","Banner, Box Butte, Garden, Grant, Morrill, Scotts Bluff",Nebraska,3/7/2026,6
2025-2026,583,"Barton, KS - Pawnee, KS","Barton, Edwards, Pawnee, Rush",Kansas,3/28/2026,1.97
2025-2026,584,"Polk, MN",Polk,Minnesota,3/7/2026,2.06
2025-2026,585,"Webster, IA - Humboldt, IA","Humboldt, Pocahontas, Webster",Iowa,4/11/2026,1.38
2025-2026,587,"Seward, KS - Morton, KS","Morton, Seward",Kansas,1/3/2026,3.18
2025-2026,588,"Stearns (St. Cloud), MN - Benton, MN","Benton, Meeker, Morrison, Stearns, Todd",Minnesota,3/14/2026,1.49
2025-2026,589,"Wapello, IA - Mahaska, IA","Jefferson, Keokuk, Mahaska, Monroe, Van Buren, Wapello",Iowa,3/21/2026,1.74
2025-2026,59,"Oneida (Utica), NY - Madison, NY","Herkimer, Madison, Oneida",New York,3/28/2026,0.91
2025-2026,590,"Big Stone, MN - Traverse, MN","Big Stone, Traverse",Minnesota,4/4/2026,3.95
2025-2026,592,"Kandiyohi, MN - Chippewa, MN","Chippewa, Kandiyohi, Lac qui Parle, Swift, Yellow Medicine",Minnesota,1/3/2026,1.99
2025-2026,593,"Lincoln, NE - Keith, NE","Arthur, Hooker, Keith, Lincoln, McPherson, Perkins",Nebraska,1/31/2026,1.31
2025-2026,594,"Custer, NE - Valley, NE","Blaine, Custer, Garfield, Logan, Loup, Thomas, Valley, Wheeler",Nebraska,3/14/2026,7.69
2025-2026,595,"Boyd, NE",Boyd,Nebraska,8/2/2025,0
2025-2026,596,"Pottawattamie (Council Bluffs), IA - Harrison, IA","Audubon, Cass, Harrison, Mills, Pottawattamie, Shelby",Iowa,2/28/2026,1.35
2025-2026,598,"Reno, KS - Rice, KS","Reno, Rice, Stafford",Kansas,3/14/2026,2.01
2025-2026,60,"Raleigh, WV - Fayette, WV","Fayette, Raleigh, Summers, Wyoming",West Virginia,3/14/2026,1.5
2025-2026,601,"Labette, KS - Neosho, KS","Allen, Labette, Neosho, Woodson",Kansas,3/7/2026,1.56
2025-2026,602,"Brown, MN - Renville, MN","Brown, Redwood, Renville",Minnesota,3/21/2026,1.99
2025-2026,603,"Isanti (Cambridge), MN - Mille Lacs, MN","Isanti, Kanabec, Mille Lacs",Minnesota,3/21/2026,1.51
2025-2026,604,"Pennington, MN - Marshall, MN","Kittson, Marshall, Pennington, Red Lake",Minnesota,4/25/2026,1.89
2025-2026,606,"Story, IA - Boone, IA","Boone, Hamilton, Hardin, Story, Wright",Iowa,3/14/2026,1.64
2025-2026,608,"Douglas, MN - Pope, MN","Douglas, Pope, Stevens",Minnesota,3/14/2026,2.1
2025-2026,609,"Lyon, MN - Lincoln, MN","Lincoln, Lyon",Minnesota,4/18/2026,3.81
2025-2026,61,"District of Columbia, DC",District of Columbia,District of Columbia,1/3/2026,0.67
2025-2026,611,"York, NE - Polk, NE","Polk, York",Nebraska,4/18/2026,2.67
2025-2026,612,"Crow Wing, MN - Cass, MN","Aitkin, Cass, Crow Wing, Hubbard, Wadena",Minnesota,3/14/2026,1.42
2025-2026,613,"Decatur, KS - Sheridan, KS","Decatur, Sheridan",Kansas,3/7/2026,8
2025-2026,616,"Phelps, NE - Furnas, NE","Furnas, Harlan, Phelps",Nebraska,3/28/2026,1.83
2025-2026,617,"Guthrie, IA - Greene, IA","Greene, Guthrie",Iowa,1/24/2026,4.55
2025-2026,618,"Pratt, KS - Kiowa, KS","Comanche, Kiowa, Pratt",Kansas,2/14/2026,3.03
2025-2026,62,"Madison, KY - Rockcastle, KY","Estill, Jackson, Madison, Rockcastle",Kentucky,2/7/2026,0.77
2025-2026,621,"Wyandotte (Kansas City), KS - Leavenworth, KS","Leavenworth, Wyandotte",Kansas,2/21/2026,0.53
2025-2026,622,"Mitchell, KS - Osborne, KS","Jewell, Mitchell, Osborne",Kansas,4/11/2026,3.45
2025-2026,624,"Johnson (Overland Park), KS - Douglas, KS","Anderson, Douglas, Franklin, Johnson, Miami",Kansas,2/21/2026,1.18
2025-2026,625,"Clay, IA - Dickinson, IA","Clay, Dickinson, Palo Alto",Iowa,3/28/2026,2.8
2025-2026,626,"Emmet, IA",Emmet,Iowa,4/11/2026,4.84
2025-2026,628,"Richardson, NE - Pawnee, NE","Pawnee, Richardson",Nebraska,4/11/2026,1.56
2025-2026,63,"Rockingham, VA - Harrisonburg City, VA","Harrisonburg City, Page, Rockingham",Virginia,12/27/2025,1.56
2025-2026,630,"Crawford, KS - Bourbon, KS","Bourbon, Crawford, Linn",Kansas,3/21/2026,3.03
2025-2026,631,"Roseau, MN - Lake of the Woods, MN","Lake of the Woods, Roseau",Minnesota,1/3/2026,1.58
2025-2026,633,"Carroll, IA - Sac, IA","Calhoun, Carroll, Sac",Iowa,3/21/2026,2.45
2025-2026,634,"Floyd, IA - Chickasaw, IA","Chickasaw, Floyd",Iowa,2/21/2026,1.08
2025-2026,635,"Marshall, KS - Washington, KS","Marshall, Washington",Kansas,3/14/2026,3.45
2025-2026,636,"Cheyenne, KS - Rawlins, KS","Cheyenne, Rawlins",Kansas,4/4/2026,4
2025-2026,637,"Phillips, KS - Norton, KS","Norton, Phillips, Smith",Kansas,3/7/2026,2.13
2025-2026,64,"Atlantic (Atlantic City), NJ - Cape May, NJ","Atlantic, Cape May",New Jersey,2/28/2026,1.11
2025-2026,641,"Scott (Davenport), IA - Muscatine, IA","Muscatine, Scott",Iowa,3/7/2026,2.02
2025-2026,642,"Cloud, KS - Republic, KS","Cloud, Republic",Kansas,3/7/2026,1.75
2025-2026,643,"Wichita, KS - Greeley, KS","Greeley, Wichita",Kansas,2/7/2026,10
2025-2026,644,"Page, IA - Fremont, IA","Fremont, Page, Taylor",Iowa,3/14/2026,3.08
2025-2026,645,"Lucas, IA - Wayne, IA","Lucas, Wayne",Iowa,3/21/2026,3.1
2025-2026,646,"Freeborn, MN - Faribault, MN","Faribault, Freeborn",Minnesota,12/27/2025,1.42
2025-2026,647,"Montgomery, IA - Adams, IA","Adams, Montgomery",Iowa,3/28/2026,2.7
2025-2026,649,"Appanoose, IA - Davis, IA","Appanoose, Davis",Iowa,3/14/2026,2.65
2025-2026,65,"Steuben, NY - Chemung (Elmira), NY","Chemung, Schuyler, Steuben",New York,2/28/2026,1.84
2025-2026,650,"Geary, KS - Dickinson, KS","Dickinson, Geary, Morris",Kansas,3/14/2026,1.13
2025-2026,651,"Platte, NE - Boone, NE","Boone, Nance, Platte",Nebraska,4/18/2026,1.7
2025-2026,652,"OBrien, IA - Osceola, IA","OBrien, Osceola",Iowa,4/4/2026,8.33
2025-2026,654,"Chase, NE - Dundy, NE","Chase, Dundy, Hayes",Nebraska,3/28/2026,3.92
2025-2026,659,"Thomas, KS - Sherman, KS","Sherman, Thomas, Wallace",Kansas,3/21/2026,7.29
2025-2026,66,"Essex (Newark), NJ - Middlesex, NJ","Essex, Middlesex, Somerset, Union",New Jersey,12/27/2025,0.84
2025-2026,660,"Otoe, NE - Johnson, NE","Johnson, Otoe",Nebraska,3/14/2026,2.42
2025-2026,661,"Kingman, KS - Harper, KS","Harper, Kingman",Kansas,3/14/2026,3.26
2025-2026,662,"Clay, KS",Clay,Kansas,3/21/2026,1.47
2025-2026,664,"Stevens, KS",Stevens,Kansas,1/3/2026,5.41
2025-2026,665,"Mitchell, IA",Mitchell,Iowa,12/27/2025,2.6
2025-2026,667,"Russell, KS",Russell,Kansas,2/28/2026,6.38
2025-2026,669,"Barber, KS",Barber,Kansas,8/2/2025,0
2025-2026,67,"Rowan, KY - Morgan, KY","Elliott, Menifee, Morgan, Rowan",Kentucky,3/14/2026,1.86
2025-2026,671,"Atchison, KS",Atchison,Kansas,3/7/2026,1.68
2025-2026,672,"Sioux, IA",Sioux,Iowa,3/14/2026,3.86
2025-2026,674,"McPherson, KS",McPherson,Kansas,8/2/2025,0
2025-2026,675,"Wilson, KS",Wilson,Kansas,2/28/2026,3.66
2025-2026,679,"Marshall, IA - Tama, IA","Marshall, Tama",Iowa,3/7/2026,3.13
2025-2026,68,"Bristol (New Bedford), MA",Bristol,Massachusetts,2/21/2026,0.82
2025-2026,681,"Crawford, IA",Crawford,Iowa,2/21/2026,4.2
2025-2026,682,"Ness, KS",Ness,Kansas,3/21/2026,9.09
2025-2026,686,"Poweshiek, IA",Poweshiek,Iowa,2/28/2026,4.27
2025-2026,687,"Nemaha, NE",Nemaha,Nebraska,1/17/2026,5.56
2025-2026,688,"Denver (Denver), CO - Jefferson, CO","Adams, Arapahoe, Clear Creek, Denver, Douglas, Elbert, Gilpin, Grand, Jefferson, Park, Summit",Colorado,2/28/2026,1.09
2025-2026,689,"Multnomah (Portland), OR - Washington, OR","Clackamas, Clatsop, Columbia, Multnomah, Washington",Oregon,2/7/2026,0.68
2025-2026,69,"Fairfax, VA - Arlington, VA","Alexandria City, Arlington, Fairfax, Fairfax City, Falls Church City, Loudoun",Virginia,1/3/2026,0.87
2025-2026,691,"Yellowstone (Billings), MT - Big Horn, MT","Big Horn, Carbon, Golden Valley, Musselshell, Rosebud, Stillwater, Treasure, Yellowstone",Montana,3/14/2026,1.07
2025-2026,692,"Cascade (Great Falls), MT - Glacier, MT","Cascade, Chouteau, Glacier, Judith Basin, Pondera, Teton, Toole",Montana,4/18/2026,1.12
2025-2026,693,"Bernalillo (Albuquerque), NM - Sandoval, NM","Bernalillo, Cibola, Sandoval, Socorro, Torrance, Valencia",New Mexico,2/21/2026,0.93
2025-2026,694,"Nez Perce, ID - Idaho, ID","Clearwater, Idaho, Lewis, Nez Perce",Idaho,3/7/2026,1.17
2025-2026,695,"Twin Falls, ID - Jerome, ID","Gooding, Jerome, Lincoln, Twin Falls",Idaho,3/7/2026,2.29
2025-2026,696,"Bannock, ID - Bingham, ID","Bannock, Bingham, Caribou, Oneida, Power",Idaho,2/21/2026,1.96
2025-2026,7,"Kanawha (Charleston), WV - Putnam, WV","Boone, Clay, Kanawha, Nicholas, Putnam, Webster",West Virginia,3/21/2026,1.93
2025-2026,70,"Montgomery, VA - Pulaski, VA","Giles, Montgomery, Pulaski, Radford City, Wythe",Virginia,1/17/2026,1.25
2025-2026,703,"Utah (Provo), UT - Sanpete, UT","Juab, Millard, Sanpete, Sevier, Utah, Wayne",Utah,2/14/2026,0.91
2025-2026,704,"Pueblo (Pueblo), CO - Las Animas, CO","Huerfano, Las Animas, Pueblo",Colorado,2/28/2026,1.26
2025-2026,705,"Marion (Salem), OR - Yamhill, OR","Marion, Polk, Yamhill",Oregon,3/7/2026,0.86
2025-2026,707,"Clark (Las Vegas), NV - Nye, NV","Clark, Esmeralda, Lincoln, Nye",Nevada,2/14/2026,0.48
2025-2026,708,"Salt Lake (Salt Lake City), UT - Tooele, UT","Duchesne, Salt Lake, Summit, Tooele, Uintah, Wasatch",Utah,3/7/2026,1.21
2025-2026,71,"Halifax with South Boston City, VA - Mecklenburg, VA","Halifax with South Boston City, Lunenburg, Mecklenburg",Virginia,1/3/2026,1.3
2025-2026,711,"Mesa, CO - Garfield, CO","Eagle, Garfield, Mesa, Pitkin, Rio Blanco",Colorado,2/21/2026,1.7
2025-2026,712,"Hill, MT - Blaine, MT","Blaine, Hill, Liberty, Phillips",Montana,4/18/2026,3.2
2025-2026,713,"Missoula, MT - Ravalli, MT","Granite, Lake, Mineral, Missoula, Ravalli, Sanders",Montana,3/7/2026,1.25
2025-2026,714,"Custer, MT - Fallon, MT","Carter, Custer, Fallon, Garfield, Powder River, Prairie",Montana,1/31/2026,1.41
2025-2026,715,"Franklin, ID - Bear Lake, ID","Bear Lake, Franklin",Idaho,2/28/2026,1.85
2025-2026,716,"Ada (Boise City), ID - Canyon, ID","Ada, Boise, Canyon, Elmore, Gem, Owyhee, Valley",Idaho,3/28/2026,0.64
2025-2026,717,"Umatilla, OR - Morrow, OR","Morrow, Umatilla",Oregon,2/21/2026,1.28
2025-2026,719,"Deschutes, OR - Crook, OR","Crook, Deschutes, Harney, Jefferson, Wheeler",Oregon,3/14/2026,1.58
2025-2026,72,"Washington (Hagerstown), MD",Washington,Maryland,12/20/2025,0.68
2025-2026,720,"Elko, NV - Lander, NV","Elko, Eureka, Lander",Nevada,3/14/2026,4.33
2025-2026,721,"Lewis and Clark, MT - Jefferson, MT","Broadwater, Jefferson, Lewis and Clark",Montana,4/18/2026,0.91
2025-2026,722,"Bonneville, ID - Madison, ID","Bonneville, Butte, Clark, Custer, Fremont, Jefferson, Madison, Teton",Idaho,2/21/2026,1.51
2025-2026,724,"Santa Fe (Santa Fe), NM - Rio Arriba, NM","Los Alamos, Rio Arriba, Santa Fe, Taos",New Mexico,2/21/2026,1.5
2025-2026,725,"Curry, NM - Roosevelt, NM","Curry, De Baca, Quay, Roosevelt",New Mexico,2/7/2026,2.26
2025-2026,726,"Natrona (Casper), WY - Converse, WY","Converse, Natrona",Wyoming,3/21/2026,1.54
2025-2026,727,"Linn, OR - Benton, OR","Benton, Linn",Oregon,3/7/2026,1.02
2025-2026,728,"Flathead, MT - Lincoln, MT","Flathead, Lincoln",Montana,2/28/2026,1.33
2025-2026,729,"Payette, ID - Washington, ID","Adams, Payette, Washington",Idaho,2/7/2026,1.46
2025-2026,73,"Alleghany, NC",Alleghany,North Carolina,1/31/2026,3.54
2025-2026,730,"Cassia, ID - Minidoka, ID","Cassia, Minidoka",Idaho,2/21/2026,3.06
2025-2026,732,"Dona Ana (Las Cruces), NM - Luna, NM","Dona Ana, Luna, Sierra",New Mexico,2/28/2026,1.26
2025-2026,733,"Sheridan, MT - Daniels, MT","Daniels, Sheridan",Montana,3/21/2026,9.68
2025-2026,734,"Kootenai, ID - Bonner, ID","Benewah, Bonner, Boundary, Kootenai, Shoshone",Idaho,4/4/2026,0.87
2025-2026,74,"Essex (Lynn), MA",Essex,Massachusetts,2/21/2026,0.8
2025-2026,741,"Cheyenne, NE - Kimball, NE","Cheyenne, Deuel, Kimball",Nebraska,4/11/2026,4.62
2025-2026,742,"Silver Bow, MT - Deer Lodge, MT","Beaverhead, Deer Lodge, Silver Bow",Montana,4/4/2026,1.5
2025-2026,743,"Klamath, OR - Lake, OR","Klamath, Lake",Oregon,4/11/2026,0.7
2025-2026,744,"Davis, UT - Weber (Ogden), UT","Box Elder, Davis, Morgan, Rich, Weber",Utah,2/21/2026,1.2
2025-2026,748,"Wasco, OR - Hood River, OR","Gilliam, Hood River, Sherman, Wasco",Oregon,1/17/2026,0.41
2025-2026,749,"Park, WY - Big Horn, WY","Big Horn, Park",Wyoming,4/25/2026,0.94
2025-2026,75,"New Castle (Wilmington), DE",New Castle,Delaware,1/3/2026,1.46
2025-2026,754,"El Paso (Colorado Springs), CO - Teller, CO","Cheyenne, El Paso, Kit Carson, Lincoln, Teller",Colorado,2/21/2026,1.19
2025-2026,755,"Iron, UT - Beaver, UT","Beaver, Iron",Utah,3/21/2026,1.65
2025-2026,756,"Park, MT - Sweet Grass, MT","Park, Sweet Grass",Montana,4/11/2026,2.82
2025-2026,759,"Union, OR - Baker, OR","Baker, Union, Wallowa",Oregon,3/14/2026,1.52
2025-2026,76,"Fulton, NY - Montgomery (Amsterdam), NY","Fulton, Montgomery",New York,2/28/2026,2.92
2025-2026,760,"Weld, CO - Morgan, CO","Morgan, Washington, Weld, Yuma",Colorado,3/7/2026,1.45
2025-2026,767,"Richland, MT - Dawson, MT","Dawson, McCone, Richland, Wibaux",Montana,2/14/2026,1.35
2025-2026,769,"Otero, NM - Lincoln, NM","Lincoln, Otero",New Mexico,3/14/2026,2.02
2025-2026,77,"Petersburg City, VA - Prince George, VA","Dinwiddie, Hopewell City, Petersburg City, Prince George, Surry, Sussex",Virginia,12/13/2025,0.55
2025-2026,770,"Sheridan, WY - Johnson, WY","Johnson, Sheridan",Wyoming,3/7/2026,0.96
2025-2026,772,"Chaves, NM - Eddy, NM","Chaves, Eddy",New Mexico,3/28/2026,1.39
2025-2026,773,"Gallatin and Yellowstone National Park, MT - Madison, MT","Gallatin and Yellowstone National Park, Madison",Montana,4/11/2026,1.25
2025-2026,775,"Teton, WY - Lincoln, WY","Lincoln, Sublette, Teton",Wyoming,3/28/2026,1.83
2025-2026,777,"Fremont, WY - Washakie, WY","Fremont, Hot Springs, Washakie",Wyoming,3/14/2026,1.06
2025-2026,778,"Wheatland, MT - Meagher, MT","Meagher, Wheatland",Montana,4/25/2026,5.26
2025-2026,779,"Roosevelt, MT - Valley, MT","Roosevelt, Valley",Montana,2/14/2026,1.24
2025-2026,782,"Lane (Eugene), OR - Douglas, OR","Douglas, Lane",Oregon,3/28/2026,0.99
2025-2026,783,"Lincoln, OR - Tillamook, OR","Lincoln, Tillamook",Oregon,12/27/2025,0.74
2025-2026,784,"Latah, ID",Latah,Idaho,2/14/2026,1.81
2025-2026,792,"Uinta, WY",Uinta,Wyoming,2/14/2026,3.36
2025-2026,793,"Grant, NM - Hidalgo, NM","Catron, Grant, Hidalgo",New Mexico,3/14/2026,1.77
2025-2026,795,"Boulder, CO - Broomfield, CO","Boulder, Broomfield",Colorado,3/7/2026,2.82
2025-2026,796,"Larimer, CO",Larimer,Colorado,2/21/2026,1.56
2025-2026,797,"Platte, WY",Platte,Wyoming,2/14/2026,2.13
2025-2026,80,"St. Lawrence, NY - Jefferson, NY","Jefferson, Lewis, St. Lawrence",New York,10/25/2025,0.87
2025-2026,801,"San Miguel, NM - Mora, NM","Guadalupe, Harding, Mora, San Miguel",New Mexico,2/21/2026,2.33
2025-2026,804,"Weston, WY",Weston,Wyoming,8/2/2025,0
2025-2026,805,"White Pine, NV",White Pine,Nevada,2/28/2026,2.97
2025-2026,806,"Grant, OR",Grant,Oregon,3/7/2026,3.28
2025-2026,808,"Blaine, ID - Camas, ID","Blaine, Camas",Idaho,2/21/2026,1.7
2025-2026,809,"Carbon, UT - Emery, UT","Carbon, Emery",Utah,2/14/2026,1.69
2025-2026,81,"Clinton, NY - Franklin, NY","Clinton, Essex, Franklin",New York,2/28/2026,0.9
2025-2026,813,"Lemhi, ID",Lemhi,Idaho,2/28/2026,3.45
2025-2026,814,"Union, NM",Union,New Mexico,4/11/2026,3.7
2025-2026,82,"Taylor, KY - Adair, KY","Adair, Green, Russell, Taylor",Kentucky,12/27/2025,1.61
2025-2026,821,"Honolulu (Honolulu), HI - Maui, HI","Honolulu, Kalawao, Maui",Hawaii,1/10/2026,0.79
2025-2026,822,"Kauai, HI",Kauai,Hawaii,2/14/2026,1.33
2025-2026,823,"Hawaii, HI",Hawaii,Hawaii,4/11/2026,1.12
2025-2026,825,"Henry, GA - Forsyth, GA","Fayette, Forsyth, Henry, Rockdale, Walton",Georgia,1/3/2026,0.63
2025-2026,826,"Cherokee, GA - Douglas, GA","Cherokee, Douglas, Paulding, Pickens",Georgia,12/27/2025,1.48
2025-2026,827,"Newton (Covington), GA",Newton,Georgia,11/29/2025,0.95
2025-2026,828,"Baldwin, GA",Baldwin,Georgia,1/17/2026,1.01
2025-2026,829,"Clarke (Athens), GA - Barrow, GA","Barrow, Clarke, Jackson, Madison, Oconee, Oglethorpe",Georgia,2/14/2026,0.84
2025-2026,83,"Suffolk, NY - Nassau, NY","Nassau, Suffolk",New York,1/31/2026,0.51
2025-2026,830,"Richmond (South Augusta), GA - Columbia, GA","Burke, Columbia, Jenkins, Lincoln, McDuffie, Richmond",Georgia,1/10/2026,0.59
2025-2026,831,"Washtenaw, MI - Livingston, MI","Livingston, Washtenaw",Michigan,2/28/2026,0.74
2025-2026,85,"New Haven (New Haven), CT - Litchfield, CT","Litchfield, Middlesex, New Haven",Connecticut,2/14/2026,0.58
2025-2026,851,"Mineral, WV - Hardy, WV","Grant, Hardy, Mineral",West Virginia,3/28/2026,2.16
2025-2026,852,"Wicomico, MD - Worcester, MD","Somerset, Wicomico, Worcester",Maryland,1/3/2026,0.71
2025-2026,853,"Virginia Beach City, VA - Norfolk City, VA","Chesapeake City, Franklin City, Isle of Wight, Norfolk City, Portsmouth City, Southampton, Suffolk City, Virginia Beach City",Virginia,12/13/2025,0.41
2025-2026,854,"Bennington, VT",Bennington,Vermont,3/21/2026,2.93
2025-2026,855,"McCracken, KY - Graves, KY","Ballard, Carlisle, Crittenden, Graves, Hickman, Livingston, Lyon, Marshall, McCracken",Kentucky,1/31/2026,0.91
2025-2026,856,"Logan, WV - Mingo, WV","Logan, Mingo",West Virginia,2/28/2026,3.16
2025-2026,857,"Washington, VT - Windsor, VT","Orange, Washington, Windsor",Vermont,3/7/2026,1.51
2025-2026,86,"Orange (Newburgh), NY - Sullivan, NY","Orange, Sullivan",New York,1/3/2026,1
2025-2026,860,"Ohio (Wheeling), WV - Marshall, WV","Marshall, Ohio, Tyler, Wetzel",West Virginia,3/14/2026,1.71
2025-2026,861,"Berkeley, WV - Jefferson, WV","Berkeley, Hampshire, Jefferson, Morgan",West Virginia,1/3/2026,2.02
2025-2026,862,"Greenbrier, WV - Monroe, WV","Greenbrier, Monroe",West Virginia,3/7/2026,2.99
2025-2026,863,"Wood (Parkersburg), WV - Jackson, WV","Calhoun, Jackson, Pleasants, Ritchie, Roane, Wirt, Wood",West Virginia,3/14/2026,1.56
2025-2026,865,"Rockland, NY",Rockland,New York,12/13/2025,1.05
2025-2026,866,"Mercer, WV - McDowell, WV","McDowell, Mercer",West Virginia,3/28/2026,3.02
2025-2026,867,"Cabell (Huntington), WV - Wayne, WV","Cabell, Lincoln, Wayne",West Virginia,3/7/2026,1.83
2025-2026,869,"Montgomery, MD - Prince Georges, MD","Charles, Montgomery, Prince Georges, St. Marys",Maryland,12/27/2025,0.73
2025-2026,87,"Morris (Parsippany-Troy Hills Township), NJ - Sussex, NJ","Morris, Sussex",New Jersey,2/21/2026,0.95
2025-2026,875,"Harford, MD - Cecil, MD","Cecil, Harford",Maryland,2/21/2026,1.26
2025-2026,877,"Windham, VT",Windham,Vermont,4/25/2026,1.98
2025-2026,878,"Claiborne, TN",Claiborne,Tennessee,2/7/2026,0.85
2025-2026,88,"Saratoga, NY - Schenectady (Schenectady), NY","Hamilton, Saratoga, Schenectady, Warren, Washington",New York,3/21/2026,0.81
2025-2026,881,"Columbia, NY - Greene, NY","Columbia, Greene",New York,2/28/2026,1.16
2025-2026,882,"Henry, TN - Carroll, TN","Benton, Carroll, Henry",Tennessee,12/20/2025,1.57
2025-2026,883,"Pittsylvania (Danville), VA - Danville City, VA","Danville City, Pittsylvania",Virginia,12/13/2025,1.48
2025-2026,885,"Hamilton (Chattanooga), TN - Marion, TN","Hamilton, Marion, Sequatchie",Tennessee,2/14/2026,1.12
2025-2026,886,"Beaufort, SC - Jasper, SC","Beaufort, Jasper",South Carolina,1/3/2026,1.01
2025-2026,887,"Shelby (Memphis), TN - Tipton, TN","Fayette, Shelby, Tipton",Tennessee,1/24/2026,1.17
2025-2026,888,"Washington, VA - Smyth, VA","Bristol City, Russell, Scott, Smyth, Washington",Virginia,3/7/2026,0.89
2025-2026,889,"Aiken, SC - Edgefield, SC","Aiken, Barnwell, Edgefield",South Carolina,1/3/2026,0.8
2025-2026,89,"Hardin, KY - Meade, KY","Breckinridge, Grayson, Hardin, Larue, Meade",Kentucky,3/28/2026,0.85
2025-2026,890,"Glynn, GA - Camden, GA","Brantley, Camden, Charlton, Glynn, McIntosh",Georgia,3/7/2026,0.38
2025-2026,893,"Muscogee (Columbus), GA - Harris, GA","Chattahoochee, Harris, Marion, Muscogee, Schley, Stewart, Talbot, Webster",Georgia,1/3/2026,0.65
2025-2026,894,"Coweta, GA - Troup (La Grange), GA","Coweta, Heard, Meriwether, Troup",Georgia,11/29/2025,1.13
2025-2026,895,"Bradley, TN - Polk, TN","Bradley, Polk",Tennessee,1/24/2026,1.36
2025-2026,896,"Carroll, GA - Haralson, GA","Carroll, Haralson",Georgia,12/6/2025,0.52
2025-2026,897,"Weakley, TN - Obion, TN","Obion, Weakley",Tennessee,12/27/2025,1.05
2025-2026,899,"Johnson, TN",Johnson,Tennessee,2/7/2026,2.84
2025-2026,9,"Cumberland (Portland), ME - Knox, ME","Cumberland, Knox, Lincoln, Sagadahoc",Maine,3/14/2026,0.71
2025-2026,900,"Lincoln, TN",Lincoln,Tennessee,11/29/2025,2.43
2025-2026,902,"Vanderburgh (Evansville), IN - Warrick, IN","Gibson, Posey, Spencer, Vanderburgh, Warrick",Indiana,1/3/2026,0.93
2025-2026,904,"Mason, WV",Mason,West Virginia,3/7/2026,1.1
2025-2026,905,"Oneida, WI - Vilas, WI","Forest, Iron, Oneida, Vilas",Wisconsin,4/4/2026,0.99
2025-2026,906,"Polk, WI",Polk,Wisconsin,3/28/2026,1.88
2025-2026,907,"Douglas, WI",Douglas,Wisconsin,3/14/2026,1.82
2025-2026,908,"La Crosse (La Crosse), WI - Monroe, WI","La Crosse, Monroe, Trempealeau, Vernon",Wisconsin,3/21/2026,1.28
2025-2026,909,"Dubuque (Dubuque), IA - Jackson, IA","Dubuque, Jackson",Iowa,3/7/2026,2.42
2025-2026,910,"Knox, IN - Daviess, IN","Daviess, Knox, Martin, Pike",Indiana,3/14/2026,1.1
2025-2026,911,"Vigo (Terre Haute), IN - Clay, IN","Clay, Parke, Sullivan, Vermillion, Vigo",Indiana,2/7/2026,0.65
2025-2026,912,"Marinette, WI - Florence, WI","Florence, Marinette",Wisconsin,3/7/2026,2.8
2025-2026,913,"Daviess (Owensboro), KY - Ohio, KY","Daviess, Hancock, McLean, Ohio",Kentucky,3/21/2026,1.22
2025-2026,914,"Carroll, KY - Trimble, KY","Carroll, Trimble",Kentucky,12/27/2025,4
2025-2026,915,"Fountain, IN - Warren, IN","Fountain, Warren",Indiana,3/21/2026,1.64
2025-2026,917,"Des Moines, IA - Henry, IA","Des Moines, Henry",Iowa,3/21/2026,1.42
2025-2026,919,"Crawford, WI",Crawford,Wisconsin,2/14/2026,2.12
2025-2026,92,"Harrison, WV - Upshur, WV","Braxton, Doddridge, Gilmer, Harrison, Lewis, Upshur",West Virginia,3/28/2026,1.4
2025-2026,921,"Clinton, IA",Clinton,Iowa,1/17/2026,1.76
2025-2026,923,"St. Croix, WI - Pierce, WI","Pierce, St. Croix",Wisconsin,3/14/2026,1.49
2025-2026,924,"Hancock (Weirton), WV - Brooke, WV","Brooke, Hancock",West Virginia,1/3/2026,1.95
2025-2026,925,"Bowie (Texarkana), TX",Bowie,Texas,1/3/2026,1.13
2025-2026,926,"Lauderdale, MS - Neshoba, MS","Clarke, Kemper, Lauderdale, Neshoba, Newton",Mississippi,1/3/2026,0.43
2025-2026,928,"Warren, MS - Claiborne, MS","Claiborne, Warren",Mississippi,12/27/2025,0.69
2025-2026,929,"Adams, MS - Jefferson, MS","Adams, Franklin, Jefferson",Mississippi,1/3/2026,1.49
2025-2026,93,"Hunterdon, NJ - Warren (Phillipsburg), NJ","Hunterdon, Warren",New Jersey,1/24/2026,0.76
2025-2026,930,"Grayson (Sherman), TX - Fannin, TX","Fannin, Grayson",Texas,12/27/2025,0.92
2025-2026,931,"Lamar, TX - Red River, TX","Delta, Lamar, Red River",Texas,1/24/2026,1.21
2025-2026,932,"Delaware, OK",Delaware,Oklahoma,3/7/2026,1.29
2025-2026,934,"Lowndes, MS - Clay, MS","Clay, Lowndes, Noxubee",Mississippi,2/14/2026,1.3
2025-2026,936,"Pearl River, MS",Pearl River,Mississippi,1/31/2026,0.92
2025-2026,937,"Gaines, TX - Andrews, TX","Andrews, Gaines",Texas,2/7/2026,1.93
2025-2026,941,"Olmsted (Rochester), MN - Winona, MN","Dodge, Fillmore, Mower, Olmsted, Steele, Wabasha, Winona",Minnesota,2/7/2026,1.09
2025-2026,942,"Dakota, NE - Thurston, NE","Dakota, Dixon, Thurston",Nebraska,2/21/2026,4.17
2025-2026,943,"Grant, KS - Stanton, KS","Grant, Stanton",Kansas,2/21/2026,6.15
2025-2026,948,"Goshen, WY - Niobrara, WY","Goshen, Niobrara",Wyoming,3/14/2026,1.27
2025-2026,95,"Androscoggin (Lewiston), ME - Oxford, ME","Androscoggin, Franklin, Oxford",Maine,3/21/2026,0.48
2025-2026,950,"Campbell, WY - Crook, WY","Campbell, Crook",Wyoming,4/25/2026,2.02
2025-2026,955,"Red Willow, NE - Hitchcock, NE","Hitchcock, Red Willow",Nebraska,2/21/2026,2.53
2025-2026,958,"Martin, MN",Martin,Minnesota,3/21/2026,2.25
2025-2026,96,"Harlan, KY - Bell, KY","Bell, Harlan",Kentucky,2/21/2026,1.31
2025-2026,962,"Washoe (Reno), NV - Carson City, NV","Carson City, Churchill, Douglas, Humboldt, Lyon, Mineral, Pershing, Storey, Washoe",Nevada,2/21/2026,1.54
2025-2026,964,"Washington, UT - Kane, UT","Garfield, Kane, Piute, Washington",Utah,2/21/2026,1.03
2025-2026,965,"Grand, UT",Grand,Utah,1/31/2026,2.67
2025-2026,966,"Cache, UT",Cache,Utah,2/21/2026,1.48
2025-2026,968,"Malheur, OR",Malheur,Oregon,2/21/2026,1.86
2025-2026,969,"Coos, OR - Curry, OR","Coos, Curry",Oregon,2/7/2026,1.46
2025-2026,97,"Augusta, VA - Staunton City, VA","Augusta, Buena Vista City, Highland, Lexington City, Rockbridge, Staunton City, Waynesboro City",Virginia,2/28/2026,1.45
2025-2026,970,"San Juan, UT",San Juan,Utah,2/28/2026,2.22
2025-2026,971,"Laramie (Cheyenne), WY",Laramie,Wyoming,3/14/2026,3.34
2025-2026,973,"Jackson (Medford), OR - Josephine, OR","Jackson, Josephine",Oregon,3/14/2026,0.73
2025-2026,975,"Albany, WY - Carbon, WY","Albany, Carbon",Wyoming,4/11/2026,2.33
2025-2026,977,"Sweetwater, WY",Sweetwater,Wyoming,3/28/2026,0.35
2025-2026,98,"York, ME",York,Maine,3/7/2026,0.37
2025-2026,982,"Lee, IA",Lee,Iowa,2/21/2026,1.63
2025-2026,985,"La Plata, CO - Montezuma, CO","Archuleta, Dolores, La Plata, Montezuma, San Juan",Colorado,3/14/2026,1.15
2025-2026,986,"San Juan, NM",San Juan,New Mexico,2/14/2026,1.89
2025-2026,99,"Albemarle, VA - Charlottesville City, VA","Albemarle, Buckingham, Charlottesville City, Culpeper, Fluvanna, Greene, Louisa, Madison, Nelson, Orange, Rappahannock",Virginia,1/10/2026,0.96
2025-2026,All,All,All,Alabama,12/27/2025,0.73
2025-2026,All,All,All,Alaska,2/14/2026,1.06
2025-2026,All,All,All,Arizona,2/28/2026,0.38
2025-2026,All,All,All,Arkansas,1/31/2026,1.38
2025-2026,All,All,All,California,2/21/2026,0.56
2025-2026,All,All,All,Colorado,2/28/2026,1.17
2025-2026,All,All,All,Connecticut,2/21/2026,0.67
2025-2026,All,All,All,Delaware,1/3/2026,1.44
2025-2026,All,All,All,District of Columbia,1/3/2026,0.67
2025-2026,All,All,All,Florida,11/29/2025,0.63
2025-2026,All,All,All,Georgia,1/3/2026,0.61
2025-2026,All,All,All,Hawaii,1/10/2026,0.72
2025-2026,All,All,All,Idaho,3/7/2026,0.94
2025-2026,All,All,All,Illinois,2/21/2026,1.02
2025-2026,All,All,All,Indiana,2/28/2026,0.67
2025-2026,All,All,All,Iowa,3/7/2026,1.33
2025-2026,All,All,All,Kansas,3/7/2026,0.86
2025-2026,All,All,All,Kentucky,1/3/2026,0.87
2025-2026,All,All,All,Louisiana,12/27/2025,0.72
2025-2026,All,All,All,Maine,3/21/2026,0.68
2025-2026,All,All,All,Maryland,1/3/2026,0.86
2025-2026,All,All,All,Massachusetts,2/21/2026,1.12
2025-2026,All,All,All,Michigan,3/7/2026,0.86
2025-2026,All,All,All,Minnesota,3/7/2026,0.89
2025-2026,All,All,All,Mississippi,1/24/2026,0.82
2025-2026,All,All,All,Montana,3/14/2026,0.82
2025-2026,All,All,All,Nebraska,3/14/2026,0.86
2025-2026,All,All,All,Nevada,2/21/2026,0.73
2025-2026,All,All,All,New Hampshire,2/28/2026,1.05
2025-2026,All,All,All,New Jersey,1/24/2026,0.72
2025-2026,All,All,All,New Mexico,2/21/2026,1.09
2025-2026,All,All,All,New York,2/21/2026,0.58
2025-2026,All,All,All,North Carolina,1/31/2026,0.96
2025-2026,All,All,All,North Dakota,3/21/2026,1.45
2025-2026,All,All,All,Ohio,2/28/2026,0.59
2025-2026,All,All,All,Oklahoma,2/21/2026,1.07
2025-2026,All,All,All,Oregon,3/7/2026,0.71
2025-2026,All,All,All,Pennsylvania,2/21/2026,0.57
2025-2026,All,All,All,Rhode Island,2/21/2026,0.73
2025-2026,All,All,All,South Carolina,12/27/2025,0.87
2025-2026,All,All,All,South Dakota,2/14/2026,1.28
2025-2026,All,All,All,Tennessee,1/3/2026,0.81
2025-2026,All,All,All,Texas,12/27/2025,0.84
2025-2026,All,All,All,United States,2/21/2026,0.63
2025-2026,All,All,All,Utah,2/21/2026,1.05
2025-2026,All,All,All,Vermont,2/21/2026,1.21
2025-2026,All,All,All,Virginia,1/3/2026,0.71
2025-2026,All,All,All,Washington,2/21/2026,0.82
2025-2026,All,All,All,West Virginia,2/28/2026,1.4
2025-2026,All,All,All,Wisconsin,3/14/2026,1.01
2025-2026,All,All,All,Wyoming,3/21/2026,1.22
