season,hsa_nci_id,hsa,hsa_counties,geography,peak_date,peak_size
2023-2024,1,"Allegany (Cumberland), MD - Garrett, MD","Allegany, Garrett",Maryland,12/30/2023,6.37
2023-2024,10,"Albany (Albany), NY - Rensselaer, NY","Albany, Rensselaer",New York,2/24/2024,3.13
2023-2024,101,"Worcester (Worcester), MA - Franklin, MA","Franklin, Worcester",Massachusetts,1/6/2024,3.84
2023-2024,102,"Bourbon (Paris), KY - Nicholas, KY","Bourbon, Nicholas",Kentucky,1/27/2024,5.46
2023-2024,103,"Caledonia, VT - Orleans, VT","Caledonia, Lamoille, Orleans",Vermont,3/2/2024,3.8
2023-2024,104,"Clinton, KY - Cumberland, KY","Clinton, Cumberland",Kentucky,1/6/2024,9.56
2023-2024,105,"Tompkins, NY - Cortland, NY","Cortland, Tompkins",New York,2/17/2024,7.52
2023-2024,106,"Chautauqua, NY",Chautauqua,New York,2/24/2024,8.01
2023-2024,107,"Queen Annes, MD - Talbot, MD","Caroline, Dorchester, Queen Annes, Talbot",Maryland,12/30/2023,13.21
2023-2024,108,"Monmouth, NJ - Ocean (Brick Township), NJ","Monmouth, Ocean",New Jersey,12/30/2023,5.72
2023-2024,109,"Prince William (Dale City), VA - Fauquier, VA","Fauquier, Manassas City, Manassas Park City, Prince William",Virginia,12/30/2023,9.39
2023-2024,11,"Floyd, KY - Johnson, KY","Floyd, Johnson, Magoffin",Kentucky,2/24/2024,6.79
2023-2024,112,"Berkshire (Pittsfield), MA",Berkshire,Massachusetts,2/10/2024,3.53
2023-2024,114,"Franklin, KY - Anderson, KY","Anderson, Franklin, Owen",Kentucky,1/6/2024,6.19
2023-2024,115,"Calloway, KY",Calloway,Kentucky,12/23/2023,6.38
2023-2024,116,"Mason, KY - Fleming, KY","Bracken, Fleming, Mason",Kentucky,1/13/2024,8.55
2023-2024,119,"Harrison, KY - Robertson, KY","Harrison, Robertson",Kentucky,2/17/2024,13.67
2023-2024,12,"Massac, IL - Johnson, IL","Johnson, Massac",Illinois,2/17/2024,15.2
2023-2024,121,"Fairfield, CT",Fairfield,Connecticut,12/30/2023,4.61
2023-2024,122,"Rutland, VT",Rutland,Vermont,1/6/2024,3.28
2023-2024,123,"Letcher, KY",Letcher,Kentucky,3/9/2024,7.8
2023-2024,124,"Kent, MD",Kent,Maryland,12/30/2023,9.33
2023-2024,126,"Mercer, NJ",Mercer,New Jersey,12/30/2023,5.79
2023-2024,127,"Cumberland, NJ",Cumberland,New Jersey,12/30/2023,7.48
2023-2024,13,"Pike, KY",Pike,Kentucky,1/6/2024,12.53
2023-2024,131,"Montgomery, KY - Bath, KY","Bath, Montgomery",Kentucky,1/6/2024,5
2023-2024,135,"Stafford, VA - Spotsylvania, VA","Caroline, Fredericksburg City, King George, Spotsylvania, Stafford",Virginia,12/30/2023,8.42
2023-2024,136,"Aroostook, ME",Aroostook,Maine,3/16/2024,2.76
2023-2024,14,"Roanoke City, VA - Roanoke, VA","Amherst, Appomattox, Bedford, Bedford City, Botetourt, Campbell, Craig, Floyd, Franklin, Lynchburg City, Roanoke, Roanoke City, Salem City",Virginia,12/30/2023,9.54
2023-2024,141,"Walker, GA - Catoosa, GA","Catoosa, Dade, Walker",Georgia,1/6/2024,11.65
2023-2024,143,"Chatham (Savannah), GA - Liberty, GA","Bryan, Chatham, Effingham, Evans, Liberty, Long, Tattnall",Georgia,12/30/2023,1.41
2023-2024,144,"Dougherty (Albany), GA - Lee, GA","Baker, Calhoun, Clay, Dougherty, Early, Lee, Randolph, Terrell, Worth",Georgia,12/30/2023,1.25
2023-2024,145,"Whitfield, GA - Murray, GA","Murray, Whitfield",Georgia,12/30/2023,13.31
2023-2024,146,"DeSoto, MS - Marshall, MS","Benton, DeSoto, Marshall, Panola, Tate, Tunica",Mississippi,12/30/2023,12.62
2023-2024,147,"Knox (Knoxville), TN - Blount, TN","Blount, Knox, Loudon, McMinn, Meigs, Monroe, Sevier, Union",Tennessee,12/30/2023,6.13
2023-2024,148,"Davidson (Nashville-Davidson), TN - Williamson, TN","Cheatham, Davidson, Dickson, Hickman, Humphreys, Robertson, Williamson",Tennessee,12/30/2023,7.02
2023-2024,149,"Forsyth (Winston-Salem), NC - Surry, NC","Davie, Forsyth, Stokes, Surry, Yadkin",North Carolina,12/30/2023,12.19
2023-2024,151,"Sullivan (Kingsport), TN - Hawkins, TN","Hawkins, Sullivan",Tennessee,12/30/2023,6.92
2023-2024,153,"Fulton (Atlanta), GA - DeKalb, GA","Clayton, DeKalb, Fulton, Gwinnett",Georgia,12/30/2023,6.05
2023-2024,154,"Floyd, GA - Bartow, GA","Bartow, Chattooga, Floyd, Gordon, Polk",Georgia,12/30/2023,12.18
2023-2024,157,"Hall, GA - Habersham, GA","Banks, Dawson, Habersham, Hall, Lumpkin, Towns, Union, White",Georgia,12/30/2023,12.4
2023-2024,16,"Baltimore, MD - Baltimore City, MD","Anne Arundel, Baltimore, Baltimore City, Calvert, Carroll, Howard",Maryland,12/30/2023,5.78
2023-2024,160,"Richland (Columbia), SC - Lexington, SC","Fairfield, Lexington, Newberry, Richland",South Carolina,12/23/2023,14.21
2023-2024,164,"Morgan, GA - Greene, GA","Greene, Morgan",Georgia,12/30/2023,19.41
2023-2024,167,"Mecklenburg (Charlotte), NC - Union, NC","Anson, Mecklenburg, Union",North Carolina,12/23/2023,18.25
2023-2024,168,"New Hanover (Wilmington), NC - Brunswick, NC","Brunswick, New Hanover, Pender",North Carolina,12/30/2023,7.04
2023-2024,169,"Washington (Johnson City), TN - Carter, TN","Carter, Unicoi, Washington",Tennessee,12/30/2023,8.58
2023-2024,17,"Penobscot (Bangor), ME - Hancock, ME","Hancock, Penobscot, Piscataquis, Washington",Maine,2/24/2024,3.98
2023-2024,170,"Durham (Durham), NC - Granville, NC","Durham, Granville, Person, Vance, Warren",North Carolina,12/30/2023,6.71
2023-2024,178,"Thomas, GA - Mitchell, GA","Grady, Mitchell, Thomas",Georgia,1/6/2024,2.06
2023-2024,18,"Fayette (Lexington-Fayette), KY - Jessamine, KY","Breathitt, Clark, Fayette, Jessamine, Knott, Lee, Leslie, Owsley, Perry, Powell, Scott, Wolfe, Woodford",Kentucky,2/17/2024,5.21
2023-2024,180,"Lowndes, GA - Brooks, GA","Berrien, Brooks, Cook, Echols, Lanier, Lowndes",Georgia,12/30/2023,5.04
2023-2024,182,"Greenville (Greenville), SC - Anderson, SC","Anderson, Greenville, Oconee, Pickens",South Carolina,12/23/2023,15.85
2023-2024,184,"Florence (Florence), SC - Darlington, SC","Chesterfield, Darlington, Florence, Marlboro, Williamsburg",South Carolina,12/23/2023,14.51
2023-2024,186,"Guilford (Greensboro), NC - Davidson, NC","Davidson, Guilford, Randolph, Rockingham",North Carolina,12/30/2023,14.96
2023-2024,187,"Laurens, SC - Greenwood, SC","Abbeville, Greenwood, Laurens, McCormick, Saluda",South Carolina,12/23/2023,16.69
2023-2024,188,"Madison (Jackson), TN - Gibson, TN","Chester, Crockett, Decatur, Gibson, Hardeman, Haywood, Henderson, Madison",Tennessee,12/23/2023,7.83
2023-2024,189,"Tift, GA - Ben Hill, GA","Ben Hill, Irwin, Tift, Turner",Georgia,12/30/2023,6.49
2023-2024,19,"Broome (Binghamton), NY - Tioga, NY","Broome, Tioga",New York,3/2/2024,4.04
2023-2024,190,"Cobb (Marietta), GA",Cobb,Georgia,12/30/2023,8.33
2023-2024,191,"Polk, NC",Polk,North Carolina,12/23/2023,15.44
2023-2024,192,"Iredell (Statesville), NC - Alexander, NC","Alexander, Iredell",North Carolina,12/30/2023,15.31
2023-2024,193,"Bibb (Macon), GA - Houston, GA","Bibb, Bleckley, Crawford, Houston, Jones, Monroe, Peach, Pulaski, Taylor, Twiggs, Wilkinson",Georgia,12/30/2023,5.11
2023-2024,194,"Watauga, NC - Ashe, NC","Ashe, Watauga",North Carolina,12/30/2023,11.98
2023-2024,195,"Pitt, NC - Beaufort, NC","Beaufort, Hyde, Martin, Pitt, Tyrrell, Washington",North Carolina,12/23/2023,18.02
2023-2024,196,"Sumter, SC - Clarendon, SC","Clarendon, Lee, Sumter",South Carolina,12/30/2023,11.1
2023-2024,198,"Wake (Raleigh), NC - Johnston, NC","Franklin, Johnston, Wake, Wilson",North Carolina,12/30/2023,11.43
2023-2024,199,"Marion, SC - Dillon, SC","Dillon, Marion",South Carolina,12/30/2023,20.7
2023-2024,2,"Kenton (Covington), KY - Campbell, KY","Boone, Campbell, Gallatin, Grant, Kenton, Pendleton",Kentucky,2/24/2024,8.08
2023-2024,20,"New London, CT",New London,Connecticut,2/24/2024,3.01
2023-2024,203,"Orange (Chapel Hill), NC - Harnett, NC","Chatham, Harnett, Lee, Orange",North Carolina,12/30/2023,9.84
2023-2024,204,"Spalding (Griffin), GA - Butts, GA","Butts, Spalding",Georgia,12/30/2023,11.28
2023-2024,205,"Moore, NC - Richmond, NC","Hoke, Montgomery, Moore, Richmond",North Carolina,12/23/2023,18.28
2023-2024,206,"Laurens, GA - Toombs, GA","Dodge, Johnson, Laurens, Montgomery, Telfair, Toombs, Treutlen, Wheeler",Georgia,12/30/2023,12.85
2023-2024,207,"Robeson, NC - Columbus, NC","Bladen, Columbus, Robeson, Scotland",North Carolina,12/30/2023,12.05
2023-2024,208,"Maury, TN - Giles, TN","Giles, Lewis, Marshall, Maury",Tennessee,1/6/2024,8.27
2023-2024,209,"Jackson, NC - Macon, NC","Graham, Jackson, Macon, Swain",North Carolina,12/30/2023,14.58
2023-2024,21,"Ontario (Geneva), NY - Wayne, NY","Ontario, Seneca, Wayne, Yates",New York,12/30/2023,4.86
2023-2024,211,"Rutherford (Murfreesboro), TN - Warren, TN","Cannon, DeKalb, Rutherford, Van Buren, Warren",Tennessee,12/30/2023,6.15
2023-2024,212,"Charleston (Charleston), SC - Berkeley, SC","Berkeley, Charleston, Colleton, Dorchester, Hampton",South Carolina,12/30/2023,6.01
2023-2024,214,"Nash, NC - Halifax, NC","Edgecombe, Halifax, Nash, Northampton",North Carolina,12/30/2023,17.87
2023-2024,215,"Putnam, TN - White, TN","Clay, Jackson, Overton, Pickett, Putnam, White",Tennessee,12/30/2023,5.72
2023-2024,216,"Stephens, GA - Hart, GA","Franklin, Hart, Stephens",Georgia,12/23/2023,14.11
2023-2024,217,"Hamblen (Morristown), TN - Jefferson, TN","Grainger, Hamblen, Hancock, Jefferson",Tennessee,12/30/2023,7.16
2023-2024,218,"Gaston (Gastonia), NC - Cleveland, NC","Cleveland, Gaston, Lincoln, Rutherford",North Carolina,12/23/2023,18.12
2023-2024,22,"Middlesex, MA - Suffolk (Boston), MA","Barnstable, Dukes, Middlesex, Nantucket, Norfolk, Plymouth, Suffolk",Massachusetts,12/30/2023,3.96
2023-2024,220,"Jasper, GA",Jasper,Georgia,12/30/2023,15.96
2023-2024,222,"Bulloch, GA - Emanuel, GA","Bulloch, Candler, Emanuel, Screven",Georgia,12/30/2023,9.92
2023-2024,223,"Cumberland, TN - Fentress, TN","Bledsoe, Cumberland, Fentress",Tennessee,1/6/2024,4.67
2023-2024,225,"Buncombe (Asheville), NC - Henderson, NC","Buncombe, Haywood, Henderson, Madison, Transylvania",North Carolina,12/30/2023,9.41
2023-2024,226,"Anderson (Oak Ridge), TN - Roane, TN","Anderson, Campbell, Morgan, Rhea, Roane",Tennessee,12/30/2023,5.88
2023-2024,228,"Decatur, GA - Seminole, GA","Decatur, Miller, Seminole",Georgia,12/16/2023,3.28
2023-2024,229,"Catawba (Hickory), NC - Burke, NC","Burke, Caldwell, Catawba",North Carolina,12/30/2023,17.17
2023-2024,23,"Camden (Camden), NJ - Burlington, NJ","Burlington, Camden, Gloucester, Salem",New Jersey,12/30/2023,4.69
2023-2024,230,"Wayne, GA - Appling, GA","Appling, Wayne",Georgia,11/18/2023,10.33
2023-2024,231,"Sumner (Hendersonville), TN - Wilson, TN","Macon, Smith, Sumner, Trousdale, Wilson",Tennessee,12/30/2023,7.85
2023-2024,232,"Lawrence, TN - Wayne, TN","Lawrence, Perry, Wayne",Tennessee,12/30/2023,8.32
2023-2024,234,"Montgomery (Clarksville), TN - Stewart, TN","Houston, Montgomery, Stewart",Tennessee,1/6/2024,3.29
2023-2024,235,"Cabarrus (Concord), NC - Rowan, NC","Cabarrus, Rowan, Stanly",North Carolina,12/23/2023,15.86
2023-2024,238,"Wayne, NC - Lenoir, NC","Duplin, Greene, Lenoir, Wayne",North Carolina,12/23/2023,16.43
2023-2024,239,"Coffee, TN - Franklin, TN","Coffee, Franklin, Grundy, Moore",Tennessee,1/6/2024,8.51
2023-2024,240,"Yancey, NC - Avery, NC","Avery, Mitchell, Yancey",North Carolina,12/30/2023,9.55
2023-2024,242,"Onslow, NC - Craven, NC","Carteret, Craven, Jones, Onslow, Pamlico",North Carolina,12/30/2023,9.82
2023-2024,243,"Hertford, NC - Bertie, NC","Bertie, Chowan, Gates, Hertford",North Carolina,12/23/2023,13.47
2023-2024,244,"York (Rock Hill), SC - Chester, SC","Chester, York",South Carolina,12/30/2023,18.37
2023-2024,245,"Hardin, TN - McNairy, TN","Hardin, McNairy",Tennessee,1/6/2024,4.73
2023-2024,246,"Horry, SC - Georgetown, SC","Georgetown, Horry",South Carolina,12/23/2023,8.81
2023-2024,248,"Dyer, TN - Lauderdale, TN","Dyer, Lake, Lauderdale",Tennessee,12/30/2023,10.04
2023-2024,249,"Lancaster, SC - Kershaw, SC","Kershaw, Lancaster",South Carolina,12/30/2023,9.11
2023-2024,25,"Frederick, VA - Shenandoah, VA","Clarke, Frederick, Shenandoah, Warren, Winchester City",Virginia,12/30/2023,9.89
2023-2024,252,"Greene, TN - Cocke, TN","Cocke, Greene",Tennessee,12/30/2023,7.78
2023-2024,256,"Wilkes, NC",Wilkes,North Carolina,12/30/2023,16.85
2023-2024,258,"Cherokee, NC - Clay, NC","Cherokee, Clay",North Carolina,12/30/2023,5.33
2023-2024,260,"Bedford, TN",Bedford,Tennessee,2/24/2024,8.45
2023-2024,261,"McDowell, NC",McDowell,North Carolina,12/30/2023,4.96
2023-2024,262,"Cumberland (Fayetteville), NC - Sampson, NC","Cumberland, Sampson",North Carolina,12/23/2023,15.11
2023-2024,263,"Scott, TN",Scott,Tennessee,3/30/2024,2.87
2023-2024,264,"Pasquotank, NC - Dare, NC","Camden, Dare, Pasquotank, Perquimans",North Carolina,12/30/2023,4.94
2023-2024,267,"Alamance, NC",Alamance,North Carolina,12/30/2023,17.86
2023-2024,269,"Upson, GA - Lamar, GA","Lamar, Pike, Upson",Georgia,12/23/2023,18.7
2023-2024,27,"Boyle, KY - Lincoln, KY","Boyle, Casey, Garrard, Lincoln, Mercer",Kentucky,1/13/2024,5.41
2023-2024,271,"Grand Traverse, MI - Manistee, MI","Antrim, Benzie, Grand Traverse, Kalkaska, Leelanau, Manistee",Michigan,3/2/2024,4.56
2023-2024,272,"Jefferson (Louisville), KY - Bullitt, KY","Bullitt, Henry, Jefferson, Marion, Nelson, Oldham, Shelby, Spencer, Washington",Kentucky,2/17/2024,6.39
2023-2024,273,"Wabash, IL",Wabash,Illinois,2/10/2024,5.26
2023-2024,274,"Wayne (Detroit), MI - Oakland, MI","Macomb, Oakland, Wayne",Michigan,2/24/2024,5.56
2023-2024,275,"Marion (Indianapolis), IN - Johnson, IN","Hendricks, Johnson, Marion, Morgan, Putnam, Rush, Shelby",Indiana,2/10/2024,4.74
2023-2024,277,"Peoria (Peoria), IL - Tazewell, IL","Fulton, Marshall, Mason, Peoria, Tazewell",Illinois,3/2/2024,4.89
2023-2024,278,"Brown (Green Bay), WI - Oconto, WI","Brown, Door, Kewaunee, Oconto",Wisconsin,3/16/2024,3.76
2023-2024,279,"Champaign (Champaign), IL - Coles, IL","Champaign, Coles, Cumberland, Douglas, Ford",Illinois,2/17/2024,2.6
2023-2024,280,"Milwaukee (Milwaukee), WI - Waukesha, WI","Milwaukee, Ozaukee, Washington, Waukesha",Wisconsin,12/30/2023,5
2023-2024,282,"Marathon (Wausau), WI - Wood, WI","Clark, Lincoln, Marathon, Taylor, Wood",Wisconsin,2/17/2024,5.85
2023-2024,284,"Gogebic, MI - Ontonagon, MI","Gogebic, Ontonagon",Michigan,1/27/2024,5.49
2023-2024,285,"Ingham (Lansing), MI - Eaton, MI","Clinton, Eaton, Ingham, Shiawassee",Michigan,3/2/2024,3.3
2023-2024,286,"Ramsey (St. Paul), MN - Dakota, MN","Chisago, Dakota, Ramsey, Washington",Minnesota,2/10/2024,3.91
2023-2024,287,"Cook (Chicago), IL - DuPage, IL","Cook, DuPage, Lake, McHenry",Illinois,12/30/2023,5.44
2023-2024,289,"St. Louis (Duluth), MN - Itasca, MN","Carlton, Cook, Itasca, Koochiching, Lake, Pine, St. Louis",Minnesota,3/2/2024,4.76
2023-2024,29,"Warren, KY - Logan, KY","Allen, Butler, Edmonson, Logan, Simpson, Warren",Kentucky,12/30/2023,9.69
2023-2024,291,"Winnebago (Rockford), IL - Ogle, IL","Boone, Lee, Ogle, Winnebago",Illinois,12/30/2023,6.66
2023-2024,293,"Marquette, MI - Delta, MI","Alger, Delta, Luce, Marquette, Schoolcraft",Michigan,3/2/2024,4.15
2023-2024,294,"Chippewa, MI - Emmet, MI","Charlevoix, Cheboygan, Chippewa, Emmet, Mackinac",Michigan,2/10/2024,6.27
2023-2024,296,"Muskegon (Muskegon), MI - Newaygo, MI","Mason, Muskegon, Newaygo, Oceana",Michigan,2/24/2024,5.86
2023-2024,297,"St. Clair (Port Huron), MI - Sanilac, MI","Sanilac, St. Clair",Michigan,3/2/2024,7.22
2023-2024,298,"Eau Claire (Eau Claire), WI - Chippewa, WI","Buffalo, Chippewa, Dunn, Eau Claire, Pepin",Wisconsin,2/10/2024,4.91
2023-2024,299,"Madison (Alton), IL - Jersey, IL","Bond, Calhoun, Jersey, Madison",Illinois,2/24/2024,5.37
2023-2024,3,"Sussex, DE - Kent, DE","Kent, Sussex",Delaware,12/30/2023,6.52
2023-2024,30,"Alleghany Cnty & Clifton Forge Cty, VA - Covington City, VA","Alleghany Cnty and Clifton Forge Cty, Bath, Covington City",Virginia,12/30/2023,15.08
2023-2024,300,"Tippecanoe (Lafayette), IN - Clinton, IN","Benton, Carroll, Clinton, Tippecanoe, White",Indiana,2/10/2024,6.84
2023-2024,301,"Dane (Madison), WI - Sauk, WI","Columbia, Dane, Grant, Iowa, Marquette, Richland, Sauk",Wisconsin,12/23/2023,3.07
2023-2024,302,"Stephenson, IL - Jo Daviess, IL","Jo Daviess, Stephenson",Illinois,1/27/2024,6.76
2023-2024,303,"Will (Joliet), IL - Grundy, IL","Grundy, Will",Illinois,12/30/2023,5.61
2023-2024,304,"Allen (Fort Wayne), IN - Noble, IN","Allen, De Kalb, LaGrange, Noble, Steuben, Whitley",Indiana,3/2/2024,4.91
2023-2024,305,"Macon (Decatur), IL - Shelby, IL","Macon, Moultrie, Piatt, Shelby",Illinois,12/9/2023,4.95
2023-2024,306,"Winnebago (Oshkosh), WI - Fond du Lac, WI","Dodge, Fond du Lac, Green Lake, Waushara, Winnebago",Wisconsin,3/2/2024,4.79
2023-2024,307,"Rock Island (Moline), IL - Henry, IL","Henry, Mercer, Rock Island, Stark",Illinois,3/2/2024,6.21
2023-2024,308,"Lake (Gary), IN - Porter, IN","Jasper, Lake, Newton, Porter",Indiana,12/30/2023,7.58
2023-2024,309,"Kent (Grand Rapids), MI - Ionia, MI","Gratiot, Ionia, Kent, Mecosta, Montcalm",Michigan,2/24/2024,4.54
2023-2024,31,"Monongalia, WV - Marion, WV","Marion, Monongalia, Preston, Taylor",West Virginia,12/30/2023,6.57
2023-2024,310,"Crawford, IL - Lawrence, IL","Crawford, Lawrence",Illinois,2/24/2024,9.67
2023-2024,312,"St. Joseph (South Bend), IN - Marshall, IN","Fulton, Marshall, Pulaski, St. Joseph",Indiana,2/24/2024,6
2023-2024,313,"Bartholomew, IN - Jackson, IN","Bartholomew, Decatur, Jackson, Jennings",Indiana,12/30/2023,7.72
2023-2024,314,"Washburn, WI - Burnett, WI","Burnett, Washburn",Wisconsin,12/30/2023,8.55
2023-2024,315,"Dickinson, MI - Menominee, MI","Dickinson, Iron, Menominee",Michigan,2/10/2024,8.92
2023-2024,316,"Perry, IN",Perry,Indiana,2/10/2024,6.29
2023-2024,317,"Wexford, MI - Osceola, MI","Lake, Missaukee, Osceola, Wexford",Michigan,2/24/2024,8.63
2023-2024,318,"Sangamon (Springfield), IL - Christian, IL","Brown, Cass, Christian, Logan, McDonough, Menard, Sangamon, Schuyler",Illinois,3/2/2024,3.59
2023-2024,319,"Morgan, IL - Greene, IL","Greene, Morgan, Scott",Illinois,2/17/2024,5.11
2023-2024,32,"Hampden (Springfield), MA - Hampshire, MA","Hampden, Hampshire",Massachusetts,12/30/2023,5.7
2023-2024,320,"Ottawa (Holland), MI - Allegan, MI","Allegan, Ottawa",Michigan,2/24/2024,6.78
2023-2024,321,"Dearborn, IN - Jefferson (Madison), IN","Dearborn, Jefferson, Ohio, Ripley, Switzerland",Indiana,2/17/2024,5.74
2023-2024,322,"Saginaw (Saginaw), MI - Tuscola, MI","Huron, Saginaw, Tuscola",Michigan,3/2/2024,7.43
2023-2024,323,"Delaware (Muncie), IN - Randolph, IN","Blackford, Delaware, Randolph",Indiana,2/24/2024,12.36
2023-2024,324,"Knox, IL - Warren, IL","Knox, Warren",Illinois,3/2/2024,4.46
2023-2024,325,"St. Clair (Belleville), IL - Clinton, IL","Clinton, Monroe, Randolph, St. Clair",Illinois,2/17/2024,4.28
2023-2024,326,"Rock (Janesville), WI - Green, WI","Green, Lafayette, Rock",Wisconsin,2/24/2024,4.54
2023-2024,327,"Berrien (Benton Harbor), MI - Van Buren, MI","Berrien, Cass, Van Buren",Michigan,2/24/2024,3.69
2023-2024,328,"Genesee (Flint), MI - Lapeer, MI","Genesee, Lapeer",Michigan,3/2/2024,5.69
2023-2024,33,"Henrico (Richmond), VA - Chesterfield, VA","Amelia, Charles City, Charlotte, Chesterfield, Colonial Heights City, Cumberland, Essex, Goochland, Hanover, Henrico, King William, King and Queen, Lancaster, Middlesex, New Kent, Northumberland, Nottoway, Powhatan, Prince Edward, Richmond, Richmond City, Westmoreland",Virginia,12/30/2023,6.11
2023-2024,330,"Midland (Midland), MI - Isabella, MI","Clare, Gladwin, Isabella, Midland",Michigan,3/2/2024,6.49
2023-2024,331,"Williamson, IL - Jackson, IL","Franklin, Jackson, Perry, Williamson",Illinois,12/30/2023,4.7
2023-2024,332,"Huntington, IN - Adams, IN","Adams, Huntington, Jay, Wells",Indiana,2/24/2024,4.27
2023-2024,333,"Vermilion, IL - Edgar, IL","Edgar, Vermilion",Illinois,3/9/2024,4.72
2023-2024,334,"Macoupin, IL - Montgomery, IL","Macoupin, Montgomery",Illinois,2/24/2024,4.02
2023-2024,335,"Jefferson, IL - Wayne, IL","Jefferson, Wayne",Illinois,2/17/2024,3.71
2023-2024,336,"La Salle, IL - Livingston, IL","Bureau, La Salle, Livingston, Putnam",Illinois,12/30/2023,5.14
2023-2024,338,"McLean (Bloomington), IL - Woodford, IL","De Witt, McLean, Woodford",Illinois,12/30/2023,4.44
2023-2024,339,"Floyd (New Albany), IN - Harrison, IN","Crawford, Floyd, Harrison, Washington",Indiana,2/3/2024,6.59
2023-2024,341,"Monroe (Bloomington), IN - Greene, IN","Brown, Greene, Monroe, Owen",Indiana,2/17/2024,3.13
2023-2024,342,"Bay (Bay City), MI - Iosco, MI","Arenac, Bay, Iosco, Ogemaw, Oscoda",Michigan,3/2/2024,5.65
2023-2024,343,"Kankakee (Kankakee), IL - Iroquois, IL","Iroquois, Kankakee",Illinois,12/30/2023,6.55
2023-2024,344,"Outagamie (Appleton), WI - Waupaca, WI","Outagamie, Waupaca",Wisconsin,2/24/2024,5.12
2023-2024,348,"Kalamazoo (Kalamazoo), MI - St. Joseph, MI","Kalamazoo, St. Joseph",Michigan,2/17/2024,4.79
2023-2024,349,"Elkhart (Elkhart), IN - Kosciusko, IN","Elkhart, Kosciusko",Indiana,2/24/2024,5.96
2023-2024,35,"Cattaraugus, NY - Allegany, NY","Allegany, Cattaraugus",New York,12/30/2023,5.68
2023-2024,350,"Clayton, IA - Delaware, IA","Clayton, Delaware",Iowa,3/2/2024,7.3
2023-2024,351,"Richland, IL - Clay, IL","Clay, Edwards, Jasper, Richland",Illinois,1/27/2024,5.98
2023-2024,353,"Adams, IL - Pike, IL","Adams, Pike",Illinois,3/9/2024,4.09
2023-2024,355,"Sheboygan (Sheboygan), WI - Manitowoc, WI","Calumet, Manitowoc, Sheboygan",Wisconsin,3/16/2024,2.45
2023-2024,357,"Ashland, WI - Sawyer, WI","Ashland, Bayfield, Price, Sawyer",Wisconsin,2/3/2024,7.18
2023-2024,358,"Marion, IL - Washington, IL","Marion, Washington",Illinois,2/10/2024,4.43
2023-2024,359,"Houghton, MI - Baraga, MI","Baraga, Houghton, Keweenaw",Michigan,2/24/2024,3.22
2023-2024,36,"Bergen, NJ - Hudson (Jersey City), NJ","Bergen, Hudson, Passaic",New Jersey,12/30/2023,6.01
2023-2024,361,"Whiteside, IL - Carroll, IL","Carroll, Whiteside",Illinois,12/30/2023,7.44
2023-2024,362,"Hancock, IN - Henry (New Castle), IN","Hancock, Henry",Indiana,2/17/2024,6.07
2023-2024,363,"Effingham, IL - Fayette, IL","Effingham, Fayette",Illinois,2/10/2024,6.66
2023-2024,364,"Howard (Kokomo), IN - Cass, IN","Cass, Howard, Tipton",Indiana,2/10/2024,6.55
2023-2024,365,"Clark (Jeffersonville), IN - Scott, IN","Clark, Scott",Indiana,1/13/2024,4
2023-2024,367,"Hancock, IL",Hancock,Illinois,3/2/2024,5.17
2023-2024,37,"Pulaski, KY - Wayne, KY","McCreary, Pulaski, Wayne",Kentucky,1/13/2024,5.55
2023-2024,370,"Goodhue, MN",Goodhue,Minnesota,1/13/2024,5.54
2023-2024,373,"Kane (Aurora), IL - DeKalb, IL","DeKalb, Kane, Kendall",Illinois,12/30/2023,6.23
2023-2024,374,"Barron, WI - Rusk, WI","Barron, Rusk",Wisconsin,1/27/2024,9.43
2023-2024,375,"Jackson (Jackson), MI - Lenawee, MI","Branch, Hillsdale, Jackson, Lenawee",Michigan,3/2/2024,8.63
2023-2024,378,"La Porte, IN - Starke, IN","La Porte, Starke",Indiana,3/9/2024,7.04
2023-2024,379,"Shawano, WI - Langlade, WI","Langlade, Menominee, Shawano",Wisconsin,2/17/2024,3.8
2023-2024,38,"Kennebec, ME - Somerset, ME","Kennebec, Somerset, Waldo",Maine,2/10/2024,5.14
2023-2024,381,"Calhoun (Battle Creek), MI - Barry, MI","Barry, Calhoun",Michigan,3/2/2024,7.89
2023-2024,382,"Racine (Racine), WI - Kenosha, WI","Kenosha, Racine",Wisconsin,12/30/2023,5.33
2023-2024,383,"White, IL - Hamilton, IL","Hamilton, White",Illinois,2/17/2024,7.34
2023-2024,384,"Saline, IL - Gallatin, IL","Gallatin, Hardin, Pope, Saline",Illinois,12/30/2023,7.99
2023-2024,385,"Wayne, IN - Fayette, IN","Fayette, Union, Wayne",Indiana,3/2/2024,4.26
2023-2024,387,"Walworth, WI - Jefferson, WI","Jefferson, Walworth",Wisconsin,12/30/2023,5.66
2023-2024,389,"Grant, IN - Miami, IN","Grant, Miami, Wabash",Indiana,12/30/2023,7.72
2023-2024,39,"Tazewell, VA - Buchanan, VA","Bland, Buchanan, Tazewell",Virginia,3/2/2024,7.66
2023-2024,390,"Hamilton, IN - Madison (Anderson), IN","Hamilton, Madison",Indiana,2/10/2024,6.47
2023-2024,391,"Juneau, WI - Adams, WI","Adams, Juneau",Wisconsin,3/2/2024,2.93
2023-2024,392,"Roscommon, MI - Otsego, MI","Crawford, Otsego, Roscommon",Michigan,3/16/2024,4.24
2023-2024,394,"Dubois, IN",Dubois,Indiana,2/10/2024,9.48
2023-2024,395,"Winneshiek, IA",Winneshiek,Iowa,2/10/2024,6.9
2023-2024,396,"Rice, MN",Rice,Minnesota,3/2/2024,8.36
2023-2024,399,"Jackson, WI",Jackson,Wisconsin,1/13/2024,4.97
2023-2024,4,"Hartford (Hartford), CT - Tolland, CT","Hartford, Tolland, Windham",Connecticut,2/24/2024,2.73
2023-2024,40,"Henderson (Henderson), KY - Union, KY","Henderson, Union",Kentucky,2/24/2024,6.66
2023-2024,400,"Portage, WI",Portage,Wisconsin,2/24/2024,4.37
2023-2024,401,"Boone, IN",Boone,Indiana,2/10/2024,9.05
2023-2024,402,"Montgomery, IN",Montgomery,Indiana,2/10/2024,6.07
2023-2024,403,"Orleans (New Orleans), LA - Jefferson, LA","Jefferson, Orleans, Plaquemines, St. Bernard, St. Charles, St. James, St. John the Baptist",Louisiana,12/23/2023,11.19
2023-2024,405,"Potter (Amarillo), TX - Randall, TX","Armstrong, Briscoe, Carson, Dallam, Donley, Hansford, Hartley, Hutchinson, Moore, Ochiltree, Oldham, Potter, Randall, Sherman, Swisher",Texas,2/10/2024,15.37
2023-2024,406,"Lubbock (Lubbock), TX - Hockley, TX","Bailey, Borden, Cochran, Crosby, Dawson, Dickens, Garza, Hockley, King, Lamb, Lubbock, Lynn, Motley",Texas,12/30/2023,7.34
2023-2024,408,"Harris (Houston), TX - Fort Bend, TX","Austin, Chambers, Fort Bend, Harris, Liberty, Montgomery, San Jacinto, Waller",Texas,12/23/2023,6.6
2023-2024,409,"Forrest, MS - Lamar, MS","Covington, Forrest, Greene, Lamar, Perry",Mississippi,12/23/2023,11.4
2023-2024,41,"Westchester (Yonkers), NY - Dutchess, NY","Dutchess, Putnam, Ulster, Westchester",New York,12/30/2023,6.02
2023-2024,410,"Bexar (San Antonio), TX - Guadalupe, TX","Atascosa, Bandera, Bexar, Frio, Gonzales, Guadalupe, Kendall, La Salle, McMullen, Medina, Wilson, Zavala",Texas,2/3/2024,7.97
2023-2024,411,"Hinds (Jackson), MS - Rankin, MS","Attala, Hinds, Holmes, Leake, Madison, Rankin, Scott, Simpson",Mississippi,12/30/2023,7.91
2023-2024,413,"Jefferson (Beaumont), TX - Orange, TX","Hardin, Jasper, Jefferson, Newton, Orange, Tyler",Texas,12/23/2023,7.96
2023-2024,414,"Tulsa (Tulsa), OK - Rogers, OK","Craig, Creek, Mayes, Ottawa, Rogers, Tulsa",Oklahoma,12/30/2023,4.38
2023-2024,415,"El Paso (El Paso), TX - Hudspeth, TX","Culberson, El Paso, Hudspeth, Loving",Texas,12/23/2023,12.21
2023-2024,416,"Caddo (Shreveport), LA - Bossier, LA","Bossier, Caddo, De Soto, Natchitoches, Red River, Sabine, Webster",Louisiana,12/30/2023,11.51
2023-2024,417,"Oklahoma (Oklahoma City), OK - Canadian, OK","Canadian, Lincoln, Logan, Oklahoma, Pottawatomie",Oklahoma,2/10/2024,4.65
2023-2024,418,"Lee, MS - Monroe, MS","Chickasaw, Itawamba, Lee, Monroe, Prentiss",Mississippi,12/30/2023,7.81
2023-2024,419,"East Baton Rouge (Baton Rouge), LA - Livingston, LA","Ascension, East Baton Rouge, East Feliciana, Iberville, Livingston, Pointe Coupee, West Baton Rouge, West Feliciana",Louisiana,12/23/2023,6.73
2023-2024,420,"Wichita (Wichita Falls), TX - Montague, TX","Archer, Baylor, Clay, Knox, Montague, Throckmorton, Wichita, Young",Texas,2/3/2024,10.32
2023-2024,422,"Coahoma, MS - Tallahatchie, MS","Coahoma, Quitman, Tallahatchie",Mississippi,12/23/2023,14.16
2023-2024,423,"Tangipahoa, LA - St. Helena, LA","St. Helena, Tangipahoa",Louisiana,12/23/2023,12.15
2023-2024,424,"Lafayette (Lafayette), LA - Iberia, LA","Acadia, Iberia, Lafayette, St. Martin, Vermilion",Louisiana,12/23/2023,10.21
2023-2024,425,"Travis (Austin), TX - Williamson, TX","Bastrop, Burnet, Lee, Llano, Travis, Williamson",Texas,2/3/2024,5.72
2023-2024,426,"Tom Green (San Angelo), TX - Runnels, TX","Coke, Concho, Crockett, Irion, McCulloch, Menard, Reagan, Runnels, Schleicher, Sterling, Sutton, Tom Green",Texas,2/10/2024,5.69
2023-2024,427,"Hidalgo (Mcallen), TX - Starr, TX","Hidalgo, Starr",Texas,11/18/2023,9.24
2023-2024,428,"Taylor (Abilene), TX - Jones, TX","Callahan, Eastland, Haskell, Jones, Kent, Shackelford, Stephens, Stonewall, Taylor",Texas,2/3/2024,8.16
2023-2024,429,"Garfield (Enid), OK - Kingfisher, OK","Alfalfa, Blaine, Garfield, Grant, Kingfisher, Major, Woods",Oklahoma,2/10/2024,5.41
2023-2024,430,"Cleveland (Norman), OK - McClain, OK","Cleveland, Garvin, McClain, Murray",Oklahoma,2/10/2024,6.75
2023-2024,433,"Victoria (Victoria), TX - Calhoun, TX","Calhoun, DeWitt, Goliad, Jackson, Lavaca, Refugio, Victoria",Texas,11/18/2023,7.35
2023-2024,434,"Tarrant (Fort Worth), TX - Johnson, TX","Hood, Johnson, Parker, Somervell, Tarrant",Texas,2/3/2024,14.07
2023-2024,435,"Concordia, LA - Tensas, LA","Concordia, Tensas",Louisiana,12/30/2023,8.38
2023-2024,437,"Nueces (Corpus Christi), TX - San Patricio, TX","Aransas, Brooks, Duval, Jim Wells, Kenedy, Kleberg, Live Oak, Nueces, San Patricio",Texas,12/30/2023,4.27
2023-2024,439,"Lincoln, LA - Union, LA","Bienville, Jackson, Lincoln, Union",Louisiana,12/30/2023,13.03
2023-2024,441,"Smith (Tyler), TX - Henderson, TX","Henderson, Smith, Van Zandt, Wood",Texas,2/3/2024,8.89
2023-2024,443,"Ouachita (Monroe), LA - Morehouse, LA","Caldwell, East Carroll, Franklin, Morehouse, Ouachita, Richland, West Carroll",Louisiana,12/30/2023,10.79
2023-2024,444,"Ector (Odessa), TX - Reeves, TX","Crane, Ector, Reeves, Ward, Winkler",Texas,1/6/2024,5.15
2023-2024,447,"Nacogdoches, TX - Shelby, TX","Nacogdoches, Sabine, San Augustine, Shelby",Texas,12/30/2023,20.78
2023-2024,449,"Angelina, TX - Walker, TX","Angelina, Polk, Trinity, Walker",Texas,12/23/2023,15.1
2023-2024,45,"Christian (Hopkinsville), KY - Hopkins, KY","Caldwell, Christian, Hopkins, Muhlenberg, Todd, Trigg, Webster",Kentucky,1/6/2024,4.46
2023-2024,450,"Rapides (Alexandria), LA - Avoyelles, LA","Allen, Avoyelles, Catahoula, Grant, La Salle, Rapides",Louisiana,12/23/2023,8.39
2023-2024,451,"Montgomery, KS - Chautauqua, KS","Chautauqua, Elk, Montgomery",Kansas,2/10/2024,5.12
2023-2024,452,"Bell (Killeen), TX - Coryell, TX","Bell, Coryell, Lampasas, Milam",Texas,12/30/2023,4.89
2023-2024,453,"Dallas (Dallas), TX - Collin, TX","Collin, Dallas, Ellis, Hopkins, Hunt, Kaufman, Rains, Rockwall",Texas,2/3/2024,7.64
2023-2024,454,"Gregg (Longview), TX - Rusk, TX","Gregg, Panola, Rusk, Upshur",Texas,12/30/2023,10.49
2023-2024,455,"Jones, MS - Wayne, MS","Jasper, Jones, Smith, Wayne",Mississippi,12/30/2023,9.67
2023-2024,456,"Harrison (Biloxi), MS - Hancock, MS","Hancock, Harrison, Stone",Mississippi,12/30/2023,7.42
2023-2024,458,"Wilbarger, TX - Hardeman, TX","Foard, Hardeman, Wilbarger",Texas,1/27/2024,20.92
2023-2024,459,"Lafayette, MS - Calhoun, MS","Calhoun, Lafayette, Yalobusha",Mississippi,12/30/2023,13.23
2023-2024,46,"Boyd, KY - Greenup, KY","Boyd, Carter, Greenup, Lawrence, Martin",Kentucky,1/6/2024,3.25
2023-2024,460,"Gray, TX - Wheeler, TX","Gray, Hemphill, Roberts, Wheeler",Texas,2/3/2024,6.87
2023-2024,462,"McLennan (Waco), TX - Hill, TX","Bosque, Falls, Hamilton, Hill, Limestone, McLennan",Texas,12/30/2023,6.02
2023-2024,463,"St. Landry, LA - Evangeline, LA","Evangeline, St. Landry",Louisiana,12/30/2023,12.92
2023-2024,464,"Brazos (Bryan), TX - Washington, TX","Brazos, Burleson, Grimes, Robertson, Washington",Texas,12/23/2023,5.99
2023-2024,465,"Titus, TX - Morris, TX","Camp, Franklin, Morris, Titus",Texas,12/30/2023,16.62
2023-2024,467,"Terrebonne (Houma), LA - Lafourche, LA","Assumption, Lafourche, Terrebonne",Louisiana,12/23/2023,11.99
2023-2024,470,"Calcasieu (Lake Charles), LA - Vernon, LA","Beauregard, Calcasieu, Cameron, Jefferson Davis, Vernon",Louisiana,12/23/2023,7.15
2023-2024,471,"Jackson (Pascagoula), MS - George, MS","George, Jackson",Mississippi,12/23/2023,10.34
2023-2024,474,"Carter, OK - Marshall, OK","Carter, Johnston, Love, Marshall",Oklahoma,1/27/2024,14.04
2023-2024,475,"Custer, OK - Washita, OK","Custer, Washita",Oklahoma,2/10/2024,4.03
2023-2024,477,"Pike, MS - Marion, MS","Amite, Marion, Pike, Walthall",Mississippi,11/18/2023,12.11
2023-2024,478,"Pontotoc, OK - Seminole, OK","Coal, Hughes, Pontotoc, Seminole",Oklahoma,1/20/2024,11.06
2023-2024,479,"Palo Pinto, TX - Jack, TX","Jack, Palo Pinto",Texas,2/3/2024,18.48
2023-2024,48,"Frederick, MD",Frederick,Maryland,12/30/2023,7.73
2023-2024,481,"Hale, TX - Castro, TX","Castro, Floyd, Hale",Texas,12/30/2023,8.43
2023-2024,482,"Pontotoc, MS - Union, MS","Pontotoc, Tippah, Union",Mississippi,12/30/2023,16.85
2023-2024,484,"Oktibbeha, MS - Winston, MS","Choctaw, Oktibbeha, Webster, Winston",Mississippi,12/30/2023,9.38
2023-2024,485,"Harrison (Marshall), TX - Cass, TX","Cass, Harrison, Marion",Texas,12/30/2023,9.01
2023-2024,487,"Bolivar, MS - Leflore, MS","Bolivar, Humphreys, Leflore, Sunflower",Mississippi,1/6/2024,6.7
2023-2024,488,"Washington, MS - Sharkey, MS","Issaquena, Sharkey, Washington",Mississippi,12/30/2023,20.63
2023-2024,489,"Navarro, TX - Freestone, TX","Freestone, Navarro",Texas,2/3/2024,10.9
2023-2024,49,"Chittenden (Burlington), VT - Franklin, VT","Addison, Chittenden, Franklin, Grand Isle",Vermont,3/2/2024,5.06
2023-2024,490,"Fayette, TX - Colorado, TX","Colorado, Fayette",Texas,7/1/2023,0.75
2023-2024,491,"Deaf Smith, TX - Parmer, TX","Deaf Smith, Parmer",Texas,2/10/2024,20.99
2023-2024,492,"Midland (Midland), TX - Pecos, TX","Martin, Midland, Pecos, Terrell, Upton",Texas,1/27/2024,11.49
2023-2024,495,"Denton (Denton), TX - Wise, TX","Cooke, Denton, Wise",Texas,2/3/2024,6.9
2023-2024,498,"Alcorn, MS - Tishomingo, MS","Alcorn, Tishomingo",Mississippi,12/30/2023,16.08
2023-2024,5,"Newport News City, VA - Hampton City, VA","Gloucester, Hampton City, James City, Mathews, Newport News City, Poquoson City, Williamsburg City, York",Virginia,12/30/2023,4.12
2023-2024,50,"Randolph, WV - Barbour, WV","Barbour, Pocahontas, Randolph, Tucker",West Virginia,2/24/2024,11.37
2023-2024,500,"St. Tammany (Slidell), LA - Washington, LA","St. Tammany, Washington",Louisiana,12/23/2023,10.15
2023-2024,501,"Leon, TX - Madison, TX","Leon, Madison",Texas,12/30/2023,13.54
2023-2024,502,"Grenada, MS - Montgomery, MS","Carroll, Grenada, Montgomery",Mississippi,1/27/2024,8.59
2023-2024,503,"Nolan, TX - Mitchell, TX","Fisher, Mitchell, Nolan",Texas,2/24/2024,5.62
2023-2024,504,"Jefferson Davis, MS - Lawrence, MS","Jefferson Davis, Lawrence",Mississippi,12/23/2023,13.82
2023-2024,505,"Brazoria (Lake Jackson), TX - Wharton, TX","Brazoria, Matagorda, Wharton",Texas,11/25/2023,9.22
2023-2024,506,"Kerr, TX - Gillespie, TX","Blanco, Edwards, Gillespie, Kerr, Kimble, Mason, Real",Texas,12/30/2023,5.05
2023-2024,507,"Erath, TX - Comanche, TX","Comanche, Erath",Texas,2/3/2024,22.42
2023-2024,508,"Lea, NM",Lea,New Mexico,12/30/2023,15.12
2023-2024,509,"Anderson, TX - Cherokee, TX","Anderson, Cherokee, Houston",Texas,12/30/2023,11.81
2023-2024,51,"Laurel, KY - Whitley, KY","Clay, Knox, Laurel, Whitley",Kentucky,12/30/2023,8.45
2023-2024,510,"Hays (San Marcos), TX - Caldwell, TX","Caldwell, Hays",Texas,12/30/2023,5.58
2023-2024,511,"Lincoln, MS - Copiah, MS","Copiah, Lincoln",Mississippi,12/30/2023,6.31
2023-2024,512,"Childress, TX - Hall, TX","Childress, Cottle, Hall",Texas,1/6/2024,8.47
2023-2024,513,"Bee, TX - Karnes, TX","Bee, Karnes",Texas,12/23/2023,10.27
2023-2024,516,"Maverick, TX - Val Verde, TX","Kinney, Maverick, Val Verde",Texas,12/30/2023,9.08
2023-2024,517,"Comal, TX",Comal,Texas,2/3/2024,5.91
2023-2024,518,"Howard, TX - Glasscock, TX","Glasscock, Howard",Texas,1/6/2024,8.14
2023-2024,520,"Cameron (Brownsville), TX - Willacy, TX","Cameron, Willacy",Texas,11/25/2023,7.68
2023-2024,523,"Claiborne, LA",Claiborne,Louisiana,12/30/2023,22.27
2023-2024,525,"Wilkinson, MS",Wilkinson,Mississippi,12/23/2023,13.39
2023-2024,526,"Brewster, TX - Presidio, TX","Brewster, Jeff Davis, Presidio",Texas,1/6/2024,3.67
2023-2024,528,"St. Mary, LA",St. Mary,Louisiana,12/23/2023,10.2
2023-2024,53,"Barren, KY - Hart, KY","Barren, Hart, Metcalfe, Monroe",Kentucky,12/30/2023,9.92
2023-2024,530,"Winn, LA",Winn,Louisiana,12/16/2023,9.16
2023-2024,531,"Dimmit, TX",Dimmit,Texas,12/23/2023,16.1
2023-2024,532,"Galveston, TX",Galveston,Texas,12/23/2023,7.21
2023-2024,533,"Yazoo, MS",Yazoo,Mississippi,12/23/2023,20.06
2023-2024,536,"Uvalde, TX",Uvalde,Texas,1/6/2024,24.06
2023-2024,538,"Webb (Laredo), TX - Zapata, TX","Jim Hogg, Webb, Zapata",Texas,12/2/2023,9.08
2023-2024,54,"Erie (Buffalo), NY - Monroe, NY","Erie, Genesee, Livingston, Monroe, Niagara, Orleans, Wyoming",New York,12/23/2023,4.88
2023-2024,540,"Hennepin (Minneapolis), MN - Anoka, MN","Anoka, Carver, Hennepin, Le Sueur, McLeod, Scott, Sherburne, Sibley, Wright",Minnesota,2/17/2024,4.15
2023-2024,542,"Douglas (Omaha), NE - Sarpy, NE","Burt, Cass, Colfax, Cuming, Dodge, Douglas, Sarpy, Saunders, Washington",Nebraska,3/2/2024,3.83
2023-2024,545,"Linn (Cedar Rapids), IA - Johnson, IA","Benton, Cedar, Iowa, Johnson, Jones, Linn, Louisa, Washington",Iowa,2/24/2024,4.89
2023-2024,546,"Polk (Des Moines), IA - Dallas, IA","Adair, Clarke, Dallas, Decatur, Jasper, Madison, Marion, Polk, Ringgold, Union, Warren",Iowa,1/6/2024,4.14
2023-2024,547,"Clay, MN - Becker, MN","Becker, Clay, Mahnomen, Norman, Wilkin",Minnesota,2/24/2024,4.39
2023-2024,55,"Wise, VA - Lee, VA","Dickenson, Lee, Norton City, Wise",Virginia,12/30/2023,8.87
2023-2024,551,"Ford, KS - Gray, KS","Clark, Ford, Gray, Hodgeman, Meade",Kansas,2/24/2024,5.25
2023-2024,552,"Howard, IA",Howard,Iowa,1/27/2024,10.29
2023-2024,554,"Shawnee (Topeka), KS - Riley, KS","Brown, Jackson, Jefferson, Nemaha, Osage, Pottawatomie, Riley, Shawnee, Wabaunsee",Kansas,3/2/2024,4.92
2023-2024,555,"Hall, NE - Hamilton, NE","Greeley, Hall, Hamilton, Howard, Merrick",Nebraska,2/24/2024,7.28
2023-2024,556,"Cerro Gordo, IA - Kossuth, IA","Cerro Gordo, Franklin, Hancock, Kossuth, Winnebago, Worth",Iowa,2/24/2024,9.57
2023-2024,557,"Black Hawk (Waterloo), IA - Bremer, IA","Black Hawk, Bremer, Buchanan, Butler, Fayette, Grundy",Iowa,3/2/2024,5.92
2023-2024,56,"Onondaga (Syracuse), NY - Oswego, NY","Cayuga, Onondaga, Oswego",New York,12/30/2023,3.49
2023-2024,560,"Woodbury (Sioux City), IA - Plymouth, IA","Buena Vista, Cherokee, Ida, Monona, Plymouth, Woodbury",Iowa,3/16/2024,5.8
2023-2024,561,"Lancaster (Lincoln), NE - Gage, NE","Butler, Gage, Jefferson, Lancaster, Saline, Seward",Nebraska,3/2/2024,5.49
2023-2024,563,"Union, IL - Alexander, IL","Alexander, Pulaski, Union",Illinois,2/10/2024,7.28
2023-2024,564,"Adams, NE - Clay, NE","Adams, Clay, Nuckolls, Webster",Nebraska,3/2/2024,2.32
2023-2024,565,"Ellis, KS - Rooks, KS","Ellis, Gove, Graham, Logan, Rooks, Trego",Kansas,3/2/2024,4.69
2023-2024,567,"Lyon, KS - Coffey, KS","Chase, Coffey, Greenwood, Lyon",Kansas,2/24/2024,4.94
2023-2024,569,"Saline, KS - Ellsworth, KS","Ellsworth, Lincoln, Ottawa, Saline",Kansas,3/2/2024,0.98
2023-2024,570,"Buffalo, NE - Dawson, NE","Buffalo, Dawson, Franklin, Frontier, Gosper, Kearney, Sherman",Nebraska,2/10/2024,5.03
2023-2024,573,"Blue Earth, MN - Nicollet, MN","Blue Earth, Nicollet, Waseca, Watonwan",Minnesota,1/6/2024,3.43
2023-2024,575,"Finney, KS - Scott, KS","Finney, Hamilton, Haskell, Kearny, Lane, Scott",Kansas,1/13/2024,6.72
2023-2024,576,"Sedgwick (Wichita), KS - Butler, KS","Butler, Cowley, Harvey, Marion, Sedgwick, Sumner",Kansas,2/24/2024,2.75
2023-2024,577,"Madison, NE - Wayne, NE","Antelope, Madison, Pierce, Stanton, Wayne",Nebraska,2/17/2024,4.99
2023-2024,58,"Otsego, NY - Chenango, NY","Chenango, Delaware, Otsego, Schoharie",New York,2/17/2024,4.67
2023-2024,583,"Barton, KS - Pawnee, KS","Barton, Edwards, Pawnee, Rush",Kansas,2/10/2024,7.8
2023-2024,585,"Webster, IA - Humboldt, IA","Humboldt, Pocahontas, Webster",Iowa,12/30/2023,6.49
2023-2024,587,"Seward, KS - Morton, KS","Morton, Seward",Kansas,3/2/2024,7.91
2023-2024,588,"Stearns (St. Cloud), MN - Benton, MN","Benton, Meeker, Morrison, Stearns, Todd",Minnesota,2/24/2024,6.05
2023-2024,589,"Wapello, IA - Mahaska, IA","Jefferson, Keokuk, Mahaska, Monroe, Van Buren, Wapello",Iowa,12/16/2023,4.63
2023-2024,59,"Oneida (Utica), NY - Madison, NY","Herkimer, Madison, Oneida",New York,3/2/2024,3.62
2023-2024,592,"Kandiyohi, MN - Chippewa, MN","Chippewa, Kandiyohi, Lac qui Parle, Swift, Yellow Medicine",Minnesota,12/30/2023,9.09
2023-2024,593,"Lincoln, NE - Keith, NE","Arthur, Hooker, Keith, Lincoln, McPherson, Perkins",Nebraska,2/17/2024,1.38
2023-2024,596,"Pottawattamie (Council Bluffs), IA - Harrison, IA","Audubon, Cass, Harrison, Mills, Pottawattamie, Shelby",Iowa,3/9/2024,6.46
2023-2024,598,"Reno, KS - Rice, KS","Reno, Rice, Stafford",Kansas,2/3/2024,4.2
2023-2024,60,"Raleigh, WV - Fayette, WV","Fayette, Raleigh, Summers, Wyoming",West Virginia,3/2/2024,6.37
2023-2024,601,"Labette, KS - Neosho, KS","Allen, Labette, Neosho, Woodson",Kansas,2/3/2024,8.79
2023-2024,602,"Brown, MN - Renville, MN","Brown, Redwood, Renville",Minnesota,3/2/2024,8.8
2023-2024,603,"Isanti (Cambridge), MN - Mille Lacs, MN","Isanti, Kanabec, Mille Lacs",Minnesota,3/2/2024,7.66
2023-2024,606,"Story, IA - Boone, IA","Boone, Hamilton, Hardin, Story, Wright",Iowa,12/30/2023,3.93
2023-2024,608,"Douglas, MN - Pope, MN","Douglas, Pope, Stevens",Minnesota,2/10/2024,6.42
2023-2024,609,"Lyon, MN - Lincoln, MN","Lincoln, Lyon",Minnesota,1/13/2024,6.59
2023-2024,61,"District of Columbia, DC",District of Columbia,District of Columbia,12/30/2023,4.88
2023-2024,612,"Crow Wing, MN - Cass, MN","Aitkin, Cass, Crow Wing, Hubbard, Wadena",Minnesota,2/17/2024,7.12
2023-2024,618,"Pratt, KS - Kiowa, KS","Comanche, Kiowa, Pratt",Kansas,2/24/2024,1.69
2023-2024,62,"Madison, KY - Rockcastle, KY","Estill, Jackson, Madison, Rockcastle",Kentucky,2/17/2024,7
2023-2024,621,"Wyandotte (Kansas City), KS - Leavenworth, KS","Leavenworth, Wyandotte",Kansas,2/24/2024,3.08
2023-2024,624,"Johnson (Overland Park), KS - Douglas, KS","Anderson, Douglas, Franklin, Johnson, Miami",Kansas,3/2/2024,5.17
2023-2024,625,"Clay, IA - Dickinson, IA","Clay, Dickinson, Palo Alto",Iowa,3/9/2024,3.12
2023-2024,626,"Emmet, IA",Emmet,Iowa,3/16/2024,9.68
2023-2024,628,"Richardson, NE - Pawnee, NE","Pawnee, Richardson",Nebraska,3/9/2024,6.74
2023-2024,63,"Rockingham, VA - Harrisonburg City, VA","Harrisonburg City, Page, Rockingham",Virginia,12/30/2023,9.6
2023-2024,630,"Crawford, KS - Bourbon, KS","Bourbon, Crawford, Linn",Kansas,1/27/2024,5.74
2023-2024,631,"Roseau, MN - Lake of the Woods, MN","Lake of the Woods, Roseau",Minnesota,2/17/2024,5.18
2023-2024,633,"Carroll, IA - Sac, IA","Calhoun, Carroll, Sac",Iowa,2/17/2024,9.06
2023-2024,634,"Floyd, IA - Chickasaw, IA","Chickasaw, Floyd",Iowa,3/16/2024,0.56
2023-2024,637,"Phillips, KS - Norton, KS","Norton, Phillips, Smith",Kansas,2/10/2024,11.38
2023-2024,64,"Atlantic (Atlantic City), NJ - Cape May, NJ","Atlantic, Cape May",New Jersey,12/30/2023,8.82
2023-2024,641,"Scott (Davenport), IA - Muscatine, IA","Muscatine, Scott",Iowa,3/9/2024,6.21
2023-2024,644,"Page, IA - Fremont, IA","Fremont, Page, Taylor",Iowa,3/2/2024,7.35
2023-2024,646,"Freeborn, MN - Faribault, MN","Faribault, Freeborn",Minnesota,1/13/2024,10.66
2023-2024,647,"Montgomery, IA - Adams, IA","Adams, Montgomery",Iowa,3/16/2024,9.84
2023-2024,649,"Appanoose, IA - Davis, IA","Appanoose, Davis",Iowa,3/2/2024,6.37
2023-2024,65,"Steuben, NY - Chemung (Elmira), NY","Chemung, Schuyler, Steuben",New York,2/17/2024,3.27
2023-2024,650,"Geary, KS - Dickinson, KS","Dickinson, Geary, Morris",Kansas,3/2/2024,2.79
2023-2024,651,"Platte, NE - Boone, NE","Boone, Nance, Platte",Nebraska,3/2/2024,4.82
2023-2024,66,"Essex (Newark), NJ - Middlesex, NJ","Essex, Middlesex, Somerset, Union",New Jersey,12/30/2023,6.19
2023-2024,67,"Rowan, KY - Morgan, KY","Elliott, Menifee, Morgan, Rowan",Kentucky,1/27/2024,13.27
2023-2024,671,"Atchison, KS",Atchison,Kansas,3/9/2024,5.23
2023-2024,672,"Sioux, IA",Sioux,Iowa,3/9/2024,5.15
2023-2024,674,"McPherson, KS",McPherson,Kansas,1/27/2024,3.02
2023-2024,679,"Marshall, IA - Tama, IA","Marshall, Tama",Iowa,1/6/2024,9.88
2023-2024,68,"Bristol (New Bedford), MA",Bristol,Massachusetts,12/30/2023,4.49
2023-2024,686,"Poweshiek, IA",Poweshiek,Iowa,1/6/2024,5.84
2023-2024,688,"Denver (Denver), CO - Jefferson, CO","Adams, Arapahoe, Clear Creek, Denver, Douglas, Elbert, Gilpin, Grand, Jefferson, Park, Summit",Colorado,12/30/2023,4.78
2023-2024,689,"Multnomah (Portland), OR - Washington, OR","Clackamas, Clatsop, Columbia, Multnomah, Washington",Oregon,12/30/2023,2.43
2023-2024,69,"Fairfax, VA - Arlington, VA","Alexandria City, Arlington, Fairfax, Fairfax City, Falls Church City, Loudoun",Virginia,12/30/2023,7.66
2023-2024,691,"Yellowstone (Billings), MT - Big Horn, MT","Big Horn, Carbon, Golden Valley, Musselshell, Rosebud, Stillwater, Treasure, Yellowstone",Montana,1/6/2024,9.04
2023-2024,692,"Cascade (Great Falls), MT - Glacier, MT","Cascade, Chouteau, Glacier, Judith Basin, Pondera, Teton, Toole",Montana,12/30/2023,17.51
2023-2024,693,"Bernalillo (Albuquerque), NM - Sandoval, NM","Bernalillo, Cibola, Sandoval, Socorro, Torrance, Valencia",New Mexico,12/30/2023,8.55
2023-2024,694,"Nez Perce, ID - Idaho, ID","Clearwater, Idaho, Lewis, Nez Perce",Idaho,2/24/2024,3.33
2023-2024,695,"Twin Falls, ID - Jerome, ID","Gooding, Jerome, Lincoln, Twin Falls",Idaho,12/30/2023,6.53
2023-2024,696,"Bannock, ID - Bingham, ID","Bannock, Bingham, Caribou, Oneida, Power",Idaho,12/30/2023,4.78
2023-2024,7,"Kanawha (Charleston), WV - Putnam, WV","Boone, Clay, Kanawha, Nicholas, Putnam, Webster",West Virginia,2/17/2024,5.84
2023-2024,70,"Montgomery, VA - Pulaski, VA","Giles, Montgomery, Pulaski, Radford City, Wythe",Virginia,12/30/2023,10.98
2023-2024,703,"Utah (Provo), UT - Sanpete, UT","Juab, Millard, Sanpete, Sevier, Utah, Wayne",Utah,12/30/2023,8.24
2023-2024,704,"Pueblo (Pueblo), CO - Las Animas, CO","Huerfano, Las Animas, Pueblo",Colorado,12/30/2023,4.44
2023-2024,705,"Marion (Salem), OR - Yamhill, OR","Marion, Polk, Yamhill",Oregon,1/6/2024,1.32
2023-2024,707,"Clark (Las Vegas), NV - Nye, NV","Clark, Esmeralda, Lincoln, Nye",Nevada,12/23/2023,4.56
2023-2024,708,"Salt Lake (Salt Lake City), UT - Tooele, UT","Duchesne, Salt Lake, Summit, Tooele, Uintah, Wasatch",Utah,12/30/2023,7.35
2023-2024,71,"Halifax with South Boston City, VA - Mecklenburg, VA","Halifax with South Boston City, Lunenburg, Mecklenburg",Virginia,12/30/2023,17.48
2023-2024,711,"Mesa, CO - Garfield, CO","Eagle, Garfield, Mesa, Pitkin, Rio Blanco",Colorado,1/6/2024,5.17
2023-2024,712,"Hill, MT - Blaine, MT","Blaine, Hill, Liberty, Phillips",Montana,1/6/2024,8.2
2023-2024,713,"Missoula, MT - Ravalli, MT","Granite, Lake, Mineral, Missoula, Ravalli, Sanders",Montana,12/30/2023,5.33
2023-2024,716,"Ada (Boise City), ID - Canyon, ID","Ada, Boise, Canyon, Elmore, Gem, Owyhee, Valley",Idaho,12/30/2023,4.97
2023-2024,717,"Umatilla, OR - Morrow, OR","Morrow, Umatilla",Oregon,2/24/2024,7.16
2023-2024,719,"Deschutes, OR - Crook, OR","Crook, Deschutes, Harney, Jefferson, Wheeler",Oregon,3/16/2024,2.44
2023-2024,72,"Washington (Hagerstown), MD",Washington,Maryland,12/30/2023,5.42
2023-2024,720,"Elko, NV - Lander, NV","Elko, Eureka, Lander",Nevada,12/30/2023,8.08
2023-2024,721,"Lewis and Clark, MT - Jefferson, MT","Broadwater, Jefferson, Lewis and Clark",Montana,1/6/2024,7.97
2023-2024,722,"Bonneville, ID - Madison, ID","Bonneville, Butte, Clark, Custer, Fremont, Jefferson, Madison, Teton",Idaho,12/30/2023,5.23
2023-2024,724,"Santa Fe (Santa Fe), NM - Rio Arriba, NM","Los Alamos, Rio Arriba, Santa Fe, Taos",New Mexico,12/23/2023,6.81
2023-2024,725,"Curry, NM - Roosevelt, NM","Curry, De Baca, Quay, Roosevelt",New Mexico,2/3/2024,13.93
2023-2024,726,"Natrona (Casper), WY - Converse, WY","Converse, Natrona",Wyoming,2/10/2024,0.89
2023-2024,727,"Linn, OR - Benton, OR","Benton, Linn",Oregon,12/30/2023,1.63
2023-2024,728,"Flathead, MT - Lincoln, MT","Flathead, Lincoln",Montana,1/6/2024,9.42
2023-2024,729,"Payette, ID - Washington, ID","Adams, Payette, Washington",Idaho,2/17/2024,3.3
2023-2024,73,"Alleghany, NC",Alleghany,North Carolina,12/30/2023,10.26
2023-2024,730,"Cassia, ID - Minidoka, ID","Cassia, Minidoka",Idaho,12/30/2023,5.03
2023-2024,732,"Dona Ana (Las Cruces), NM - Luna, NM","Dona Ana, Luna, Sierra",New Mexico,12/30/2023,10.13
2023-2024,734,"Kootenai, ID - Bonner, ID","Benewah, Bonner, Boundary, Kootenai, Shoshone",Idaho,12/30/2023,4.47
2023-2024,74,"Essex (Lynn), MA",Essex,Massachusetts,12/30/2023,5.43
2023-2024,741,"Cheyenne, NE - Kimball, NE","Cheyenne, Deuel, Kimball",Nebraska,2/3/2024,8.24
2023-2024,742,"Silver Bow, MT - Deer Lodge, MT","Beaverhead, Deer Lodge, Silver Bow",Montana,1/6/2024,9.96
2023-2024,743,"Klamath, OR - Lake, OR","Klamath, Lake",Oregon,12/23/2023,5.57
2023-2024,744,"Davis, UT - Weber (Ogden), UT","Box Elder, Davis, Morgan, Rich, Weber",Utah,12/30/2023,7.29
2023-2024,748,"Wasco, OR - Hood River, OR","Gilliam, Hood River, Sherman, Wasco",Oregon,3/2/2024,1.59
2023-2024,749,"Park, WY - Big Horn, WY","Big Horn, Park",Wyoming,12/30/2023,11.36
2023-2024,75,"New Castle (Wilmington), DE",New Castle,Delaware,3/2/2024,5.45
2023-2024,754,"El Paso (Colorado Springs), CO - Teller, CO","Cheyenne, El Paso, Kit Carson, Lincoln, Teller",Colorado,12/30/2023,4.94
2023-2024,755,"Iron, UT - Beaver, UT","Beaver, Iron",Utah,12/30/2023,12.82
2023-2024,756,"Park, MT - Sweet Grass, MT","Park, Sweet Grass",Montana,3/16/2024,5.76
2023-2024,759,"Union, OR - Baker, OR","Baker, Union, Wallowa",Oregon,3/9/2024,2.8
2023-2024,76,"Fulton, NY - Montgomery (Amsterdam), NY","Fulton, Montgomery",New York,12/30/2023,3.49
2023-2024,760,"Weld, CO - Morgan, CO","Morgan, Washington, Weld, Yuma",Colorado,12/23/2023,7.3
2023-2024,767,"Richland, MT - Dawson, MT","Dawson, McCone, Richland, Wibaux",Montana,2/3/2024,5.29
2023-2024,769,"Otero, NM - Lincoln, NM","Lincoln, Otero",New Mexico,1/6/2024,8.24
2023-2024,77,"Petersburg City, VA - Prince George, VA","Dinwiddie, Hopewell City, Petersburg City, Prince George, Surry, Sussex",Virginia,12/30/2023,8.36
2023-2024,770,"Sheridan, WY - Johnson, WY","Johnson, Sheridan",Wyoming,1/6/2024,5.08
2023-2024,772,"Chaves, NM - Eddy, NM","Chaves, Eddy",New Mexico,2/3/2024,10.04
2023-2024,773,"Gallatin and Yellowstone National Park, MT - Madison, MT","Gallatin and Yellowstone National Park, Madison",Montana,12/30/2023,10.77
2023-2024,775,"Teton, WY - Lincoln, WY","Lincoln, Sublette, Teton",Wyoming,1/6/2024,5.39
2023-2024,777,"Fremont, WY - Washakie, WY","Fremont, Hot Springs, Washakie",Wyoming,2/3/2024,9.44
2023-2024,779,"Roosevelt, MT - Valley, MT","Roosevelt, Valley",Montana,1/6/2024,6.22
2023-2024,782,"Lane (Eugene), OR - Douglas, OR","Douglas, Lane",Oregon,12/30/2023,2.25
2023-2024,783,"Lincoln, OR - Tillamook, OR","Lincoln, Tillamook",Oregon,12/23/2023,2.57
2023-2024,784,"Latah, ID",Latah,Idaho,1/6/2024,1.96
2023-2024,792,"Uinta, WY",Uinta,Wyoming,12/30/2023,8.66
2023-2024,793,"Grant, NM - Hidalgo, NM","Catron, Grant, Hidalgo",New Mexico,12/23/2023,13.24
2023-2024,795,"Boulder, CO - Broomfield, CO","Boulder, Broomfield",Colorado,12/30/2023,5.2
2023-2024,796,"Larimer, CO",Larimer,Colorado,12/23/2023,4.85
2023-2024,80,"St. Lawrence, NY - Jefferson, NY","Jefferson, Lewis, St. Lawrence",New York,12/30/2023,4.8
2023-2024,801,"San Miguel, NM - Mora, NM","Guadalupe, Harding, Mora, San Miguel",New Mexico,12/30/2023,7.83
2023-2024,805,"White Pine, NV",White Pine,Nevada,2/24/2024,17.05
2023-2024,808,"Blaine, ID - Camas, ID","Blaine, Camas",Idaho,12/9/2023,2.22
2023-2024,809,"Carbon, UT - Emery, UT","Carbon, Emery",Utah,1/13/2024,5.51
2023-2024,81,"Clinton, NY - Franklin, NY","Clinton, Essex, Franklin",New York,2/24/2024,3.32
2023-2024,82,"Taylor, KY - Adair, KY","Adair, Green, Russell, Taylor",Kentucky,2/17/2024,7.89
2023-2024,821,"Honolulu (Honolulu), HI - Maui, HI","Honolulu, Kalawao, Maui",Hawaii,12/23/2023,3.78
2023-2024,822,"Kauai, HI",Kauai,Hawaii,12/23/2023,10.46
2023-2024,823,"Hawaii, HI",Hawaii,Hawaii,12/23/2023,4.93
2023-2024,825,"Henry, GA - Forsyth, GA","Fayette, Forsyth, Henry, Rockdale, Walton",Georgia,12/30/2023,8.55
2023-2024,826,"Cherokee, GA - Douglas, GA","Cherokee, Douglas, Paulding, Pickens",Georgia,12/30/2023,12.15
2023-2024,827,"Newton (Covington), GA",Newton,Georgia,12/23/2023,12.53
2023-2024,828,"Baldwin, GA",Baldwin,Georgia,12/30/2023,18.82
2023-2024,829,"Clarke (Athens), GA - Barrow, GA","Barrow, Clarke, Jackson, Madison, Oconee, Oglethorpe",Georgia,12/30/2023,12.28
2023-2024,83,"Suffolk, NY - Nassau, NY","Nassau, Suffolk",New York,12/30/2023,5.38
2023-2024,830,"Richmond (South Augusta), GA - Columbia, GA","Burke, Columbia, Jenkins, Lincoln, McDuffie, Richmond",Georgia,12/30/2023,3.96
2023-2024,831,"Washtenaw, MI - Livingston, MI","Livingston, Washtenaw",Michigan,3/2/2024,4.25
2023-2024,85,"New Haven (New Haven), CT - Litchfield, CT","Litchfield, Middlesex, New Haven",Connecticut,12/30/2023,3.43
2023-2024,851,"Mineral, WV - Hardy, WV","Grant, Hardy, Mineral",West Virginia,12/30/2023,13.53
2023-2024,852,"Wicomico, MD - Worcester, MD","Somerset, Wicomico, Worcester",Maryland,12/30/2023,10.42
2023-2024,853,"Virginia Beach City, VA - Norfolk City, VA","Chesapeake City, Franklin City, Isle of Wight, Norfolk City, Portsmouth City, Southampton, Suffolk City, Virginia Beach City",Virginia,12/30/2023,5.23
2023-2024,854,"Bennington, VT",Bennington,Vermont,1/13/2024,2.68
2023-2024,855,"McCracken, KY - Graves, KY","Ballard, Carlisle, Crittenden, Graves, Hickman, Livingston, Lyon, Marshall, McCracken",Kentucky,2/10/2024,9.07
2023-2024,856,"Logan, WV - Mingo, WV","Logan, Mingo",West Virginia,2/24/2024,5.9
2023-2024,857,"Washington, VT - Windsor, VT","Orange, Washington, Windsor",Vermont,1/13/2024,3.07
2023-2024,86,"Orange (Newburgh), NY - Sullivan, NY","Orange, Sullivan",New York,12/30/2023,6.62
2023-2024,860,"Ohio (Wheeling), WV - Marshall, WV","Marshall, Ohio, Tyler, Wetzel",West Virginia,2/24/2024,9.09
2023-2024,861,"Berkeley, WV - Jefferson, WV","Berkeley, Hampshire, Jefferson, Morgan",West Virginia,12/30/2023,9.37
2023-2024,862,"Greenbrier, WV - Monroe, WV","Greenbrier, Monroe",West Virginia,3/2/2024,4.68
2023-2024,863,"Wood (Parkersburg), WV - Jackson, WV","Calhoun, Jackson, Pleasants, Ritchie, Roane, Wirt, Wood",West Virginia,2/24/2024,6.42
2023-2024,865,"Rockland, NY",Rockland,New York,2/3/2024,4.45
2023-2024,866,"Mercer, WV - McDowell, WV","McDowell, Mercer",West Virginia,1/13/2024,7.5
2023-2024,867,"Cabell (Huntington), WV - Wayne, WV","Cabell, Lincoln, Wayne",West Virginia,2/17/2024,5.88
2023-2024,869,"Montgomery, MD - Prince Georges, MD","Charles, Montgomery, Prince Georges, St. Marys",Maryland,12/30/2023,5.88
2023-2024,87,"Morris (Parsippany-Troy Hills Township), NJ - Sussex, NJ","Morris, Sussex",New Jersey,12/30/2023,5.68
2023-2024,875,"Harford, MD - Cecil, MD","Cecil, Harford",Maryland,12/30/2023,5.08
2023-2024,877,"Windham, VT",Windham,Vermont,1/13/2024,3.89
2023-2024,878,"Claiborne, TN",Claiborne,Tennessee,12/23/2023,8.08
2023-2024,88,"Saratoga, NY - Schenectady (Schenectady), NY","Hamilton, Saratoga, Schenectady, Warren, Washington",New York,2/24/2024,3.83
2023-2024,881,"Columbia, NY - Greene, NY","Columbia, Greene",New York,2/3/2024,5.37
2023-2024,882,"Henry, TN - Carroll, TN","Benton, Carroll, Henry",Tennessee,12/23/2023,7.21
2023-2024,883,"Pittsylvania (Danville), VA - Danville City, VA","Danville City, Pittsylvania",Virginia,12/23/2023,11.71
2023-2024,885,"Hamilton (Chattanooga), TN - Marion, TN","Hamilton, Marion, Sequatchie",Tennessee,12/30/2023,11.57
2023-2024,886,"Beaufort, SC - Jasper, SC","Beaufort, Jasper",South Carolina,12/30/2023,8.57
2023-2024,887,"Shelby (Memphis), TN - Tipton, TN","Fayette, Shelby, Tipton",Tennessee,12/30/2023,15.15
2023-2024,888,"Washington, VA - Smyth, VA","Bristol City, Russell, Scott, Smyth, Washington",Virginia,1/6/2024,5.71
2023-2024,889,"Aiken, SC - Edgefield, SC","Aiken, Barnwell, Edgefield",South Carolina,12/23/2023,11.68
2023-2024,89,"Hardin, KY - Meade, KY","Breckinridge, Grayson, Hardin, Larue, Meade",Kentucky,2/3/2024,8.92
2023-2024,890,"Glynn, GA - Camden, GA","Brantley, Camden, Charlton, Glynn, McIntosh",Georgia,12/30/2023,4.45
2023-2024,893,"Muscogee (Columbus), GA - Harris, GA","Chattahoochee, Harris, Marion, Muscogee, Schley, Stewart, Talbot, Webster",Georgia,12/30/2023,5.29
2023-2024,894,"Coweta, GA - Troup (La Grange), GA","Coweta, Heard, Meriwether, Troup",Georgia,12/30/2023,9.37
2023-2024,895,"Bradley, TN - Polk, TN","Bradley, Polk",Tennessee,12/30/2023,7
2023-2024,896,"Carroll, GA - Haralson, GA","Carroll, Haralson",Georgia,12/30/2023,12.43
2023-2024,897,"Weakley, TN - Obion, TN","Obion, Weakley",Tennessee,12/30/2023,9.49
2023-2024,899,"Johnson, TN",Johnson,Tennessee,1/6/2024,10.58
2023-2024,9,"Cumberland (Portland), ME - Knox, ME","Cumberland, Knox, Lincoln, Sagadahoc",Maine,2/17/2024,2.35
2023-2024,900,"Lincoln, TN",Lincoln,Tennessee,12/30/2023,13.55
2023-2024,902,"Vanderburgh (Evansville), IN - Warrick, IN","Gibson, Posey, Spencer, Vanderburgh, Warrick",Indiana,2/17/2024,5.03
2023-2024,904,"Mason, WV",Mason,West Virginia,2/24/2024,4.62
2023-2024,905,"Oneida, WI - Vilas, WI","Forest, Iron, Oneida, Vilas",Wisconsin,1/20/2024,6.75
2023-2024,906,"Polk, WI",Polk,Wisconsin,12/30/2023,6.45
2023-2024,907,"Douglas, WI",Douglas,Wisconsin,3/2/2024,3.79
2023-2024,908,"La Crosse (La Crosse), WI - Monroe, WI","La Crosse, Monroe, Trempealeau, Vernon",Wisconsin,2/24/2024,4.96
2023-2024,909,"Dubuque (Dubuque), IA - Jackson, IA","Dubuque, Jackson",Iowa,2/3/2024,9.09
2023-2024,910,"Knox, IN - Daviess, IN","Daviess, Knox, Martin, Pike",Indiana,2/10/2024,4.88
2023-2024,911,"Vigo (Terre Haute), IN - Clay, IN","Clay, Parke, Sullivan, Vermillion, Vigo",Indiana,12/30/2023,6.03
2023-2024,912,"Marinette, WI - Florence, WI","Florence, Marinette",Wisconsin,3/16/2024,5.88
2023-2024,913,"Daviess (Owensboro), KY - Ohio, KY","Daviess, Hancock, McLean, Ohio",Kentucky,12/30/2023,2
2023-2024,914,"Carroll, KY - Trimble, KY","Carroll, Trimble",Kentucky,3/2/2024,10.9
2023-2024,915,"Fountain, IN - Warren, IN","Fountain, Warren",Indiana,1/27/2024,5.8
2023-2024,917,"Des Moines, IA - Henry, IA","Des Moines, Henry",Iowa,2/24/2024,6.57
2023-2024,919,"Crawford, WI",Crawford,Wisconsin,2/24/2024,16.35
2023-2024,92,"Harrison, WV - Upshur, WV","Braxton, Doddridge, Gilmer, Harrison, Lewis, Upshur",West Virginia,3/2/2024,9.96
2023-2024,921,"Clinton, IA",Clinton,Iowa,3/2/2024,5.74
2023-2024,923,"St. Croix, WI - Pierce, WI","Pierce, St. Croix",Wisconsin,12/30/2023,5.88
2023-2024,924,"Hancock (Weirton), WV - Brooke, WV","Brooke, Hancock",West Virginia,3/9/2024,0
2023-2024,925,"Bowie (Texarkana), TX",Bowie,Texas,12/30/2023,12.39
2023-2024,926,"Lauderdale, MS - Neshoba, MS","Clarke, Kemper, Lauderdale, Neshoba, Newton",Mississippi,12/30/2023,9.26
2023-2024,928,"Warren, MS - Claiborne, MS","Claiborne, Warren",Mississippi,12/30/2023,14.77
2023-2024,929,"Adams, MS - Jefferson, MS","Adams, Franklin, Jefferson",Mississippi,12/30/2023,8.06
2023-2024,93,"Hunterdon, NJ - Warren (Phillipsburg), NJ","Hunterdon, Warren",New Jersey,12/30/2023,5.79
2023-2024,930,"Grayson (Sherman), TX - Fannin, TX","Fannin, Grayson",Texas,2/3/2024,15.35
2023-2024,931,"Lamar, TX - Red River, TX","Delta, Lamar, Red River",Texas,1/20/2024,7.82
2023-2024,932,"Delaware, OK",Delaware,Oklahoma,2/10/2024,2.45
2023-2024,934,"Lowndes, MS - Clay, MS","Clay, Lowndes, Noxubee",Mississippi,12/30/2023,12.13
2023-2024,936,"Pearl River, MS",Pearl River,Mississippi,12/23/2023,13.06
2023-2024,937,"Gaines, TX - Andrews, TX","Andrews, Gaines",Texas,12/30/2023,16.63
2023-2024,941,"Olmsted (Rochester), MN - Winona, MN","Dodge, Fillmore, Mower, Olmsted, Steele, Wabasha, Winona",Minnesota,2/10/2024,3.12
2023-2024,943,"Grant, KS - Stanton, KS","Grant, Stanton",Kansas,1/20/2024,2.33
2023-2024,95,"Androscoggin (Lewiston), ME - Oxford, ME","Androscoggin, Franklin, Oxford",Maine,12/30/2023,4.53
2023-2024,958,"Martin, MN",Martin,Minnesota,12/30/2023,9.06
2023-2024,96,"Harlan, KY - Bell, KY","Bell, Harlan",Kentucky,12/30/2023,6.45
2023-2024,962,"Washoe (Reno), NV - Carson City, NV","Carson City, Churchill, Douglas, Humboldt, Lyon, Mineral, Pershing, Storey, Washoe",Nevada,12/30/2023,6.25
2023-2024,964,"Washington, UT - Kane, UT","Garfield, Kane, Piute, Washington",Utah,12/30/2023,6.33
2023-2024,966,"Cache, UT",Cache,Utah,12/30/2023,5.18
2023-2024,968,"Malheur, OR",Malheur,Oregon,2/24/2024,5.31
2023-2024,969,"Coos, OR - Curry, OR","Coos, Curry",Oregon,12/30/2023,3.25
2023-2024,97,"Augusta, VA - Staunton City, VA","Augusta, Buena Vista City, Highland, Lexington City, Rockbridge, Staunton City, Waynesboro City",Virginia,12/30/2023,8.83
2023-2024,970,"San Juan, UT",San Juan,Utah,12/30/2023,15.69
2023-2024,971,"Laramie (Cheyenne), WY",Laramie,Wyoming,2/10/2024,6.93
2023-2024,973,"Jackson (Medford), OR - Josephine, OR","Jackson, Josephine",Oregon,12/30/2023,3.89
2023-2024,975,"Albany, WY - Carbon, WY","Albany, Carbon",Wyoming,12/23/2023,8.41
2023-2024,98,"York, ME",York,Maine,2/10/2024,2.76
2023-2024,985,"La Plata, CO - Montezuma, CO","Archuleta, Dolores, La Plata, Montezuma, San Juan",Colorado,2/17/2024,2.71
2023-2024,986,"San Juan, NM",San Juan,New Mexico,12/30/2023,6.8
2023-2024,99,"Albemarle, VA - Charlottesville City, VA","Albemarle, Buckingham, Charlottesville City, Culpeper, Fluvanna, Greene, Louisa, Madison, Nelson, Orange, Rappahannock",Virginia,12/30/2023,5.74
2023-2024,All,All,All,Alabama,12/30/2023,10.57
2023-2024,All,All,All,Alaska,11/11/2023,5.93
2023-2024,All,All,All,Arizona,1/6/2024,4.84
2023-2024,All,All,All,Arkansas,2/10/2024,7.12
2023-2024,All,All,All,California,1/6/2024,2.86
2023-2024,All,All,All,Colorado,1/6/2024,4.2
2023-2024,All,All,All,Connecticut,1/6/2024,2.45
2023-2024,All,All,All,Delaware,3/9/2024,4.57
2023-2024,All,All,All,District of Columbia,1/6/2024,3.43
2023-2024,All,All,All,Florida,12/30/2023,5.83
2023-2024,All,All,All,Georgia,12/30/2023,7.67
2023-2024,All,All,All,Hawaii,1/6/2024,4.2
2023-2024,All,All,All,Idaho,1/6/2024,3.46
2023-2024,All,All,All,Illinois,1/6/2024,3.53
2023-2024,All,All,All,Indiana,2/24/2024,4.81
2023-2024,All,All,All,Iowa,3/2/2024,5.14
2023-2024,All,All,All,Kansas,3/9/2024,4.11
2023-2024,All,All,All,Kentucky,2/24/2024,5.15
2023-2024,All,All,All,Louisiana,12/30/2023,9.55
2023-2024,All,All,All,Maine,2/24/2024,3.21
2023-2024,All,All,All,Maryland,1/6/2024,3.8
2023-2024,All,All,All,Massachusetts,1/6/2024,3.35
2023-2024,All,All,All,Michigan,3/9/2024,4.71
2023-2024,All,All,All,Minnesota,3/9/2024,4.6
2023-2024,All,All,All,Mississippi,1/6/2024,7.23
2023-2024,All,All,All,Montana,1/13/2024,7.06
2023-2024,All,All,All,Nebraska,3/9/2024,3.78
2023-2024,All,All,All,Nevada,12/30/2023,4.32
2023-2024,All,All,All,New Hampshire,1/6/2024,2.4
2023-2024,All,All,All,New Jersey,1/6/2024,4.06
2023-2024,All,All,All,New Mexico,1/6/2024,6.47
2023-2024,All,All,All,New York,1/6/2024,3.19
2023-2024,All,All,All,North Carolina,12/30/2023,14.02
2023-2024,All,All,All,North Dakota,1/6/2024,3.16
2023-2024,All,All,All,Ohio,3/2/2024,6
2023-2024,All,All,All,Oklahoma,2/10/2024,5.07
2023-2024,All,All,All,Oregon,1/6/2024,2.04
2023-2024,All,All,All,Pennsylvania,1/6/2024,3.48
2023-2024,All,All,All,Rhode Island,1/6/2024,2.92
2023-2024,All,All,All,South Carolina,12/30/2023,11.52
2023-2024,All,All,All,South Dakota,3/9/2024,5.04
2023-2024,All,All,All,Tennessee,1/6/2024,6.61
2023-2024,All,All,All,Texas,2/3/2024,6.69
2023-2024,All,All,All,United States,1/6/2024,4.27
2023-2024,All,All,All,Utah,1/6/2024,6.01
2023-2024,All,All,All,Vermont,3/2/2024,3.99
2023-2024,All,All,All,Virginia,1/6/2024,4.67
2023-2024,All,All,All,Washington,1/6/2024,2.52
2023-2024,All,All,All,West Virginia,3/2/2024,5.89
2023-2024,All,All,All,Wisconsin,3/2/2024,3.69
2023-2024,All,All,All,Wyoming,2/17/2024,5.57
2024-2025,1,"Allegany (Cumberland), MD - Garrett, MD","Allegany, Garrett",Maryland,2/22/2025,8.51
2024-2025,10,"Albany (Albany), NY - Rensselaer, NY","Albany, Rensselaer",New York,2/8/2025,5.67
2024-2025,101,"Worcester (Worcester), MA - Franklin, MA","Franklin, Worcester",Massachusetts,2/8/2025,9.91
2024-2025,102,"Bourbon (Paris), KY - Nicholas, KY","Bourbon, Nicholas",Kentucky,2/22/2025,11.76
2024-2025,103,"Caledonia, VT - Orleans, VT","Caledonia, Lamoille, Orleans",Vermont,2/15/2025,13.95
2024-2025,104,"Clinton, KY - Cumberland, KY","Clinton, Cumberland",Kentucky,12/14/2024,21.33
2024-2025,105,"Tompkins, NY - Cortland, NY","Cortland, Tompkins",New York,2/15/2025,8.53
2024-2025,106,"Chautauqua, NY",Chautauqua,New York,2/15/2025,9.58
2024-2025,107,"Queen Annes, MD - Talbot, MD","Caroline, Dorchester, Queen Annes, Talbot",Maryland,2/15/2025,14.99
2024-2025,108,"Monmouth, NJ - Ocean (Brick Township), NJ","Monmouth, Ocean",New Jersey,2/1/2025,8.83
2024-2025,109,"Prince William (Dale City), VA - Fauquier, VA","Fauquier, Manassas City, Manassas Park City, Prince William",Virginia,2/8/2025,12.59
2024-2025,11,"Floyd, KY - Johnson, KY","Floyd, Johnson, Magoffin",Kentucky,2/15/2025,9.74
2024-2025,112,"Berkshire (Pittsfield), MA",Berkshire,Massachusetts,2/8/2025,14.53
2024-2025,114,"Franklin, KY - Anderson, KY","Anderson, Franklin, Owen",Kentucky,2/8/2025,9.05
2024-2025,115,"Calloway, KY",Calloway,Kentucky,2/1/2025,9.16
2024-2025,116,"Mason, KY - Fleming, KY","Bracken, Fleming, Mason",Kentucky,2/15/2025,10.4
2024-2025,119,"Harrison, KY - Robertson, KY","Harrison, Robertson",Kentucky,2/8/2025,18.61
2024-2025,12,"Massac, IL - Johnson, IL","Johnson, Massac",Illinois,2/8/2025,25.52
2024-2025,121,"Fairfield, CT",Fairfield,Connecticut,2/1/2025,9.42
2024-2025,122,"Rutland, VT",Rutland,Vermont,2/8/2025,9.05
2024-2025,123,"Letcher, KY",Letcher,Kentucky,3/8/2025,9.09
2024-2025,124,"Kent, MD",Kent,Maryland,2/8/2025,20.33
2024-2025,126,"Mercer, NJ",Mercer,New Jersey,1/25/2025,12.99
2024-2025,127,"Cumberland, NJ",Cumberland,New Jersey,2/8/2025,11.53
2024-2025,13,"Pike, KY",Pike,Kentucky,2/22/2025,18.08
2024-2025,131,"Montgomery, KY - Bath, KY","Bath, Montgomery",Kentucky,12/28/2024,8.06
2024-2025,135,"Stafford, VA - Spotsylvania, VA","Caroline, Fredericksburg City, King George, Spotsylvania, Stafford",Virginia,2/8/2025,11.89
2024-2025,136,"Aroostook, ME",Aroostook,Maine,3/1/2025,8.22
2024-2025,14,"Roanoke City, VA - Roanoke, VA","Amherst, Appomattox, Bedford, Bedford City, Botetourt, Campbell, Craig, Floyd, Franklin, Lynchburg City, Roanoke, Roanoke City, Salem City",Virginia,2/8/2025,13.24
2024-2025,141,"Walker, GA - Catoosa, GA","Catoosa, Dade, Walker",Georgia,2/1/2025,5.24
2024-2025,143,"Chatham (Savannah), GA - Liberty, GA","Bryan, Chatham, Effingham, Evans, Liberty, Long, Tattnall",Georgia,2/1/2025,3.79
2024-2025,144,"Dougherty (Albany), GA - Lee, GA","Baker, Calhoun, Clay, Dougherty, Early, Lee, Randolph, Terrell, Worth",Georgia,3/1/2025,1.54
2024-2025,145,"Whitfield, GA - Murray, GA","Murray, Whitfield",Georgia,1/4/2025,8.32
2024-2025,146,"DeSoto, MS - Marshall, MS","Benton, DeSoto, Marshall, Panola, Tate, Tunica",Mississippi,2/1/2025,7.47
2024-2025,147,"Knox (Knoxville), TN - Blount, TN","Blount, Knox, Loudon, McMinn, Meigs, Monroe, Sevier, Union",Tennessee,2/1/2025,5.79
2024-2025,148,"Davidson (Nashville-Davidson), TN - Williamson, TN","Cheatham, Davidson, Dickson, Hickman, Humphreys, Robertson, Williamson",Tennessee,2/1/2025,7
2024-2025,149,"Forsyth (Winston-Salem), NC - Surry, NC","Davie, Forsyth, Stokes, Surry, Yadkin",North Carolina,2/8/2025,13.41
2024-2025,151,"Sullivan (Kingsport), TN - Hawkins, TN","Hawkins, Sullivan",Tennessee,12/28/2024,9.09
2024-2025,153,"Fulton (Atlanta), GA - DeKalb, GA","Clayton, DeKalb, Fulton, Gwinnett",Georgia,2/1/2025,5
2024-2025,154,"Floyd, GA - Bartow, GA","Bartow, Chattooga, Floyd, Gordon, Polk",Georgia,2/1/2025,10.51
2024-2025,157,"Hall, GA - Habersham, GA","Banks, Dawson, Habersham, Hall, Lumpkin, Towns, Union, White",Georgia,2/1/2025,7.38
2024-2025,16,"Baltimore, MD - Baltimore City, MD","Anne Arundel, Baltimore, Baltimore City, Calvert, Carroll, Howard",Maryland,2/8/2025,11.1
2024-2025,160,"Richland (Columbia), SC - Lexington, SC","Fairfield, Lexington, Newberry, Richland",South Carolina,2/1/2025,15.65
2024-2025,164,"Morgan, GA - Greene, GA","Greene, Morgan",Georgia,2/1/2025,13.67
2024-2025,167,"Mecklenburg (Charlotte), NC - Union, NC","Anson, Mecklenburg, Union",North Carolina,2/1/2025,19.12
2024-2025,168,"New Hanover (Wilmington), NC - Brunswick, NC","Brunswick, New Hanover, Pender",North Carolina,2/1/2025,9.49
2024-2025,169,"Washington (Johnson City), TN - Carter, TN","Carter, Unicoi, Washington",Tennessee,2/1/2025,9.8
2024-2025,17,"Penobscot (Bangor), ME - Hancock, ME","Hancock, Penobscot, Piscataquis, Washington",Maine,2/22/2025,11.38
2024-2025,170,"Durham (Durham), NC - Granville, NC","Durham, Granville, Person, Vance, Warren",North Carolina,2/1/2025,6.44
2024-2025,178,"Thomas, GA - Mitchell, GA","Grady, Mitchell, Thomas",Georgia,8/3/2024,0
2024-2025,18,"Fayette (Lexington-Fayette), KY - Jessamine, KY","Breathitt, Clark, Fayette, Jessamine, Knott, Lee, Leslie, Owsley, Perry, Powell, Scott, Wolfe, Woodford",Kentucky,2/8/2025,14.1
2024-2025,180,"Lowndes, GA - Brooks, GA","Berrien, Brooks, Cook, Echols, Lanier, Lowndes",Georgia,2/1/2025,8.84
2024-2025,182,"Greenville (Greenville), SC - Anderson, SC","Anderson, Greenville, Oconee, Pickens",South Carolina,2/1/2025,14.3
2024-2025,184,"Florence (Florence), SC - Darlington, SC","Chesterfield, Darlington, Florence, Marlboro, Williamsburg",South Carolina,2/1/2025,13.98
2024-2025,186,"Guilford (Greensboro), NC - Davidson, NC","Davidson, Guilford, Randolph, Rockingham",North Carolina,2/8/2025,17.45
2024-2025,187,"Laurens, SC - Greenwood, SC","Abbeville, Greenwood, Laurens, McCormick, Saluda",South Carolina,2/1/2025,18.77
2024-2025,188,"Madison (Jackson), TN - Gibson, TN","Chester, Crockett, Decatur, Gibson, Hardeman, Haywood, Henderson, Madison",Tennessee,2/1/2025,13.96
2024-2025,189,"Tift, GA - Ben Hill, GA","Ben Hill, Irwin, Tift, Turner",Georgia,2/1/2025,5.61
2024-2025,19,"Broome (Binghamton), NY - Tioga, NY","Broome, Tioga",New York,12/28/2024,6.28
2024-2025,190,"Cobb (Marietta), GA",Cobb,Georgia,2/1/2025,7.99
2024-2025,191,"Polk, NC",Polk,North Carolina,2/8/2025,9.47
2024-2025,192,"Iredell (Statesville), NC - Alexander, NC","Alexander, Iredell",North Carolina,2/8/2025,14.89
2024-2025,193,"Bibb (Macon), GA - Houston, GA","Bibb, Bleckley, Crawford, Houston, Jones, Monroe, Peach, Pulaski, Taylor, Twiggs, Wilkinson",Georgia,3/8/2025,4.28
2024-2025,194,"Watauga, NC - Ashe, NC","Ashe, Watauga",North Carolina,2/8/2025,9.36
2024-2025,195,"Pitt, NC - Beaufort, NC","Beaufort, Hyde, Martin, Pitt, Tyrrell, Washington",North Carolina,2/1/2025,12.03
2024-2025,196,"Sumter, SC - Clarendon, SC","Clarendon, Lee, Sumter",South Carolina,2/1/2025,15.61
2024-2025,198,"Wake (Raleigh), NC - Johnston, NC","Franklin, Johnston, Wake, Wilson",North Carolina,2/1/2025,10.07
2024-2025,199,"Marion, SC - Dillon, SC","Dillon, Marion",South Carolina,2/1/2025,17.03
2024-2025,2,"Kenton (Covington), KY - Campbell, KY","Boone, Campbell, Gallatin, Grant, Kenton, Pendleton",Kentucky,2/15/2025,10.09
2024-2025,20,"New London, CT",New London,Connecticut,2/8/2025,8.53
2024-2025,203,"Orange (Chapel Hill), NC - Harnett, NC","Chatham, Harnett, Lee, Orange",North Carolina,2/1/2025,9.69
2024-2025,204,"Spalding (Griffin), GA - Butts, GA","Butts, Spalding",Georgia,2/1/2025,9.51
2024-2025,205,"Moore, NC - Richmond, NC","Hoke, Montgomery, Moore, Richmond",North Carolina,2/1/2025,18.13
2024-2025,206,"Laurens, GA - Toombs, GA","Dodge, Johnson, Laurens, Montgomery, Telfair, Toombs, Treutlen, Wheeler",Georgia,1/25/2025,13.17
2024-2025,207,"Robeson, NC - Columbus, NC","Bladen, Columbus, Robeson, Scotland",North Carolina,2/1/2025,9.83
2024-2025,208,"Maury, TN - Giles, TN","Giles, Lewis, Marshall, Maury",Tennessee,2/1/2025,9.69
2024-2025,209,"Jackson, NC - Macon, NC","Graham, Jackson, Macon, Swain",North Carolina,2/1/2025,10.71
2024-2025,21,"Ontario (Geneva), NY - Wayne, NY","Ontario, Seneca, Wayne, Yates",New York,2/8/2025,9.48
2024-2025,211,"Rutherford (Murfreesboro), TN - Warren, TN","Cannon, DeKalb, Rutherford, Van Buren, Warren",Tennessee,12/28/2024,8.79
2024-2025,212,"Charleston (Charleston), SC - Berkeley, SC","Berkeley, Charleston, Colleton, Dorchester, Hampton",South Carolina,2/1/2025,7.37
2024-2025,214,"Nash, NC - Halifax, NC","Edgecombe, Halifax, Nash, Northampton",North Carolina,2/1/2025,13.7
2024-2025,215,"Putnam, TN - White, TN","Clay, Jackson, Overton, Pickett, Putnam, White",Tennessee,12/28/2024,6.67
2024-2025,216,"Stephens, GA - Hart, GA","Franklin, Hart, Stephens",Georgia,2/8/2025,12.52
2024-2025,217,"Hamblen (Morristown), TN - Jefferson, TN","Grainger, Hamblen, Hancock, Jefferson",Tennessee,12/28/2024,6.8
2024-2025,218,"Gaston (Gastonia), NC - Cleveland, NC","Cleveland, Gaston, Lincoln, Rutherford",North Carolina,2/1/2025,13.94
2024-2025,22,"Middlesex, MA - Suffolk (Boston), MA","Barnstable, Dukes, Middlesex, Nantucket, Norfolk, Plymouth, Suffolk",Massachusetts,2/8/2025,9.28
2024-2025,220,"Jasper, GA",Jasper,Georgia,1/18/2025,12.5
2024-2025,222,"Bulloch, GA - Emanuel, GA","Bulloch, Candler, Emanuel, Screven",Georgia,2/1/2025,9.01
2024-2025,223,"Cumberland, TN - Fentress, TN","Bledsoe, Cumberland, Fentress",Tennessee,12/21/2024,11.35
2024-2025,225,"Buncombe (Asheville), NC - Henderson, NC","Buncombe, Haywood, Henderson, Madison, Transylvania",North Carolina,2/1/2025,7.93
2024-2025,226,"Anderson (Oak Ridge), TN - Roane, TN","Anderson, Campbell, Morgan, Rhea, Roane",Tennessee,2/1/2025,5.5
2024-2025,228,"Decatur, GA - Seminole, GA","Decatur, Miller, Seminole",Georgia,1/25/2025,11.38
2024-2025,229,"Catawba (Hickory), NC - Burke, NC","Burke, Caldwell, Catawba",North Carolina,2/8/2025,12.78
2024-2025,23,"Camden (Camden), NJ - Burlington, NJ","Burlington, Camden, Gloucester, Salem",New Jersey,2/1/2025,8.84
2024-2025,230,"Wayne, GA - Appling, GA","Appling, Wayne",Georgia,4/26/2025,0
2024-2025,231,"Sumner (Hendersonville), TN - Wilson, TN","Macon, Smith, Sumner, Trousdale, Wilson",Tennessee,12/28/2024,12.65
2024-2025,232,"Lawrence, TN - Wayne, TN","Lawrence, Perry, Wayne",Tennessee,2/1/2025,8.38
2024-2025,234,"Montgomery (Clarksville), TN - Stewart, TN","Houston, Montgomery, Stewart",Tennessee,2/1/2025,5.97
2024-2025,235,"Cabarrus (Concord), NC - Rowan, NC","Cabarrus, Rowan, Stanly",North Carolina,2/1/2025,18.2
2024-2025,238,"Wayne, NC - Lenoir, NC","Duplin, Greene, Lenoir, Wayne",North Carolina,2/1/2025,12.04
2024-2025,239,"Coffee, TN - Franklin, TN","Coffee, Franklin, Grundy, Moore",Tennessee,12/28/2024,14.95
2024-2025,240,"Yancey, NC - Avery, NC","Avery, Mitchell, Yancey",North Carolina,2/8/2025,13.56
2024-2025,242,"Onslow, NC - Craven, NC","Carteret, Craven, Jones, Onslow, Pamlico",North Carolina,2/8/2025,10.48
2024-2025,243,"Hertford, NC - Bertie, NC","Bertie, Chowan, Gates, Hertford",North Carolina,2/1/2025,14.49
2024-2025,244,"York (Rock Hill), SC - Chester, SC","Chester, York",South Carolina,2/1/2025,17.32
2024-2025,245,"Hardin, TN - McNairy, TN","Hardin, McNairy",Tennessee,2/1/2025,13.83
2024-2025,246,"Horry, SC - Georgetown, SC","Georgetown, Horry",South Carolina,2/1/2025,9.69
2024-2025,248,"Dyer, TN - Lauderdale, TN","Dyer, Lake, Lauderdale",Tennessee,2/1/2025,12.36
2024-2025,249,"Lancaster, SC - Kershaw, SC","Kershaw, Lancaster",South Carolina,2/1/2025,6.42
2024-2025,25,"Frederick, VA - Shenandoah, VA","Clarke, Frederick, Shenandoah, Warren, Winchester City",Virginia,2/8/2025,14.02
2024-2025,252,"Greene, TN - Cocke, TN","Cocke, Greene",Tennessee,12/28/2024,10.07
2024-2025,256,"Wilkes, NC",Wilkes,North Carolina,2/8/2025,15.74
2024-2025,258,"Cherokee, NC - Clay, NC","Cherokee, Clay",North Carolina,2/8/2025,3.69
2024-2025,260,"Bedford, TN",Bedford,Tennessee,12/28/2024,18.87
2024-2025,261,"McDowell, NC",McDowell,North Carolina,1/11/2025,3.64
2024-2025,262,"Cumberland (Fayetteville), NC - Sampson, NC","Cumberland, Sampson",North Carolina,2/1/2025,14.2
2024-2025,263,"Scott, TN",Scott,Tennessee,1/11/2025,1.59
2024-2025,264,"Pasquotank, NC - Dare, NC","Camden, Dare, Pasquotank, Perquimans",North Carolina,2/8/2025,11.54
2024-2025,267,"Alamance, NC",Alamance,North Carolina,2/8/2025,13.42
2024-2025,269,"Upson, GA - Lamar, GA","Lamar, Pike, Upson",Georgia,2/1/2025,9.7
2024-2025,27,"Boyle, KY - Lincoln, KY","Boyle, Casey, Garrard, Lincoln, Mercer",Kentucky,2/8/2025,12.55
2024-2025,271,"Grand Traverse, MI - Manistee, MI","Antrim, Benzie, Grand Traverse, Kalkaska, Leelanau, Manistee",Michigan,2/22/2025,9.02
2024-2025,272,"Jefferson (Louisville), KY - Bullitt, KY","Bullitt, Henry, Jefferson, Marion, Nelson, Oldham, Shelby, Spencer, Washington",Kentucky,2/8/2025,16.8
2024-2025,273,"Wabash, IL",Wabash,Illinois,2/22/2025,15.97
2024-2025,274,"Wayne (Detroit), MI - Oakland, MI","Macomb, Oakland, Wayne",Michigan,2/1/2025,8.52
2024-2025,275,"Marion (Indianapolis), IN - Johnson, IN","Hendricks, Johnson, Marion, Morgan, Putnam, Rush, Shelby",Indiana,2/8/2025,10.88
2024-2025,277,"Peoria (Peoria), IL - Tazewell, IL","Fulton, Marshall, Mason, Peoria, Tazewell",Illinois,2/8/2025,16.17
2024-2025,278,"Brown (Green Bay), WI - Oconto, WI","Brown, Door, Kewaunee, Oconto",Wisconsin,2/1/2025,8.85
2024-2025,279,"Champaign (Champaign), IL - Coles, IL","Champaign, Coles, Cumberland, Douglas, Ford",Illinois,2/8/2025,8.7
2024-2025,280,"Milwaukee (Milwaukee), WI - Waukesha, WI","Milwaukee, Ozaukee, Washington, Waukesha",Wisconsin,2/8/2025,9.01
2024-2025,282,"Marathon (Wausau), WI - Wood, WI","Clark, Lincoln, Marathon, Taylor, Wood",Wisconsin,2/8/2025,10.71
2024-2025,284,"Gogebic, MI - Ontonagon, MI","Gogebic, Ontonagon",Michigan,2/1/2025,7.33
2024-2025,285,"Ingham (Lansing), MI - Eaton, MI","Clinton, Eaton, Ingham, Shiawassee",Michigan,2/15/2025,7.19
2024-2025,286,"Ramsey (St. Paul), MN - Dakota, MN","Chisago, Dakota, Ramsey, Washington",Minnesota,1/18/2025,8.83
2024-2025,287,"Cook (Chicago), IL - DuPage, IL","Cook, DuPage, Lake, McHenry",Illinois,2/1/2025,7.43
2024-2025,289,"St. Louis (Duluth), MN - Itasca, MN","Carlton, Cook, Itasca, Koochiching, Lake, Pine, St. Louis",Minnesota,1/4/2025,6.9
2024-2025,29,"Warren, KY - Logan, KY","Allen, Butler, Edmonson, Logan, Simpson, Warren",Kentucky,2/1/2025,12.89
2024-2025,291,"Winnebago (Rockford), IL - Ogle, IL","Boone, Lee, Ogle, Winnebago",Illinois,2/1/2025,9.44
2024-2025,293,"Marquette, MI - Delta, MI","Alger, Delta, Luce, Marquette, Schoolcraft",Michigan,2/8/2025,10.15
2024-2025,294,"Chippewa, MI - Emmet, MI","Charlevoix, Cheboygan, Chippewa, Emmet, Mackinac",Michigan,2/22/2025,9.35
2024-2025,296,"Muskegon (Muskegon), MI - Newaygo, MI","Mason, Muskegon, Newaygo, Oceana",Michigan,2/22/2025,11.67
2024-2025,297,"St. Clair (Port Huron), MI - Sanilac, MI","Sanilac, St. Clair",Michigan,2/8/2025,10.38
2024-2025,298,"Eau Claire (Eau Claire), WI - Chippewa, WI","Buffalo, Chippewa, Dunn, Eau Claire, Pepin",Wisconsin,2/1/2025,13.64
2024-2025,299,"Madison (Alton), IL - Jersey, IL","Bond, Calhoun, Jersey, Madison",Illinois,2/8/2025,13.44
2024-2025,3,"Sussex, DE - Kent, DE","Kent, Sussex",Delaware,2/8/2025,12.54
2024-2025,30,"Alleghany Cnty & Clifton Forge Cty, VA - Covington City, VA","Alleghany Cnty and Clifton Forge Cty, Bath, Covington City",Virginia,2/15/2025,9.17
2024-2025,300,"Tippecanoe (Lafayette), IN - Clinton, IN","Benton, Carroll, Clinton, Tippecanoe, White",Indiana,2/8/2025,10.58
2024-2025,301,"Dane (Madison), WI - Sauk, WI","Columbia, Dane, Grant, Iowa, Marquette, Richland, Sauk",Wisconsin,2/1/2025,10.32
2024-2025,302,"Stephenson, IL - Jo Daviess, IL","Jo Daviess, Stephenson",Illinois,2/8/2025,14.7
2024-2025,303,"Will (Joliet), IL - Grundy, IL","Grundy, Will",Illinois,2/1/2025,10.06
2024-2025,304,"Allen (Fort Wayne), IN - Noble, IN","Allen, De Kalb, LaGrange, Noble, Steuben, Whitley",Indiana,2/8/2025,14.32
2024-2025,305,"Macon (Decatur), IL - Shelby, IL","Macon, Moultrie, Piatt, Shelby",Illinois,2/8/2025,10.81
2024-2025,306,"Winnebago (Oshkosh), WI - Fond du Lac, WI","Dodge, Fond du Lac, Green Lake, Waushara, Winnebago",Wisconsin,2/8/2025,9.53
2024-2025,307,"Rock Island (Moline), IL - Henry, IL","Henry, Mercer, Rock Island, Stark",Illinois,2/8/2025,7.28
2024-2025,308,"Lake (Gary), IN - Porter, IN","Jasper, Lake, Newton, Porter",Indiana,2/8/2025,8.85
2024-2025,309,"Kent (Grand Rapids), MI - Ionia, MI","Gratiot, Ionia, Kent, Mecosta, Montcalm",Michigan,2/15/2025,11.64
2024-2025,31,"Monongalia, WV - Marion, WV","Marion, Monongalia, Preston, Taylor",West Virginia,2/15/2025,12.2
2024-2025,310,"Crawford, IL - Lawrence, IL","Crawford, Lawrence",Illinois,2/8/2025,10.44
2024-2025,312,"St. Joseph (South Bend), IN - Marshall, IN","Fulton, Marshall, Pulaski, St. Joseph",Indiana,2/8/2025,14.18
2024-2025,313,"Bartholomew, IN - Jackson, IN","Bartholomew, Decatur, Jackson, Jennings",Indiana,2/8/2025,14.55
2024-2025,314,"Washburn, WI - Burnett, WI","Burnett, Washburn",Wisconsin,2/1/2025,6.32
2024-2025,315,"Dickinson, MI - Menominee, MI","Dickinson, Iron, Menominee",Michigan,2/8/2025,11.04
2024-2025,316,"Perry, IN",Perry,Indiana,2/22/2025,6.92
2024-2025,317,"Wexford, MI - Osceola, MI","Lake, Missaukee, Osceola, Wexford",Michigan,2/8/2025,9.69
2024-2025,318,"Sangamon (Springfield), IL - Christian, IL","Brown, Cass, Christian, Logan, McDonough, Menard, Sangamon, Schuyler",Illinois,2/8/2025,11.78
2024-2025,319,"Morgan, IL - Greene, IL","Greene, Morgan, Scott",Illinois,2/8/2025,9.41
2024-2025,32,"Hampden (Springfield), MA - Hampshire, MA","Hampden, Hampshire",Massachusetts,2/8/2025,13.19
2024-2025,320,"Ottawa (Holland), MI - Allegan, MI","Allegan, Ottawa",Michigan,2/22/2025,10.55
2024-2025,321,"Dearborn, IN - Jefferson (Madison), IN","Dearborn, Jefferson, Ohio, Ripley, Switzerland",Indiana,2/15/2025,17.12
2024-2025,322,"Saginaw (Saginaw), MI - Tuscola, MI","Huron, Saginaw, Tuscola",Michigan,2/8/2025,11.43
2024-2025,323,"Delaware (Muncie), IN - Randolph, IN","Blackford, Delaware, Randolph",Indiana,2/15/2025,18.75
2024-2025,324,"Knox, IL - Warren, IL","Knox, Warren",Illinois,1/4/2025,10.89
2024-2025,325,"St. Clair (Belleville), IL - Clinton, IL","Clinton, Monroe, Randolph, St. Clair",Illinois,2/8/2025,12.9
2024-2025,326,"Rock (Janesville), WI - Green, WI","Green, Lafayette, Rock",Wisconsin,2/1/2025,10.01
2024-2025,327,"Berrien (Benton Harbor), MI - Van Buren, MI","Berrien, Cass, Van Buren",Michigan,2/15/2025,14.48
2024-2025,328,"Genesee (Flint), MI - Lapeer, MI","Genesee, Lapeer",Michigan,2/8/2025,7.09
2024-2025,33,"Henrico (Richmond), VA - Chesterfield, VA","Amelia, Charles City, Charlotte, Chesterfield, Colonial Heights City, Cumberland, Essex, Goochland, Hanover, Henrico, King William, King and Queen, Lancaster, Middlesex, New Kent, Northumberland, Nottoway, Powhatan, Prince Edward, Richmond, Richmond City, Westmoreland",Virginia,2/8/2025,10.77
2024-2025,330,"Midland (Midland), MI - Isabella, MI","Clare, Gladwin, Isabella, Midland",Michigan,2/8/2025,11.38
2024-2025,331,"Williamson, IL - Jackson, IL","Franklin, Jackson, Perry, Williamson",Illinois,2/8/2025,16.58
2024-2025,332,"Huntington, IN - Adams, IN","Adams, Huntington, Jay, Wells",Indiana,2/15/2025,17.67
2024-2025,333,"Vermilion, IL - Edgar, IL","Edgar, Vermilion",Illinois,2/8/2025,10.69
2024-2025,334,"Macoupin, IL - Montgomery, IL","Macoupin, Montgomery",Illinois,2/8/2025,21.47
2024-2025,335,"Jefferson, IL - Wayne, IL","Jefferson, Wayne",Illinois,2/8/2025,16.47
2024-2025,336,"La Salle, IL - Livingston, IL","Bureau, La Salle, Livingston, Putnam",Illinois,2/8/2025,10.04
2024-2025,338,"McLean (Bloomington), IL - Woodford, IL","De Witt, McLean, Woodford",Illinois,2/8/2025,12.6
2024-2025,339,"Floyd (New Albany), IN - Harrison, IN","Crawford, Floyd, Harrison, Washington",Indiana,2/8/2025,14.59
2024-2025,341,"Monroe (Bloomington), IN - Greene, IN","Brown, Greene, Monroe, Owen",Indiana,2/8/2025,11.13
2024-2025,342,"Bay (Bay City), MI - Iosco, MI","Arenac, Bay, Iosco, Ogemaw, Oscoda",Michigan,2/15/2025,11.96
2024-2025,343,"Kankakee (Kankakee), IL - Iroquois, IL","Iroquois, Kankakee",Illinois,2/8/2025,11.45
2024-2025,344,"Outagamie (Appleton), WI - Waupaca, WI","Outagamie, Waupaca",Wisconsin,2/8/2025,10.29
2024-2025,348,"Kalamazoo (Kalamazoo), MI - St. Joseph, MI","Kalamazoo, St. Joseph",Michigan,2/15/2025,9.7
2024-2025,349,"Elkhart (Elkhart), IN - Kosciusko, IN","Elkhart, Kosciusko",Indiana,2/8/2025,14.21
2024-2025,35,"Cattaraugus, NY - Allegany, NY","Allegany, Cattaraugus",New York,2/22/2025,7.39
2024-2025,350,"Clayton, IA - Delaware, IA","Clayton, Delaware",Iowa,2/8/2025,16.49
2024-2025,351,"Richland, IL - Clay, IL","Clay, Edwards, Jasper, Richland",Illinois,2/15/2025,15.55
2024-2025,353,"Adams, IL - Pike, IL","Adams, Pike",Illinois,2/1/2025,12.31
2024-2025,355,"Sheboygan (Sheboygan), WI - Manitowoc, WI","Calumet, Manitowoc, Sheboygan",Wisconsin,2/8/2025,10.2
2024-2025,357,"Ashland, WI - Sawyer, WI","Ashland, Bayfield, Price, Sawyer",Wisconsin,2/8/2025,12.15
2024-2025,358,"Marion, IL - Washington, IL","Marion, Washington",Illinois,2/15/2025,15.67
2024-2025,359,"Houghton, MI - Baraga, MI","Baraga, Houghton, Keweenaw",Michigan,2/15/2025,1.77
2024-2025,36,"Bergen, NJ - Hudson (Jersey City), NJ","Bergen, Hudson, Passaic",New Jersey,2/1/2025,9.23
2024-2025,361,"Whiteside, IL - Carroll, IL","Carroll, Whiteside",Illinois,2/8/2025,9.43
2024-2025,362,"Hancock, IN - Henry (New Castle), IN","Hancock, Henry",Indiana,2/15/2025,15.13
2024-2025,363,"Effingham, IL - Fayette, IL","Effingham, Fayette",Illinois,2/15/2025,12.16
2024-2025,364,"Howard (Kokomo), IN - Cass, IN","Cass, Howard, Tipton",Indiana,2/8/2025,11.32
2024-2025,365,"Clark (Jeffersonville), IN - Scott, IN","Clark, Scott",Indiana,4/26/2025,0
2024-2025,367,"Hancock, IL",Hancock,Illinois,2/15/2025,10.1
2024-2025,37,"Pulaski, KY - Wayne, KY","McCreary, Pulaski, Wayne",Kentucky,12/28/2024,13.37
2024-2025,370,"Goodhue, MN",Goodhue,Minnesota,1/25/2025,7.43
2024-2025,373,"Kane (Aurora), IL - DeKalb, IL","DeKalb, Kane, Kendall",Illinois,2/1/2025,10.82
2024-2025,374,"Barron, WI - Rusk, WI","Barron, Rusk",Wisconsin,2/8/2025,15.08
2024-2025,375,"Jackson (Jackson), MI - Lenawee, MI","Branch, Hillsdale, Jackson, Lenawee",Michigan,2/8/2025,9.83
2024-2025,378,"La Porte, IN - Starke, IN","La Porte, Starke",Indiana,2/8/2025,10.15
2024-2025,379,"Shawano, WI - Langlade, WI","Langlade, Menominee, Shawano",Wisconsin,2/8/2025,10.32
2024-2025,38,"Kennebec, ME - Somerset, ME","Kennebec, Somerset, Waldo",Maine,2/22/2025,9.7
2024-2025,381,"Calhoun (Battle Creek), MI - Barry, MI","Barry, Calhoun",Michigan,2/15/2025,10.83
2024-2025,382,"Racine (Racine), WI - Kenosha, WI","Kenosha, Racine",Wisconsin,2/1/2025,9.36
2024-2025,383,"White, IL - Hamilton, IL","Hamilton, White",Illinois,2/15/2025,26.98
2024-2025,384,"Saline, IL - Gallatin, IL","Gallatin, Hardin, Pope, Saline",Illinois,2/8/2025,21.43
2024-2025,385,"Wayne, IN - Fayette, IN","Fayette, Union, Wayne",Indiana,2/15/2025,6.97
2024-2025,387,"Walworth, WI - Jefferson, WI","Jefferson, Walworth",Wisconsin,2/8/2025,12.98
2024-2025,389,"Grant, IN - Miami, IN","Grant, Miami, Wabash",Indiana,2/8/2025,15.3
2024-2025,39,"Tazewell, VA - Buchanan, VA","Bland, Buchanan, Tazewell",Virginia,3/8/2025,6.8
2024-2025,390,"Hamilton, IN - Madison (Anderson), IN","Hamilton, Madison",Indiana,2/8/2025,17.66
2024-2025,391,"Juneau, WI - Adams, WI","Adams, Juneau",Wisconsin,2/8/2025,8.85
2024-2025,392,"Roscommon, MI - Otsego, MI","Crawford, Otsego, Roscommon",Michigan,2/15/2025,9.68
2024-2025,394,"Dubois, IN",Dubois,Indiana,2/15/2025,8.39
2024-2025,395,"Winneshiek, IA",Winneshiek,Iowa,2/1/2025,15.89
2024-2025,396,"Rice, MN",Rice,Minnesota,1/25/2025,21.24
2024-2025,399,"Jackson, WI",Jackson,Wisconsin,2/8/2025,12.56
2024-2025,4,"Hartford (Hartford), CT - Tolland, CT","Hartford, Tolland, Windham",Connecticut,2/8/2025,9.84
2024-2025,40,"Henderson (Henderson), KY - Union, KY","Henderson, Union",Kentucky,2/15/2025,10.42
2024-2025,400,"Portage, WI",Portage,Wisconsin,2/8/2025,9.55
2024-2025,401,"Boone, IN",Boone,Indiana,2/15/2025,18.07
2024-2025,402,"Montgomery, IN",Montgomery,Indiana,2/15/2025,15.4
2024-2025,403,"Orleans (New Orleans), LA - Jefferson, LA","Jefferson, Orleans, Plaquemines, St. Bernard, St. Charles, St. James, St. John the Baptist",Louisiana,12/28/2024,10.01
2024-2025,405,"Potter (Amarillo), TX - Randall, TX","Armstrong, Briscoe, Carson, Dallam, Donley, Hansford, Hartley, Hutchinson, Moore, Ochiltree, Oldham, Potter, Randall, Sherman, Swisher",Texas,2/8/2025,13.85
2024-2025,406,"Lubbock (Lubbock), TX - Hockley, TX","Bailey, Borden, Cochran, Crosby, Dawson, Dickens, Garza, Hockley, King, Lamb, Lubbock, Lynn, Motley",Texas,2/1/2025,11.15
2024-2025,408,"Harris (Houston), TX - Fort Bend, TX","Austin, Chambers, Fort Bend, Harris, Liberty, Montgomery, San Jacinto, Waller",Texas,2/1/2025,5.84
2024-2025,409,"Forrest, MS - Lamar, MS","Covington, Forrest, Greene, Lamar, Perry",Mississippi,2/1/2025,9.59
2024-2025,41,"Westchester (Yonkers), NY - Dutchess, NY","Dutchess, Putnam, Ulster, Westchester",New York,2/1/2025,9.4
2024-2025,410,"Bexar (San Antonio), TX - Guadalupe, TX","Atascosa, Bandera, Bexar, Frio, Gonzales, Guadalupe, Kendall, La Salle, McMullen, Medina, Wilson, Zavala",Texas,2/1/2025,11.68
2024-2025,411,"Hinds (Jackson), MS - Rankin, MS","Attala, Hinds, Holmes, Leake, Madison, Rankin, Scott, Simpson",Mississippi,2/1/2025,8.55
2024-2025,413,"Jefferson (Beaumont), TX - Orange, TX","Hardin, Jasper, Jefferson, Newton, Orange, Tyler",Texas,12/28/2024,9.06
2024-2025,414,"Tulsa (Tulsa), OK - Rogers, OK","Craig, Creek, Mayes, Ottawa, Rogers, Tulsa",Oklahoma,2/1/2025,14.85
2024-2025,415,"El Paso (El Paso), TX - Hudspeth, TX","Culberson, El Paso, Hudspeth, Loving",Texas,1/11/2025,7.3
2024-2025,416,"Caddo (Shreveport), LA - Bossier, LA","Bossier, Caddo, De Soto, Natchitoches, Red River, Sabine, Webster",Louisiana,12/21/2024,12.26
2024-2025,417,"Oklahoma (Oklahoma City), OK - Canadian, OK","Canadian, Lincoln, Logan, Oklahoma, Pottawatomie",Oklahoma,2/1/2025,13.39
2024-2025,418,"Lee, MS - Monroe, MS","Chickasaw, Itawamba, Lee, Monroe, Prentiss",Mississippi,2/1/2025,13.54
2024-2025,419,"East Baton Rouge (Baton Rouge), LA - Livingston, LA","Ascension, East Baton Rouge, East Feliciana, Iberville, Livingston, Pointe Coupee, West Baton Rouge, West Feliciana",Louisiana,12/21/2024,5.18
2024-2025,420,"Wichita (Wichita Falls), TX - Montague, TX","Archer, Baylor, Clay, Knox, Montague, Throckmorton, Wichita, Young",Texas,2/8/2025,13.35
2024-2025,422,"Coahoma, MS - Tallahatchie, MS","Coahoma, Quitman, Tallahatchie",Mississippi,2/1/2025,10.91
2024-2025,423,"Tangipahoa, LA - St. Helena, LA","St. Helena, Tangipahoa",Louisiana,12/28/2024,10
2024-2025,424,"Lafayette (Lafayette), LA - Iberia, LA","Acadia, Iberia, Lafayette, St. Martin, Vermilion",Louisiana,12/28/2024,8.97
2024-2025,425,"Travis (Austin), TX - Williamson, TX","Bastrop, Burnet, Lee, Llano, Travis, Williamson",Texas,2/1/2025,10.81
2024-2025,426,"Tom Green (San Angelo), TX - Runnels, TX","Coke, Concho, Crockett, Irion, McCulloch, Menard, Reagan, Runnels, Schleicher, Sterling, Sutton, Tom Green",Texas,2/1/2025,20.51
2024-2025,427,"Hidalgo (Mcallen), TX - Starr, TX","Hidalgo, Starr",Texas,12/28/2024,9.83
2024-2025,428,"Taylor (Abilene), TX - Jones, TX","Callahan, Eastland, Haskell, Jones, Kent, Shackelford, Stephens, Stonewall, Taylor",Texas,2/1/2025,13.67
2024-2025,429,"Garfield (Enid), OK - Kingfisher, OK","Alfalfa, Blaine, Garfield, Grant, Kingfisher, Major, Woods",Oklahoma,12/28/2024,9.49
2024-2025,430,"Cleveland (Norman), OK - McClain, OK","Cleveland, Garvin, McClain, Murray",Oklahoma,2/1/2025,16.1
2024-2025,433,"Victoria (Victoria), TX - Calhoun, TX","Calhoun, DeWitt, Goliad, Jackson, Lavaca, Refugio, Victoria",Texas,2/1/2025,11.41
2024-2025,434,"Tarrant (Fort Worth), TX - Johnson, TX","Hood, Johnson, Parker, Somervell, Tarrant",Texas,2/1/2025,21.24
2024-2025,435,"Concordia, LA - Tensas, LA","Concordia, Tensas",Louisiana,1/25/2025,10.82
2024-2025,437,"Nueces (Corpus Christi), TX - San Patricio, TX","Aransas, Brooks, Duval, Jim Wells, Kenedy, Kleberg, Live Oak, Nueces, San Patricio",Texas,12/28/2024,6.97
2024-2025,439,"Lincoln, LA - Union, LA","Bienville, Jackson, Lincoln, Union",Louisiana,12/21/2024,9.87
2024-2025,441,"Smith (Tyler), TX - Henderson, TX","Henderson, Smith, Van Zandt, Wood",Texas,2/1/2025,13.99
2024-2025,443,"Ouachita (Monroe), LA - Morehouse, LA","Caldwell, East Carroll, Franklin, Morehouse, Ouachita, Richland, West Carroll",Louisiana,2/1/2025,7.98
2024-2025,444,"Ector (Odessa), TX - Reeves, TX","Crane, Ector, Reeves, Ward, Winkler",Texas,2/1/2025,5.74
2024-2025,447,"Nacogdoches, TX - Shelby, TX","Nacogdoches, Sabine, San Augustine, Shelby",Texas,2/1/2025,14.86
2024-2025,449,"Angelina, TX - Walker, TX","Angelina, Polk, Trinity, Walker",Texas,2/1/2025,11.33
2024-2025,45,"Christian (Hopkinsville), KY - Hopkins, KY","Caldwell, Christian, Hopkins, Muhlenberg, Todd, Trigg, Webster",Kentucky,2/8/2025,11.8
2024-2025,450,"Rapides (Alexandria), LA - Avoyelles, LA","Allen, Avoyelles, Catahoula, Grant, La Salle, Rapides",Louisiana,2/1/2025,6.3
2024-2025,451,"Montgomery, KS - Chautauqua, KS","Chautauqua, Elk, Montgomery",Kansas,2/8/2025,15.7
2024-2025,452,"Bell (Killeen), TX - Coryell, TX","Bell, Coryell, Lampasas, Milam",Texas,2/1/2025,13.92
2024-2025,453,"Dallas (Dallas), TX - Collin, TX","Collin, Dallas, Ellis, Hopkins, Hunt, Kaufman, Rains, Rockwall",Texas,2/1/2025,12.65
2024-2025,454,"Gregg (Longview), TX - Rusk, TX","Gregg, Panola, Rusk, Upshur",Texas,2/1/2025,16.9
2024-2025,455,"Jones, MS - Wayne, MS","Jasper, Jones, Smith, Wayne",Mississippi,1/25/2025,8.16
2024-2025,456,"Harrison (Biloxi), MS - Hancock, MS","Hancock, Harrison, Stone",Mississippi,1/25/2025,9.38
2024-2025,458,"Wilbarger, TX - Hardeman, TX","Foard, Hardeman, Wilbarger",Texas,2/8/2025,17.21
2024-2025,459,"Lafayette, MS - Calhoun, MS","Calhoun, Lafayette, Yalobusha",Mississippi,2/8/2025,9.42
2024-2025,46,"Boyd, KY - Greenup, KY","Boyd, Carter, Greenup, Lawrence, Martin",Kentucky,2/22/2025,7.38
2024-2025,460,"Gray, TX - Wheeler, TX","Gray, Hemphill, Roberts, Wheeler",Texas,2/15/2025,12.54
2024-2025,462,"McLennan (Waco), TX - Hill, TX","Bosque, Falls, Hamilton, Hill, Limestone, McLennan",Texas,2/1/2025,16.21
2024-2025,463,"St. Landry, LA - Evangeline, LA","Evangeline, St. Landry",Louisiana,2/1/2025,8.15
2024-2025,464,"Brazos (Bryan), TX - Washington, TX","Brazos, Burleson, Grimes, Robertson, Washington",Texas,2/1/2025,8.87
2024-2025,465,"Titus, TX - Morris, TX","Camp, Franklin, Morris, Titus",Texas,2/1/2025,21.78
2024-2025,467,"Terrebonne (Houma), LA - Lafourche, LA","Assumption, Lafourche, Terrebonne",Louisiana,12/28/2024,14.71
2024-2025,470,"Calcasieu (Lake Charles), LA - Vernon, LA","Beauregard, Calcasieu, Cameron, Jefferson Davis, Vernon",Louisiana,2/1/2025,7.05
2024-2025,471,"Jackson (Pascagoula), MS - George, MS","George, Jackson",Mississippi,2/1/2025,11.7
2024-2025,474,"Carter, OK - Marshall, OK","Carter, Johnston, Love, Marshall",Oklahoma,2/1/2025,20.21
2024-2025,475,"Custer, OK - Washita, OK","Custer, Washita",Oklahoma,2/1/2025,17.11
2024-2025,477,"Pike, MS - Marion, MS","Amite, Marion, Pike, Walthall",Mississippi,12/28/2024,10.47
2024-2025,478,"Pontotoc, OK - Seminole, OK","Coal, Hughes, Pontotoc, Seminole",Oklahoma,2/1/2025,14.36
2024-2025,479,"Palo Pinto, TX - Jack, TX","Jack, Palo Pinto",Texas,2/1/2025,14.2
2024-2025,48,"Frederick, MD",Frederick,Maryland,2/8/2025,8.12
2024-2025,481,"Hale, TX - Castro, TX","Castro, Floyd, Hale",Texas,2/8/2025,19.54
2024-2025,482,"Pontotoc, MS - Union, MS","Pontotoc, Tippah, Union",Mississippi,2/1/2025,17.27
2024-2025,484,"Oktibbeha, MS - Winston, MS","Choctaw, Oktibbeha, Webster, Winston",Mississippi,2/8/2025,11.8
2024-2025,485,"Harrison (Marshall), TX - Cass, TX","Cass, Harrison, Marion",Texas,2/1/2025,16.08
2024-2025,487,"Bolivar, MS - Leflore, MS","Bolivar, Humphreys, Leflore, Sunflower",Mississippi,2/1/2025,6.68
2024-2025,488,"Washington, MS - Sharkey, MS","Issaquena, Sharkey, Washington",Mississippi,2/1/2025,17.86
2024-2025,489,"Navarro, TX - Freestone, TX","Freestone, Navarro",Texas,2/1/2025,19.07
2024-2025,49,"Chittenden (Burlington), VT - Franklin, VT","Addison, Chittenden, Franklin, Grand Isle",Vermont,2/8/2025,12.78
2024-2025,490,"Fayette, TX - Colorado, TX","Colorado, Fayette",Texas,2/1/2025,12.06
2024-2025,491,"Deaf Smith, TX - Parmer, TX","Deaf Smith, Parmer",Texas,2/8/2025,25.41
2024-2025,492,"Midland (Midland), TX - Pecos, TX","Martin, Midland, Pecos, Terrell, Upton",Texas,2/1/2025,22.84
2024-2025,495,"Denton (Denton), TX - Wise, TX","Cooke, Denton, Wise",Texas,2/1/2025,12.77
2024-2025,498,"Alcorn, MS - Tishomingo, MS","Alcorn, Tishomingo",Mississippi,2/8/2025,11.91
2024-2025,5,"Newport News City, VA - Hampton City, VA","Gloucester, Hampton City, James City, Mathews, Newport News City, Poquoson City, Williamsburg City, York",Virginia,2/1/2025,7.04
2024-2025,50,"Randolph, WV - Barbour, WV","Barbour, Pocahontas, Randolph, Tucker",West Virginia,2/22/2025,14.43
2024-2025,500,"St. Tammany (Slidell), LA - Washington, LA","St. Tammany, Washington",Louisiana,12/28/2024,8.85
2024-2025,501,"Leon, TX - Madison, TX","Leon, Madison",Texas,2/1/2025,12.97
2024-2025,502,"Grenada, MS - Montgomery, MS","Carroll, Grenada, Montgomery",Mississippi,2/1/2025,20.25
2024-2025,503,"Nolan, TX - Mitchell, TX","Fisher, Mitchell, Nolan",Texas,2/8/2025,15.79
2024-2025,504,"Jefferson Davis, MS - Lawrence, MS","Jefferson Davis, Lawrence",Mississippi,1/11/2025,11.22
2024-2025,505,"Brazoria (Lake Jackson), TX - Wharton, TX","Brazoria, Matagorda, Wharton",Texas,1/11/2025,4.63
2024-2025,506,"Kerr, TX - Gillespie, TX","Blanco, Edwards, Gillespie, Kerr, Kimble, Mason, Real",Texas,2/1/2025,11.84
2024-2025,507,"Erath, TX - Comanche, TX","Comanche, Erath",Texas,2/1/2025,28.57
2024-2025,508,"Lea, NM",Lea,New Mexico,1/25/2025,13.95
2024-2025,509,"Anderson, TX - Cherokee, TX","Anderson, Cherokee, Houston",Texas,2/1/2025,17.14
2024-2025,51,"Laurel, KY - Whitley, KY","Clay, Knox, Laurel, Whitley",Kentucky,2/8/2025,8.5
2024-2025,510,"Hays (San Marcos), TX - Caldwell, TX","Caldwell, Hays",Texas,2/1/2025,11.46
2024-2025,511,"Lincoln, MS - Copiah, MS","Copiah, Lincoln",Mississippi,12/21/2024,16.92
2024-2025,512,"Childress, TX - Hall, TX","Childress, Cottle, Hall",Texas,2/8/2025,13.04
2024-2025,513,"Bee, TX - Karnes, TX","Bee, Karnes",Texas,2/1/2025,13.96
2024-2025,516,"Maverick, TX - Val Verde, TX","Kinney, Maverick, Val Verde",Texas,2/1/2025,10.93
2024-2025,517,"Comal, TX",Comal,Texas,2/1/2025,14.3
2024-2025,518,"Howard, TX - Glasscock, TX","Glasscock, Howard",Texas,1/11/2025,0
2024-2025,520,"Cameron (Brownsville), TX - Willacy, TX","Cameron, Willacy",Texas,12/28/2024,8.61
2024-2025,523,"Claiborne, LA",Claiborne,Louisiana,12/21/2024,25.93
2024-2025,525,"Wilkinson, MS",Wilkinson,Mississippi,11/30/2024,17.91
2024-2025,526,"Brewster, TX - Presidio, TX","Brewster, Jeff Davis, Presidio",Texas,2/8/2025,9.3
2024-2025,528,"St. Mary, LA",St. Mary,Louisiana,1/4/2025,4.35
2024-2025,53,"Barren, KY - Hart, KY","Barren, Hart, Metcalfe, Monroe",Kentucky,2/8/2025,13.9
2024-2025,530,"Winn, LA",Winn,Louisiana,2/15/2025,7.69
2024-2025,531,"Dimmit, TX",Dimmit,Texas,2/1/2025,23.53
2024-2025,532,"Galveston, TX",Galveston,Texas,12/28/2024,7.34
2024-2025,533,"Yazoo, MS",Yazoo,Mississippi,12/21/2024,16.91
2024-2025,536,"Uvalde, TX",Uvalde,Texas,1/4/2025,12.22
2024-2025,538,"Webb (Laredo), TX - Zapata, TX","Jim Hogg, Webb, Zapata",Texas,2/1/2025,12.84
2024-2025,54,"Erie (Buffalo), NY - Monroe, NY","Erie, Genesee, Livingston, Monroe, Niagara, Orleans, Wyoming",New York,2/15/2025,6.71
2024-2025,540,"Hennepin (Minneapolis), MN - Anoka, MN","Anoka, Carver, Hennepin, Le Sueur, McLeod, Scott, Sherburne, Sibley, Wright",Minnesota,1/18/2025,9.25
2024-2025,542,"Douglas (Omaha), NE - Sarpy, NE","Burt, Cass, Colfax, Cuming, Dodge, Douglas, Sarpy, Saunders, Washington",Nebraska,2/8/2025,4.71
2024-2025,545,"Linn (Cedar Rapids), IA - Johnson, IA","Benton, Cedar, Iowa, Johnson, Jones, Linn, Louisa, Washington",Iowa,2/15/2025,7.46
2024-2025,546,"Polk (Des Moines), IA - Dallas, IA","Adair, Clarke, Dallas, Decatur, Jasper, Madison, Marion, Polk, Ringgold, Union, Warren",Iowa,2/1/2025,9.1
2024-2025,547,"Clay, MN - Becker, MN","Becker, Clay, Mahnomen, Norman, Wilkin",Minnesota,2/1/2025,11.24
2024-2025,55,"Wise, VA - Lee, VA","Dickenson, Lee, Norton City, Wise",Virginia,2/15/2025,12.4
2024-2025,551,"Ford, KS - Gray, KS","Clark, Ford, Gray, Hodgeman, Meade",Kansas,2/1/2025,26.4
2024-2025,552,"Howard, IA",Howard,Iowa,2/15/2025,13.56
2024-2025,554,"Shawnee (Topeka), KS - Riley, KS","Brown, Jackson, Jefferson, Nemaha, Osage, Pottawatomie, Riley, Shawnee, Wabaunsee",Kansas,2/15/2025,9.21
2024-2025,555,"Hall, NE - Hamilton, NE","Greeley, Hall, Hamilton, Howard, Merrick",Nebraska,2/15/2025,7.71
2024-2025,556,"Cerro Gordo, IA - Kossuth, IA","Cerro Gordo, Franklin, Hancock, Kossuth, Winnebago, Worth",Iowa,2/8/2025,11.01
2024-2025,557,"Black Hawk (Waterloo), IA - Bremer, IA","Black Hawk, Bremer, Buchanan, Butler, Fayette, Grundy",Iowa,2/15/2025,7.7
2024-2025,56,"Onondaga (Syracuse), NY - Oswego, NY","Cayuga, Onondaga, Oswego",New York,2/8/2025,4.66
2024-2025,560,"Woodbury (Sioux City), IA - Plymouth, IA","Buena Vista, Cherokee, Ida, Monona, Plymouth, Woodbury",Iowa,2/1/2025,16.14
2024-2025,561,"Lancaster (Lincoln), NE - Gage, NE","Butler, Gage, Jefferson, Lancaster, Saline, Seward",Nebraska,2/8/2025,6.94
2024-2025,563,"Union, IL - Alexander, IL","Alexander, Pulaski, Union",Illinois,2/8/2025,17.39
2024-2025,564,"Adams, NE - Clay, NE","Adams, Clay, Nuckolls, Webster",Nebraska,2/1/2025,5.79
2024-2025,565,"Ellis, KS - Rooks, KS","Ellis, Gove, Graham, Logan, Rooks, Trego",Kansas,2/15/2025,13.64
2024-2025,567,"Lyon, KS - Coffey, KS","Chase, Coffey, Greenwood, Lyon",Kansas,2/8/2025,6
2024-2025,569,"Saline, KS - Ellsworth, KS","Ellsworth, Lincoln, Ottawa, Saline",Kansas,2/15/2025,4.17
2024-2025,570,"Buffalo, NE - Dawson, NE","Buffalo, Dawson, Franklin, Frontier, Gosper, Kearney, Sherman",Nebraska,2/8/2025,4.66
2024-2025,573,"Blue Earth, MN - Nicollet, MN","Blue Earth, Nicollet, Waseca, Watonwan",Minnesota,1/25/2025,9.38
2024-2025,575,"Finney, KS - Scott, KS","Finney, Hamilton, Haskell, Kearny, Lane, Scott",Kansas,2/8/2025,19.49
2024-2025,576,"Sedgwick (Wichita), KS - Butler, KS","Butler, Cowley, Harvey, Marion, Sedgwick, Sumner",Kansas,2/8/2025,7.82
2024-2025,577,"Madison, NE - Wayne, NE","Antelope, Madison, Pierce, Stanton, Wayne",Nebraska,1/25/2025,6.07
2024-2025,58,"Otsego, NY - Chenango, NY","Chenango, Delaware, Otsego, Schoharie",New York,2/8/2025,6.62
2024-2025,583,"Barton, KS - Pawnee, KS","Barton, Edwards, Pawnee, Rush",Kansas,2/8/2025,13.9
2024-2025,585,"Webster, IA - Humboldt, IA","Humboldt, Pocahontas, Webster",Iowa,2/1/2025,12.28
2024-2025,587,"Seward, KS - Morton, KS","Morton, Seward",Kansas,2/15/2025,21.64
2024-2025,588,"Stearns (St. Cloud), MN - Benton, MN","Benton, Meeker, Morrison, Stearns, Todd",Minnesota,1/18/2025,16.58
2024-2025,589,"Wapello, IA - Mahaska, IA","Jefferson, Keokuk, Mahaska, Monroe, Van Buren, Wapello",Iowa,2/15/2025,10.73
2024-2025,59,"Oneida (Utica), NY - Madison, NY","Herkimer, Madison, Oneida",New York,2/8/2025,5.83
2024-2025,592,"Kandiyohi, MN - Chippewa, MN","Chippewa, Kandiyohi, Lac qui Parle, Swift, Yellow Medicine",Minnesota,1/25/2025,16.57
2024-2025,593,"Lincoln, NE - Keith, NE","Arthur, Hooker, Keith, Lincoln, McPherson, Perkins",Nebraska,2/8/2025,11.14
2024-2025,596,"Pottawattamie (Council Bluffs), IA - Harrison, IA","Audubon, Cass, Harrison, Mills, Pottawattamie, Shelby",Iowa,2/22/2025,6.34
2024-2025,598,"Reno, KS - Rice, KS","Reno, Rice, Stafford",Kansas,2/15/2025,10.83
2024-2025,60,"Raleigh, WV - Fayette, WV","Fayette, Raleigh, Summers, Wyoming",West Virginia,2/15/2025,12.9
2024-2025,601,"Labette, KS - Neosho, KS","Allen, Labette, Neosho, Woodson",Kansas,2/8/2025,17.9
2024-2025,602,"Brown, MN - Renville, MN","Brown, Redwood, Renville",Minnesota,1/25/2025,13.94
2024-2025,603,"Isanti (Cambridge), MN - Mille Lacs, MN","Isanti, Kanabec, Mille Lacs",Minnesota,1/18/2025,18.58
2024-2025,606,"Story, IA - Boone, IA","Boone, Hamilton, Hardin, Story, Wright",Iowa,2/1/2025,10.02
2024-2025,608,"Douglas, MN - Pope, MN","Douglas, Pope, Stevens",Minnesota,1/18/2025,8.99
2024-2025,609,"Lyon, MN - Lincoln, MN","Lincoln, Lyon",Minnesota,1/4/2025,9.18
2024-2025,61,"District of Columbia, DC",District of Columbia,District of Columbia,2/8/2025,8.39
2024-2025,612,"Crow Wing, MN - Cass, MN","Aitkin, Cass, Crow Wing, Hubbard, Wadena",Minnesota,1/25/2025,10.54
2024-2025,618,"Pratt, KS - Kiowa, KS","Comanche, Kiowa, Pratt",Kansas,2/1/2025,10.62
2024-2025,62,"Madison, KY - Rockcastle, KY","Estill, Jackson, Madison, Rockcastle",Kentucky,2/8/2025,17.99
2024-2025,621,"Wyandotte (Kansas City), KS - Leavenworth, KS","Leavenworth, Wyandotte",Kansas,2/8/2025,5.92
2024-2025,624,"Johnson (Overland Park), KS - Douglas, KS","Anderson, Douglas, Franklin, Johnson, Miami",Kansas,2/8/2025,9.94
2024-2025,625,"Clay, IA - Dickinson, IA","Clay, Dickinson, Palo Alto",Iowa,2/8/2025,15.98
2024-2025,626,"Emmet, IA",Emmet,Iowa,2/22/2025,14.04
2024-2025,628,"Richardson, NE - Pawnee, NE","Pawnee, Richardson",Nebraska,2/8/2025,5.88
2024-2025,63,"Rockingham, VA - Harrisonburg City, VA","Harrisonburg City, Page, Rockingham",Virginia,2/8/2025,13.08
2024-2025,630,"Crawford, KS - Bourbon, KS","Bourbon, Crawford, Linn",Kansas,2/8/2025,13.9
2024-2025,631,"Roseau, MN - Lake of the Woods, MN","Lake of the Woods, Roseau",Minnesota,1/18/2025,12.34
2024-2025,633,"Carroll, IA - Sac, IA","Calhoun, Carroll, Sac",Iowa,2/8/2025,9.47
2024-2025,634,"Floyd, IA - Chickasaw, IA","Chickasaw, Floyd",Iowa,2/8/2025,5.08
2024-2025,637,"Phillips, KS - Norton, KS","Norton, Phillips, Smith",Kansas,2/15/2025,10.17
2024-2025,64,"Atlantic (Atlantic City), NJ - Cape May, NJ","Atlantic, Cape May",New Jersey,2/8/2025,12.33
2024-2025,641,"Scott (Davenport), IA - Muscatine, IA","Muscatine, Scott",Iowa,2/8/2025,8.91
2024-2025,644,"Page, IA - Fremont, IA","Fremont, Page, Taylor",Iowa,2/1/2025,7.87
2024-2025,646,"Freeborn, MN - Faribault, MN","Faribault, Freeborn",Minnesota,2/1/2025,10.77
2024-2025,647,"Montgomery, IA - Adams, IA","Adams, Montgomery",Iowa,2/15/2025,12.06
2024-2025,649,"Appanoose, IA - Davis, IA","Appanoose, Davis",Iowa,2/15/2025,9.84
2024-2025,65,"Steuben, NY - Chemung (Elmira), NY","Chemung, Schuyler, Steuben",New York,2/8/2025,4.15
2024-2025,650,"Geary, KS - Dickinson, KS","Dickinson, Geary, Morris",Kansas,2/15/2025,15.87
2024-2025,651,"Platte, NE - Boone, NE","Boone, Nance, Platte",Nebraska,1/25/2025,6.3
2024-2025,66,"Essex (Newark), NJ - Middlesex, NJ","Essex, Middlesex, Somerset, Union",New Jersey,2/1/2025,10.71
2024-2025,67,"Rowan, KY - Morgan, KY","Elliott, Menifee, Morgan, Rowan",Kentucky,3/1/2025,6.9
2024-2025,671,"Atchison, KS",Atchison,Kansas,2/8/2025,21.03
2024-2025,672,"Sioux, IA",Sioux,Iowa,2/1/2025,11.54
2024-2025,674,"McPherson, KS",McPherson,Kansas,2/8/2025,12.84
2024-2025,679,"Marshall, IA - Tama, IA","Marshall, Tama",Iowa,2/15/2025,10.73
2024-2025,68,"Bristol (New Bedford), MA",Bristol,Massachusetts,2/8/2025,10.63
2024-2025,686,"Poweshiek, IA",Poweshiek,Iowa,2/15/2025,14.74
2024-2025,688,"Denver (Denver), CO - Jefferson, CO","Adams, Arapahoe, Clear Creek, Denver, Douglas, Elbert, Gilpin, Grand, Jefferson, Park, Summit",Colorado,1/4/2025,5.18
2024-2025,689,"Multnomah (Portland), OR - Washington, OR","Clackamas, Clatsop, Columbia, Multnomah, Washington",Oregon,12/28/2024,9.71
2024-2025,69,"Fairfax, VA - Arlington, VA","Alexandria City, Arlington, Fairfax, Fairfax City, Falls Church City, Loudoun",Virginia,2/8/2025,12.03
2024-2025,691,"Yellowstone (Billings), MT - Big Horn, MT","Big Horn, Carbon, Golden Valley, Musselshell, Rosebud, Stillwater, Treasure, Yellowstone",Montana,2/8/2025,8.11
2024-2025,692,"Cascade (Great Falls), MT - Glacier, MT","Cascade, Chouteau, Glacier, Judith Basin, Pondera, Teton, Toole",Montana,3/1/2025,7.39
2024-2025,693,"Bernalillo (Albuquerque), NM - Sandoval, NM","Bernalillo, Cibola, Sandoval, Socorro, Torrance, Valencia",New Mexico,1/4/2025,6.9
2024-2025,694,"Nez Perce, ID - Idaho, ID","Clearwater, Idaho, Lewis, Nez Perce",Idaho,12/28/2024,4.38
2024-2025,695,"Twin Falls, ID - Jerome, ID","Gooding, Jerome, Lincoln, Twin Falls",Idaho,1/4/2025,6.38
2024-2025,696,"Bannock, ID - Bingham, ID","Bannock, Bingham, Caribou, Oneida, Power",Idaho,12/21/2024,6.08
2024-2025,7,"Kanawha (Charleston), WV - Putnam, WV","Boone, Clay, Kanawha, Nicholas, Putnam, Webster",West Virginia,2/22/2025,7.42
2024-2025,70,"Montgomery, VA - Pulaski, VA","Giles, Montgomery, Pulaski, Radford City, Wythe",Virginia,2/15/2025,9.87
2024-2025,703,"Utah (Provo), UT - Sanpete, UT","Juab, Millard, Sanpete, Sevier, Utah, Wayne",Utah,12/28/2024,9.76
2024-2025,704,"Pueblo (Pueblo), CO - Las Animas, CO","Huerfano, Las Animas, Pueblo",Colorado,2/8/2025,3.61
2024-2025,705,"Marion (Salem), OR - Yamhill, OR","Marion, Polk, Yamhill",Oregon,12/28/2024,12.73
2024-2025,707,"Clark (Las Vegas), NV - Nye, NV","Clark, Esmeralda, Lincoln, Nye",Nevada,12/28/2024,4.86
2024-2025,708,"Salt Lake (Salt Lake City), UT - Tooele, UT","Duchesne, Salt Lake, Summit, Tooele, Uintah, Wasatch",Utah,12/28/2024,8.35
2024-2025,71,"Halifax with South Boston City, VA - Mecklenburg, VA","Halifax with South Boston City, Lunenburg, Mecklenburg",Virginia,2/8/2025,16.98
2024-2025,711,"Mesa, CO - Garfield, CO","Eagle, Garfield, Mesa, Pitkin, Rio Blanco",Colorado,1/4/2025,5.43
2024-2025,712,"Hill, MT - Blaine, MT","Blaine, Hill, Liberty, Phillips",Montana,3/1/2025,11.29
2024-2025,713,"Missoula, MT - Ravalli, MT","Granite, Lake, Mineral, Missoula, Ravalli, Sanders",Montana,2/22/2025,7.47
2024-2025,716,"Ada (Boise City), ID - Canyon, ID","Ada, Boise, Canyon, Elmore, Gem, Owyhee, Valley",Idaho,12/28/2024,7.73
2024-2025,717,"Umatilla, OR - Morrow, OR","Morrow, Umatilla",Oregon,12/28/2024,12.96
2024-2025,719,"Deschutes, OR - Crook, OR","Crook, Deschutes, Harney, Jefferson, Wheeler",Oregon,12/28/2024,7.43
2024-2025,72,"Washington (Hagerstown), MD",Washington,Maryland,2/8/2025,8.95
2024-2025,720,"Elko, NV - Lander, NV","Elko, Eureka, Lander",Nevada,12/21/2024,6.59
2024-2025,721,"Lewis and Clark, MT - Jefferson, MT","Broadwater, Jefferson, Lewis and Clark",Montana,2/15/2025,8.89
2024-2025,722,"Bonneville, ID - Madison, ID","Bonneville, Butte, Clark, Custer, Fremont, Jefferson, Madison, Teton",Idaho,12/28/2024,6.4
2024-2025,724,"Santa Fe (Santa Fe), NM - Rio Arriba, NM","Los Alamos, Rio Arriba, Santa Fe, Taos",New Mexico,1/4/2025,9.21
2024-2025,725,"Curry, NM - Roosevelt, NM","Curry, De Baca, Quay, Roosevelt",New Mexico,2/8/2025,9.95
2024-2025,726,"Natrona (Casper), WY - Converse, WY","Converse, Natrona",Wyoming,1/18/2025,6.89
2024-2025,727,"Linn, OR - Benton, OR","Benton, Linn",Oregon,12/28/2024,6.5
2024-2025,728,"Flathead, MT - Lincoln, MT","Flathead, Lincoln",Montana,2/22/2025,9.22
2024-2025,729,"Payette, ID - Washington, ID","Adams, Payette, Washington",Idaho,1/18/2025,5.94
2024-2025,73,"Alleghany, NC",Alleghany,North Carolina,2/1/2025,16.67
2024-2025,730,"Cassia, ID - Minidoka, ID","Cassia, Minidoka",Idaho,2/22/2025,14.05
2024-2025,732,"Dona Ana (Las Cruces), NM - Luna, NM","Dona Ana, Luna, Sierra",New Mexico,1/4/2025,7.11
2024-2025,734,"Kootenai, ID - Bonner, ID","Benewah, Bonner, Boundary, Kootenai, Shoshone",Idaho,2/8/2025,6.47
2024-2025,74,"Essex (Lynn), MA",Essex,Massachusetts,2/8/2025,11.22
2024-2025,741,"Cheyenne, NE - Kimball, NE","Cheyenne, Deuel, Kimball",Nebraska,2/1/2025,7.22
2024-2025,742,"Silver Bow, MT - Deer Lodge, MT","Beaverhead, Deer Lodge, Silver Bow",Montana,2/15/2025,7.03
2024-2025,743,"Klamath, OR - Lake, OR","Klamath, Lake",Oregon,12/14/2024,12.9
2024-2025,744,"Davis, UT - Weber (Ogden), UT","Box Elder, Davis, Morgan, Rich, Weber",Utah,2/1/2025,6.05
2024-2025,748,"Wasco, OR - Hood River, OR","Gilliam, Hood River, Sherman, Wasco",Oregon,12/28/2024,15.8
2024-2025,749,"Park, WY - Big Horn, WY","Big Horn, Park",Wyoming,2/15/2025,6.33
2024-2025,75,"New Castle (Wilmington), DE",New Castle,Delaware,2/8/2025,10.03
2024-2025,754,"El Paso (Colorado Springs), CO - Teller, CO","Cheyenne, El Paso, Kit Carson, Lincoln, Teller",Colorado,2/8/2025,5.26
2024-2025,755,"Iron, UT - Beaver, UT","Beaver, Iron",Utah,12/28/2024,13.76
2024-2025,756,"Park, MT - Sweet Grass, MT","Park, Sweet Grass",Montana,2/22/2025,5.71
2024-2025,759,"Union, OR - Baker, OR","Baker, Union, Wallowa",Oregon,2/1/2025,10.37
2024-2025,76,"Fulton, NY - Montgomery (Amsterdam), NY","Fulton, Montgomery",New York,2/8/2025,6.98
2024-2025,760,"Weld, CO - Morgan, CO","Morgan, Washington, Weld, Yuma",Colorado,2/1/2025,7.51
2024-2025,767,"Richland, MT - Dawson, MT","Dawson, McCone, Richland, Wibaux",Montana,2/15/2025,8.51
2024-2025,769,"Otero, NM - Lincoln, NM","Lincoln, Otero",New Mexico,2/1/2025,11.57
2024-2025,77,"Petersburg City, VA - Prince George, VA","Dinwiddie, Hopewell City, Petersburg City, Prince George, Surry, Sussex",Virginia,2/8/2025,11.18
2024-2025,770,"Sheridan, WY - Johnson, WY","Johnson, Sheridan",Wyoming,2/8/2025,10.49
2024-2025,772,"Chaves, NM - Eddy, NM","Chaves, Eddy",New Mexico,12/28/2024,13.09
2024-2025,773,"Gallatin and Yellowstone National Park, MT - Madison, MT","Gallatin and Yellowstone National Park, Madison",Montana,2/15/2025,8.59
2024-2025,775,"Teton, WY - Lincoln, WY","Lincoln, Sublette, Teton",Wyoming,2/1/2025,5.08
2024-2025,777,"Fremont, WY - Washakie, WY","Fremont, Hot Springs, Washakie",Wyoming,1/4/2025,9.61
2024-2025,779,"Roosevelt, MT - Valley, MT","Roosevelt, Valley",Montana,2/15/2025,18.22
2024-2025,782,"Lane (Eugene), OR - Douglas, OR","Douglas, Lane",Oregon,2/15/2025,5.36
2024-2025,783,"Lincoln, OR - Tillamook, OR","Lincoln, Tillamook",Oregon,2/8/2025,7.75
2024-2025,784,"Latah, ID",Latah,Idaho,12/28/2024,11.76
2024-2025,792,"Uinta, WY",Uinta,Wyoming,3/1/2025,7.08
2024-2025,793,"Grant, NM - Hidalgo, NM","Catron, Grant, Hidalgo",New Mexico,2/1/2025,7.25
2024-2025,795,"Boulder, CO - Broomfield, CO","Boulder, Broomfield",Colorado,2/1/2025,5.33
2024-2025,796,"Larimer, CO",Larimer,Colorado,2/8/2025,5.35
2024-2025,80,"St. Lawrence, NY - Jefferson, NY","Jefferson, Lewis, St. Lawrence",New York,2/1/2025,6.13
2024-2025,801,"San Miguel, NM - Mora, NM","Guadalupe, Harding, Mora, San Miguel",New Mexico,2/1/2025,12.17
2024-2025,805,"White Pine, NV",White Pine,Nevada,1/25/2025,15.52
2024-2025,808,"Blaine, ID - Camas, ID","Blaine, Camas",Idaho,1/25/2025,7.3
2024-2025,809,"Carbon, UT - Emery, UT","Carbon, Emery",Utah,1/4/2025,4.58
2024-2025,81,"Clinton, NY - Franklin, NY","Clinton, Essex, Franklin",New York,2/15/2025,8.06
2024-2025,82,"Taylor, KY - Adair, KY","Adair, Green, Russell, Taylor",Kentucky,2/1/2025,13.12
2024-2025,821,"Honolulu (Honolulu), HI - Maui, HI","Honolulu, Kalawao, Maui",Hawaii,1/11/2025,7
2024-2025,822,"Kauai, HI",Kauai,Hawaii,1/4/2025,5.6
2024-2025,823,"Hawaii, HI",Hawaii,Hawaii,12/28/2024,10.85
2024-2025,825,"Henry, GA - Forsyth, GA","Fayette, Forsyth, Henry, Rockdale, Walton",Georgia,2/1/2025,7.41
2024-2025,826,"Cherokee, GA - Douglas, GA","Cherokee, Douglas, Paulding, Pickens",Georgia,2/1/2025,11.43
2024-2025,827,"Newton (Covington), GA",Newton,Georgia,2/1/2025,9.54
2024-2025,828,"Baldwin, GA",Baldwin,Georgia,2/1/2025,13.98
2024-2025,829,"Clarke (Athens), GA - Barrow, GA","Barrow, Clarke, Jackson, Madison, Oconee, Oglethorpe",Georgia,2/1/2025,8.3
2024-2025,83,"Suffolk, NY - Nassau, NY","Nassau, Suffolk",New York,2/1/2025,7.45
2024-2025,830,"Richmond (South Augusta), GA - Columbia, GA","Burke, Columbia, Jenkins, Lincoln, McDuffie, Richmond",Georgia,12/28/2024,5.78
2024-2025,831,"Washtenaw, MI - Livingston, MI","Livingston, Washtenaw",Michigan,2/8/2025,6.17
2024-2025,85,"New Haven (New Haven), CT - Litchfield, CT","Litchfield, Middlesex, New Haven",Connecticut,2/1/2025,7.94
2024-2025,851,"Mineral, WV - Hardy, WV","Grant, Hardy, Mineral",West Virginia,2/22/2025,13.46
2024-2025,852,"Wicomico, MD - Worcester, MD","Somerset, Wicomico, Worcester",Maryland,2/8/2025,12.27
2024-2025,853,"Virginia Beach City, VA - Norfolk City, VA","Chesapeake City, Franklin City, Isle of Wight, Norfolk City, Portsmouth City, Southampton, Suffolk City, Virginia Beach City",Virginia,2/1/2025,9.6
2024-2025,854,"Bennington, VT",Bennington,Vermont,2/8/2025,7.37
2024-2025,855,"McCracken, KY - Graves, KY","Ballard, Carlisle, Crittenden, Graves, Hickman, Livingston, Lyon, Marshall, McCracken",Kentucky,2/8/2025,14.58
2024-2025,856,"Logan, WV - Mingo, WV","Logan, Mingo",West Virginia,3/1/2025,6.91
2024-2025,857,"Washington, VT - Windsor, VT","Orange, Washington, Windsor",Vermont,2/15/2025,10.18
2024-2025,86,"Orange (Newburgh), NY - Sullivan, NY","Orange, Sullivan",New York,2/1/2025,9.73
2024-2025,860,"Ohio (Wheeling), WV - Marshall, WV","Marshall, Ohio, Tyler, Wetzel",West Virginia,2/15/2025,20.05
2024-2025,861,"Berkeley, WV - Jefferson, WV","Berkeley, Hampshire, Jefferson, Morgan",West Virginia,2/15/2025,14.64
2024-2025,862,"Greenbrier, WV - Monroe, WV","Greenbrier, Monroe",West Virginia,2/22/2025,13.46
2024-2025,863,"Wood (Parkersburg), WV - Jackson, WV","Calhoun, Jackson, Pleasants, Ritchie, Roane, Wirt, Wood",West Virginia,2/22/2025,10.52
2024-2025,865,"Rockland, NY",Rockland,New York,1/25/2025,11.38
2024-2025,866,"Mercer, WV - McDowell, WV","McDowell, Mercer",West Virginia,2/15/2025,14.92
2024-2025,867,"Cabell (Huntington), WV - Wayne, WV","Cabell, Lincoln, Wayne",West Virginia,2/15/2025,6.23
2024-2025,869,"Montgomery, MD - Prince Georges, MD","Charles, Montgomery, Prince Georges, St. Marys",Maryland,2/8/2025,11.16
2024-2025,87,"Morris (Parsippany-Troy Hills Township), NJ - Sussex, NJ","Morris, Sussex",New Jersey,2/1/2025,7.24
2024-2025,875,"Harford, MD - Cecil, MD","Cecil, Harford",Maryland,2/8/2025,12.08
2024-2025,877,"Windham, VT",Windham,Vermont,2/15/2025,12.47
2024-2025,878,"Claiborne, TN",Claiborne,Tennessee,2/8/2025,8.18
2024-2025,88,"Saratoga, NY - Schenectady (Schenectady), NY","Hamilton, Saratoga, Schenectady, Warren, Washington",New York,2/1/2025,5.96
2024-2025,881,"Columbia, NY - Greene, NY","Columbia, Greene",New York,2/8/2025,8.58
2024-2025,882,"Henry, TN - Carroll, TN","Benton, Carroll, Henry",Tennessee,2/8/2025,11
2024-2025,883,"Pittsylvania (Danville), VA - Danville City, VA","Danville City, Pittsylvania",Virginia,2/8/2025,18.78
2024-2025,885,"Hamilton (Chattanooga), TN - Marion, TN","Hamilton, Marion, Sequatchie",Tennessee,12/28/2024,7.63
2024-2025,886,"Beaufort, SC - Jasper, SC","Beaufort, Jasper",South Carolina,1/25/2025,11.22
2024-2025,887,"Shelby (Memphis), TN - Tipton, TN","Fayette, Shelby, Tipton",Tennessee,2/1/2025,13.16
2024-2025,888,"Washington, VA - Smyth, VA","Bristol City, Russell, Scott, Smyth, Washington",Virginia,2/8/2025,8.01
2024-2025,889,"Aiken, SC - Edgefield, SC","Aiken, Barnwell, Edgefield",South Carolina,2/1/2025,9.85
2024-2025,89,"Hardin, KY - Meade, KY","Breckinridge, Grayson, Hardin, Larue, Meade",Kentucky,2/8/2025,18.54
2024-2025,890,"Glynn, GA - Camden, GA","Brantley, Camden, Charlton, Glynn, McIntosh",Georgia,2/1/2025,8.66
2024-2025,893,"Muscogee (Columbus), GA - Harris, GA","Chattahoochee, Harris, Marion, Muscogee, Schley, Stewart, Talbot, Webster",Georgia,2/1/2025,6.91
2024-2025,894,"Coweta, GA - Troup (La Grange), GA","Coweta, Heard, Meriwether, Troup",Georgia,2/1/2025,7.43
2024-2025,895,"Bradley, TN - Polk, TN","Bradley, Polk",Tennessee,1/25/2025,3.7
2024-2025,896,"Carroll, GA - Haralson, GA","Carroll, Haralson",Georgia,2/1/2025,11.05
2024-2025,897,"Weakley, TN - Obion, TN","Obion, Weakley",Tennessee,2/1/2025,15.39
2024-2025,899,"Johnson, TN",Johnson,Tennessee,2/22/2025,12.29
2024-2025,9,"Cumberland (Portland), ME - Knox, ME","Cumberland, Knox, Lincoln, Sagadahoc",Maine,2/15/2025,6.43
2024-2025,900,"Lincoln, TN",Lincoln,Tennessee,1/25/2025,9
2024-2025,902,"Vanderburgh (Evansville), IN - Warrick, IN","Gibson, Posey, Spencer, Vanderburgh, Warrick",Indiana,2/15/2025,7.48
2024-2025,904,"Mason, WV",Mason,West Virginia,2/22/2025,6.06
2024-2025,905,"Oneida, WI - Vilas, WI","Forest, Iron, Oneida, Vilas",Wisconsin,2/8/2025,14.16
2024-2025,906,"Polk, WI",Polk,Wisconsin,1/25/2025,11.21
2024-2025,907,"Douglas, WI",Douglas,Wisconsin,2/1/2025,15.41
2024-2025,908,"La Crosse (La Crosse), WI - Monroe, WI","La Crosse, Monroe, Trempealeau, Vernon",Wisconsin,2/1/2025,11.54
2024-2025,909,"Dubuque (Dubuque), IA - Jackson, IA","Dubuque, Jackson",Iowa,2/8/2025,13.92
2024-2025,910,"Knox, IN - Daviess, IN","Daviess, Knox, Martin, Pike",Indiana,2/8/2025,8.81
2024-2025,911,"Vigo (Terre Haute), IN - Clay, IN","Clay, Parke, Sullivan, Vermillion, Vigo",Indiana,2/15/2025,12.12
2024-2025,912,"Marinette, WI - Florence, WI","Florence, Marinette",Wisconsin,2/8/2025,14.81
2024-2025,913,"Daviess (Owensboro), KY - Ohio, KY","Daviess, Hancock, McLean, Ohio",Kentucky,2/8/2025,12.08
2024-2025,914,"Carroll, KY - Trimble, KY","Carroll, Trimble",Kentucky,2/15/2025,19.32
2024-2025,915,"Fountain, IN - Warren, IN","Fountain, Warren",Indiana,2/8/2025,20.44
2024-2025,917,"Des Moines, IA - Henry, IA","Des Moines, Henry",Iowa,2/8/2025,8.46
2024-2025,919,"Crawford, WI",Crawford,Wisconsin,2/1/2025,18.9
2024-2025,92,"Harrison, WV - Upshur, WV","Braxton, Doddridge, Gilmer, Harrison, Lewis, Upshur",West Virginia,2/15/2025,13.61
2024-2025,921,"Clinton, IA",Clinton,Iowa,2/8/2025,16.96
2024-2025,923,"St. Croix, WI - Pierce, WI","Pierce, St. Croix",Wisconsin,1/18/2025,9.34
2024-2025,924,"Hancock (Weirton), WV - Brooke, WV","Brooke, Hancock",West Virginia,2/8/2025,16.52
2024-2025,925,"Bowie (Texarkana), TX",Bowie,Texas,12/28/2024,14.92
2024-2025,926,"Lauderdale, MS - Neshoba, MS","Clarke, Kemper, Lauderdale, Neshoba, Newton",Mississippi,2/1/2025,9.55
2024-2025,928,"Warren, MS - Claiborne, MS","Claiborne, Warren",Mississippi,1/25/2025,5.41
2024-2025,929,"Adams, MS - Jefferson, MS","Adams, Franklin, Jefferson",Mississippi,1/25/2025,6.36
2024-2025,93,"Hunterdon, NJ - Warren (Phillipsburg), NJ","Hunterdon, Warren",New Jersey,2/1/2025,8.88
2024-2025,930,"Grayson (Sherman), TX - Fannin, TX","Fannin, Grayson",Texas,2/1/2025,21.19
2024-2025,931,"Lamar, TX - Red River, TX","Delta, Lamar, Red River",Texas,2/1/2025,19.31
2024-2025,932,"Delaware, OK",Delaware,Oklahoma,2/1/2025,15.02
2024-2025,934,"Lowndes, MS - Clay, MS","Clay, Lowndes, Noxubee",Mississippi,2/1/2025,12.05
2024-2025,936,"Pearl River, MS",Pearl River,Mississippi,2/1/2025,10.02
2024-2025,937,"Gaines, TX - Andrews, TX","Andrews, Gaines",Texas,2/1/2025,19.7
2024-2025,941,"Olmsted (Rochester), MN - Winona, MN","Dodge, Fillmore, Mower, Olmsted, Steele, Wabasha, Winona",Minnesota,2/1/2025,10.86
2024-2025,943,"Grant, KS - Stanton, KS","Grant, Stanton",Kansas,2/8/2025,16.67
2024-2025,95,"Androscoggin (Lewiston), ME - Oxford, ME","Androscoggin, Franklin, Oxford",Maine,2/15/2025,10.02
2024-2025,958,"Martin, MN",Martin,Minnesota,2/8/2025,8.14
2024-2025,96,"Harlan, KY - Bell, KY","Bell, Harlan",Kentucky,3/8/2025,10.64
2024-2025,962,"Washoe (Reno), NV - Carson City, NV","Carson City, Churchill, Douglas, Humboldt, Lyon, Mineral, Pershing, Storey, Washoe",Nevada,12/28/2024,7.34
2024-2025,964,"Washington, UT - Kane, UT","Garfield, Kane, Piute, Washington",Utah,12/28/2024,11.35
2024-2025,966,"Cache, UT",Cache,Utah,1/4/2025,7.47
2024-2025,968,"Malheur, OR",Malheur,Oregon,12/28/2024,7.79
2024-2025,969,"Coos, OR - Curry, OR","Coos, Curry",Oregon,2/8/2025,12.15
2024-2025,97,"Augusta, VA - Staunton City, VA","Augusta, Buena Vista City, Highland, Lexington City, Rockbridge, Staunton City, Waynesboro City",Virginia,2/8/2025,13.74
2024-2025,970,"San Juan, UT",San Juan,Utah,12/28/2024,6.45
2024-2025,971,"Laramie (Cheyenne), WY",Laramie,Wyoming,1/18/2025,6.83
2024-2025,973,"Jackson (Medford), OR - Josephine, OR","Jackson, Josephine",Oregon,2/15/2025,7.56
2024-2025,975,"Albany, WY - Carbon, WY","Albany, Carbon",Wyoming,1/18/2025,8.08
2024-2025,98,"York, ME",York,Maine,2/8/2025,5.59
2024-2025,985,"La Plata, CO - Montezuma, CO","Archuleta, Dolores, La Plata, Montezuma, San Juan",Colorado,1/11/2025,3.59
2024-2025,986,"San Juan, NM",San Juan,New Mexico,12/28/2024,4.93
2024-2025,99,"Albemarle, VA - Charlottesville City, VA","Albemarle, Buckingham, Charlottesville City, Culpeper, Fluvanna, Greene, Louisa, Madison, Nelson, Orange, Rappahannock",Virginia,2/8/2025,10.78
2024-2025,All,All,All,Alabama,1/4/2025,7.76
2024-2025,All,All,All,Alaska,3/8/2025,5.37
2024-2025,All,All,All,Arizona,1/4/2025,8.38
2024-2025,All,All,All,Arkansas,2/8/2025,9.21
2024-2025,All,All,All,California,2/8/2025,6
2024-2025,All,All,All,Colorado,2/8/2025,5.01
2024-2025,All,All,All,Connecticut,2/8/2025,9.05
2024-2025,All,All,All,Delaware,2/15/2025,10.58
2024-2025,All,All,All,District of Columbia,2/15/2025,7.93
2024-2025,All,All,All,Florida,2/8/2025,6.49
2024-2025,All,All,All,Georgia,2/8/2025,6.13
2024-2025,All,All,All,Hawaii,1/18/2025,7.13
2024-2025,All,All,All,Idaho,1/4/2025,5.31
2024-2025,All,All,All,Illinois,2/15/2025,8.32
2024-2025,All,All,All,Indiana,2/15/2025,11.35
2024-2025,All,All,All,Iowa,2/15/2025,8.85
2024-2025,All,All,All,Kansas,2/15/2025,8.95
2024-2025,All,All,All,Kentucky,2/15/2025,9.87
2024-2025,All,All,All,Louisiana,1/4/2025,6.5
2024-2025,All,All,All,Maine,2/22/2025,8.08
2024-2025,All,All,All,Maryland,2/15/2025,9.28
2024-2025,All,All,All,Massachusetts,2/15/2025,8.87
2024-2025,All,All,All,Michigan,2/22/2025,8.04
2024-2025,All,All,All,Minnesota,2/1/2025,8.58
2024-2025,All,All,All,Mississippi,2/8/2025,8.01
2024-2025,All,All,All,Montana,2/22/2025,7.31
2024-2025,All,All,All,Nebraska,2/15/2025,5.45
2024-2025,All,All,All,Nevada,1/11/2025,3.96
2024-2025,All,All,All,New Hampshire,2/15/2025,9.82
2024-2025,All,All,All,New Jersey,2/8/2025,9
2024-2025,All,All,All,New Mexico,1/11/2025,5.79
2024-2025,All,All,All,New York,2/8/2025,5.6
2024-2025,All,All,All,North Carolina,2/8/2025,13.13
2024-2025,All,All,All,North Dakota,2/8/2025,5.11
2024-2025,All,All,All,Ohio,2/22/2025,8.88
2024-2025,All,All,All,Oklahoma,2/8/2025,11.8
2024-2025,All,All,All,Oregon,1/4/2025,6.1
2024-2025,All,All,All,Pennsylvania,2/15/2025,7.48
2024-2025,All,All,All,Rhode Island,2/15/2025,5.35
2024-2025,All,All,All,South Carolina,2/8/2025,10.8
2024-2025,All,All,All,South Dakota,2/15/2025,8.17
2024-2025,All,All,All,Tennessee,2/8/2025,7.78
2024-2025,All,All,All,Texas,2/8/2025,9.29
2024-2025,All,All,All,United States,2/8/2025,8.19
2024-2025,All,All,All,Utah,1/11/2025,5.03
2024-2025,All,All,All,Vermont,2/15/2025,9.83
2024-2025,All,All,All,Virginia,2/15/2025,9.91
2024-2025,All,All,All,Washington,2/22/2025,7.48
2024-2025,All,All,All,West Virginia,2/22/2025,10.46
2024-2025,All,All,All,Wisconsin,2/8/2025,9.79
2024-2025,All,All,All,Wyoming,2/8/2025,5.61
2025-2026,1,"Allegany (Cumberland), MD - Garrett, MD","Allegany, Garrett",Maryland,1/3/2026,5.79
2025-2026,10,"Albany (Albany), NY - Rensselaer, NY","Albany, Rensselaer",New York,12/27/2025,7.93
2025-2026,101,"Worcester (Worcester), MA - Franklin, MA","Franklin, Worcester",Massachusetts,12/27/2025,11.28
2025-2026,102,"Bourbon (Paris), KY - Nicholas, KY","Bourbon, Nicholas",Kentucky,1/31/2026,9.14
2025-2026,103,"Caledonia, VT - Orleans, VT","Caledonia, Lamoille, Orleans",Vermont,1/17/2026,6.3
2025-2026,104,"Clinton, KY - Cumberland, KY","Clinton, Cumberland",Kentucky,3/21/2026,5.88
2025-2026,105,"Tompkins, NY - Cortland, NY","Cortland, Tompkins",New York,1/3/2026,10.52
2025-2026,106,"Chautauqua, NY",Chautauqua,New York,1/3/2026,6.66
2025-2026,107,"Queen Annes, MD - Talbot, MD","Caroline, Dorchester, Queen Annes, Talbot",Maryland,12/27/2025,13.32
2025-2026,108,"Monmouth, NJ - Ocean (Brick Township), NJ","Monmouth, Ocean",New Jersey,12/27/2025,11.92
2025-2026,109,"Prince William (Dale City), VA - Fauquier, VA","Fauquier, Manassas City, Manassas Park City, Prince William",Virginia,12/27/2025,13.8
2025-2026,11,"Floyd, KY - Johnson, KY","Floyd, Johnson, Magoffin",Kentucky,1/24/2026,6.75
2025-2026,112,"Berkshire (Pittsfield), MA",Berkshire,Massachusetts,1/3/2026,7.95
2025-2026,114,"Franklin, KY - Anderson, KY","Anderson, Franklin, Owen",Kentucky,1/10/2026,3.65
2025-2026,115,"Calloway, KY",Calloway,Kentucky,3/7/2026,2.01
2025-2026,116,"Mason, KY - Fleming, KY","Bracken, Fleming, Mason",Kentucky,12/27/2025,11.84
2025-2026,119,"Harrison, KY - Robertson, KY","Harrison, Robertson",Kentucky,1/3/2026,3.99
2025-2026,12,"Massac, IL - Johnson, IL","Johnson, Massac",Illinois,12/27/2025,13.91
2025-2026,121,"Fairfield, CT",Fairfield,Connecticut,12/20/2025,14.67
2025-2026,122,"Rutland, VT",Rutland,Vermont,1/17/2026,6.5
2025-2026,123,"Letcher, KY",Letcher,Kentucky,1/17/2026,4.12
2025-2026,124,"Kent, MD",Kent,Maryland,1/3/2026,10.55
2025-2026,126,"Mercer, NJ",Mercer,New Jersey,12/27/2025,11.46
2025-2026,127,"Cumberland, NJ",Cumberland,New Jersey,2/21/2026,9.51
2025-2026,13,"Pike, KY",Pike,Kentucky,1/24/2026,6.52
2025-2026,131,"Montgomery, KY - Bath, KY","Bath, Montgomery",Kentucky,3/14/2026,3.59
2025-2026,135,"Stafford, VA - Spotsylvania, VA","Caroline, Fredericksburg City, King George, Spotsylvania, Stafford",Virginia,12/27/2025,10.93
2025-2026,136,"Aroostook, ME",Aroostook,Maine,1/17/2026,11.21
2025-2026,14,"Roanoke City, VA - Roanoke, VA","Amherst, Appomattox, Bedford, Bedford City, Botetourt, Campbell, Craig, Floyd, Franklin, Lynchburg City, Roanoke, Roanoke City, Salem City",Virginia,1/3/2026,5.44
2025-2026,141,"Walker, GA - Catoosa, GA","Catoosa, Dade, Walker",Georgia,12/27/2025,16.9
2025-2026,143,"Chatham (Savannah), GA - Liberty, GA","Bryan, Chatham, Effingham, Evans, Liberty, Long, Tattnall",Georgia,12/27/2025,5.13
2025-2026,144,"Dougherty (Albany), GA - Lee, GA","Baker, Calhoun, Clay, Dougherty, Early, Lee, Randolph, Terrell, Worth",Georgia,2/14/2026,1.38
2025-2026,145,"Whitfield, GA - Murray, GA","Murray, Whitfield",Georgia,12/27/2025,13.84
2025-2026,146,"DeSoto, MS - Marshall, MS","Benton, DeSoto, Marshall, Panola, Tate, Tunica",Mississippi,1/31/2026,8.16
2025-2026,147,"Knox (Knoxville), TN - Blount, TN","Blount, Knox, Loudon, McMinn, Meigs, Monroe, Sevier, Union",Tennessee,12/27/2025,6.63
2025-2026,148,"Davidson (Nashville-Davidson), TN - Williamson, TN","Cheatham, Davidson, Dickson, Hickman, Humphreys, Robertson, Williamson",Tennessee,12/27/2025,7.23
2025-2026,149,"Forsyth (Winston-Salem), NC - Surry, NC","Davie, Forsyth, Stokes, Surry, Yadkin",North Carolina,12/27/2025,13.31
2025-2026,151,"Sullivan (Kingsport), TN - Hawkins, TN","Hawkins, Sullivan",Tennessee,12/27/2025,13.01
2025-2026,153,"Fulton (Atlanta), GA - DeKalb, GA","Clayton, DeKalb, Fulton, Gwinnett",Georgia,12/27/2025,7.26
2025-2026,154,"Floyd, GA - Bartow, GA","Bartow, Chattooga, Floyd, Gordon, Polk",Georgia,12/27/2025,16.45
2025-2026,157,"Hall, GA - Habersham, GA","Banks, Dawson, Habersham, Hall, Lumpkin, Towns, Union, White",Georgia,12/27/2025,11.26
2025-2026,16,"Baltimore, MD - Baltimore City, MD","Anne Arundel, Baltimore, Baltimore City, Calvert, Carroll, Howard",Maryland,12/27/2025,10.95
2025-2026,160,"Richland (Columbia), SC - Lexington, SC","Fairfield, Lexington, Newberry, Richland",South Carolina,12/27/2025,9.34
2025-2026,164,"Morgan, GA - Greene, GA","Greene, Morgan",Georgia,1/3/2026,8.91
2025-2026,167,"Mecklenburg (Charlotte), NC - Union, NC","Anson, Mecklenburg, Union",North Carolina,12/27/2025,21.88
2025-2026,168,"New Hanover (Wilmington), NC - Brunswick, NC","Brunswick, New Hanover, Pender",North Carolina,12/27/2025,15.71
2025-2026,169,"Washington (Johnson City), TN - Carter, TN","Carter, Unicoi, Washington",Tennessee,12/27/2025,10.63
2025-2026,17,"Penobscot (Bangor), ME - Hancock, ME","Hancock, Penobscot, Piscataquis, Washington",Maine,1/3/2026,9.45
2025-2026,170,"Durham (Durham), NC - Granville, NC","Durham, Granville, Person, Vance, Warren",North Carolina,1/3/2026,9.09
2025-2026,178,"Thomas, GA - Mitchell, GA","Grady, Mitchell, Thomas",Georgia,8/2/2025,0
2025-2026,18,"Fayette (Lexington-Fayette), KY - Jessamine, KY","Breathitt, Clark, Fayette, Jessamine, Knott, Lee, Leslie, Owsley, Perry, Powell, Scott, Wolfe, Woodford",Kentucky,12/27/2025,6.39
2025-2026,180,"Lowndes, GA - Brooks, GA","Berrien, Brooks, Cook, Echols, Lanier, Lowndes",Georgia,2/14/2026,9.48
2025-2026,182,"Greenville (Greenville), SC - Anderson, SC","Anderson, Greenville, Oconee, Pickens",South Carolina,12/27/2025,11.9
2025-2026,184,"Florence (Florence), SC - Darlington, SC","Chesterfield, Darlington, Florence, Marlboro, Williamsburg",South Carolina,12/27/2025,10.94
2025-2026,186,"Guilford (Greensboro), NC - Davidson, NC","Davidson, Guilford, Randolph, Rockingham",North Carolina,12/27/2025,18.49
2025-2026,187,"Laurens, SC - Greenwood, SC","Abbeville, Greenwood, Laurens, McCormick, Saluda",South Carolina,12/27/2025,11.26
2025-2026,188,"Madison (Jackson), TN - Gibson, TN","Chester, Crockett, Decatur, Gibson, Hardeman, Haywood, Henderson, Madison",Tennessee,12/27/2025,5.5
2025-2026,189,"Tift, GA - Ben Hill, GA","Ben Hill, Irwin, Tift, Turner",Georgia,2/21/2026,6.38
2025-2026,19,"Broome (Binghamton), NY - Tioga, NY","Broome, Tioga",New York,12/27/2025,11.76
2025-2026,190,"Cobb (Marietta), GA",Cobb,Georgia,12/27/2025,12.12
2025-2026,191,"Polk, NC",Polk,North Carolina,12/27/2025,14.29
2025-2026,192,"Iredell (Statesville), NC - Alexander, NC","Alexander, Iredell",North Carolina,12/27/2025,15.79
2025-2026,193,"Bibb (Macon), GA - Houston, GA","Bibb, Bleckley, Crawford, Houston, Jones, Monroe, Peach, Pulaski, Taylor, Twiggs, Wilkinson",Georgia,12/20/2025,4.93
2025-2026,194,"Watauga, NC - Ashe, NC","Ashe, Watauga",North Carolina,1/3/2026,8.03
2025-2026,195,"Pitt, NC - Beaufort, NC","Beaufort, Hyde, Martin, Pitt, Tyrrell, Washington",North Carolina,12/27/2025,18.51
2025-2026,196,"Sumter, SC - Clarendon, SC","Clarendon, Lee, Sumter",South Carolina,12/27/2025,12.75
2025-2026,198,"Wake (Raleigh), NC - Johnston, NC","Franklin, Johnston, Wake, Wilson",North Carolina,12/27/2025,15.87
2025-2026,199,"Marion, SC - Dillon, SC","Dillon, Marion",South Carolina,1/3/2026,12.47
2025-2026,2,"Kenton (Covington), KY - Campbell, KY","Boone, Campbell, Gallatin, Grant, Kenton, Pendleton",Kentucky,12/27/2025,8.13
2025-2026,20,"New London, CT",New London,Connecticut,12/27/2025,12.25
2025-2026,203,"Orange (Chapel Hill), NC - Harnett, NC","Chatham, Harnett, Lee, Orange",North Carolina,12/27/2025,14.02
2025-2026,204,"Spalding (Griffin), GA - Butts, GA","Butts, Spalding",Georgia,12/27/2025,14.57
2025-2026,205,"Moore, NC - Richmond, NC","Hoke, Montgomery, Moore, Richmond",North Carolina,12/27/2025,26.59
2025-2026,206,"Laurens, GA - Toombs, GA","Dodge, Johnson, Laurens, Montgomery, Telfair, Toombs, Treutlen, Wheeler",Georgia,12/27/2025,11.99
2025-2026,207,"Robeson, NC - Columbus, NC","Bladen, Columbus, Robeson, Scotland",North Carolina,12/27/2025,16.6
2025-2026,208,"Maury, TN - Giles, TN","Giles, Lewis, Marshall, Maury",Tennessee,12/27/2025,9.53
2025-2026,209,"Jackson, NC - Macon, NC","Graham, Jackson, Macon, Swain",North Carolina,12/27/2025,14.16
2025-2026,21,"Ontario (Geneva), NY - Wayne, NY","Ontario, Seneca, Wayne, Yates",New York,12/27/2025,11.98
2025-2026,211,"Rutherford (Murfreesboro), TN - Warren, TN","Cannon, DeKalb, Rutherford, Van Buren, Warren",Tennessee,12/27/2025,8.86
2025-2026,212,"Charleston (Charleston), SC - Berkeley, SC","Berkeley, Charleston, Colleton, Dorchester, Hampton",South Carolina,12/27/2025,7.06
2025-2026,214,"Nash, NC - Halifax, NC","Edgecombe, Halifax, Nash, Northampton",North Carolina,12/27/2025,19.99
2025-2026,215,"Putnam, TN - White, TN","Clay, Jackson, Overton, Pickett, Putnam, White",Tennessee,12/27/2025,7.69
2025-2026,216,"Stephens, GA - Hart, GA","Franklin, Hart, Stephens",Georgia,12/20/2025,9.23
2025-2026,217,"Hamblen (Morristown), TN - Jefferson, TN","Grainger, Hamblen, Hancock, Jefferson",Tennessee,12/27/2025,11.17
2025-2026,218,"Gaston (Gastonia), NC - Cleveland, NC","Cleveland, Gaston, Lincoln, Rutherford",North Carolina,12/27/2025,16.94
2025-2026,22,"Middlesex, MA - Suffolk (Boston), MA","Barnstable, Dukes, Middlesex, Nantucket, Norfolk, Plymouth, Suffolk",Massachusetts,12/27/2025,8.46
2025-2026,220,"Jasper, GA",Jasper,Georgia,12/27/2025,14.84
2025-2026,222,"Bulloch, GA - Emanuel, GA","Bulloch, Candler, Emanuel, Screven",Georgia,1/24/2026,0.09
2025-2026,223,"Cumberland, TN - Fentress, TN","Bledsoe, Cumberland, Fentress",Tennessee,12/20/2025,4.77
2025-2026,225,"Buncombe (Asheville), NC - Henderson, NC","Buncombe, Haywood, Henderson, Madison, Transylvania",North Carolina,12/27/2025,10.64
2025-2026,226,"Anderson (Oak Ridge), TN - Roane, TN","Anderson, Campbell, Morgan, Rhea, Roane",Tennessee,12/27/2025,5.91
2025-2026,228,"Decatur, GA - Seminole, GA","Decatur, Miller, Seminole",Georgia,2/21/2026,4.06
2025-2026,229,"Catawba (Hickory), NC - Burke, NC","Burke, Caldwell, Catawba",North Carolina,12/27/2025,17.42
2025-2026,23,"Camden (Camden), NJ - Burlington, NJ","Burlington, Camden, Gloucester, Salem",New Jersey,1/3/2026,5.76
2025-2026,230,"Wayne, GA - Appling, GA","Appling, Wayne",Georgia,4/25/2026,0
2025-2026,231,"Sumner (Hendersonville), TN - Wilson, TN","Macon, Smith, Sumner, Trousdale, Wilson",Tennessee,1/3/2026,5.68
2025-2026,232,"Lawrence, TN - Wayne, TN","Lawrence, Perry, Wayne",Tennessee,1/10/2026,6.48
2025-2026,234,"Montgomery (Clarksville), TN - Stewart, TN","Houston, Montgomery, Stewart",Tennessee,12/27/2025,4.78
2025-2026,235,"Cabarrus (Concord), NC - Rowan, NC","Cabarrus, Rowan, Stanly",North Carolina,12/27/2025,20.28
2025-2026,238,"Wayne, NC - Lenoir, NC","Duplin, Greene, Lenoir, Wayne",North Carolina,12/20/2025,19.62
2025-2026,239,"Coffee, TN - Franklin, TN","Coffee, Franklin, Grundy, Moore",Tennessee,12/27/2025,9.83
2025-2026,240,"Yancey, NC - Avery, NC","Avery, Mitchell, Yancey",North Carolina,12/27/2025,10.64
2025-2026,242,"Onslow, NC - Craven, NC","Carteret, Craven, Jones, Onslow, Pamlico",North Carolina,12/27/2025,15.34
2025-2026,243,"Hertford, NC - Bertie, NC","Bertie, Chowan, Gates, Hertford",North Carolina,12/27/2025,22.69
2025-2026,244,"York (Rock Hill), SC - Chester, SC","Chester, York",South Carolina,12/27/2025,16.54
2025-2026,245,"Hardin, TN - McNairy, TN","Hardin, McNairy",Tennessee,2/7/2026,10.42
2025-2026,246,"Horry, SC - Georgetown, SC","Georgetown, Horry",South Carolina,12/27/2025,10.5
2025-2026,248,"Dyer, TN - Lauderdale, TN","Dyer, Lake, Lauderdale",Tennessee,12/27/2025,6.63
2025-2026,249,"Lancaster, SC - Kershaw, SC","Kershaw, Lancaster",South Carolina,12/27/2025,8.88
2025-2026,25,"Frederick, VA - Shenandoah, VA","Clarke, Frederick, Shenandoah, Warren, Winchester City",Virginia,12/27/2025,12.43
2025-2026,252,"Greene, TN - Cocke, TN","Cocke, Greene",Tennessee,12/27/2025,10.2
2025-2026,256,"Wilkes, NC",Wilkes,North Carolina,1/3/2026,13.96
2025-2026,258,"Cherokee, NC - Clay, NC","Cherokee, Clay",North Carolina,1/10/2026,4.68
2025-2026,260,"Bedford, TN",Bedford,Tennessee,12/27/2025,9.22
2025-2026,261,"McDowell, NC",McDowell,North Carolina,1/3/2026,10.81
2025-2026,262,"Cumberland (Fayetteville), NC - Sampson, NC","Cumberland, Sampson",North Carolina,12/27/2025,19.31
2025-2026,263,"Scott, TN",Scott,Tennessee,1/24/2026,4
2025-2026,264,"Pasquotank, NC - Dare, NC","Camden, Dare, Pasquotank, Perquimans",North Carolina,12/27/2025,14.81
2025-2026,267,"Alamance, NC",Alamance,North Carolina,12/27/2025,20.01
2025-2026,269,"Upson, GA - Lamar, GA","Lamar, Pike, Upson",Georgia,12/27/2025,21.67
2025-2026,27,"Boyle, KY - Lincoln, KY","Boyle, Casey, Garrard, Lincoln, Mercer",Kentucky,1/3/2026,7.88
2025-2026,271,"Grand Traverse, MI - Manistee, MI","Antrim, Benzie, Grand Traverse, Kalkaska, Leelanau, Manistee",Michigan,1/3/2026,8.17
2025-2026,272,"Jefferson (Louisville), KY - Bullitt, KY","Bullitt, Henry, Jefferson, Marion, Nelson, Oldham, Shelby, Spencer, Washington",Kentucky,12/27/2025,9.4
2025-2026,273,"Wabash, IL",Wabash,Illinois,1/3/2026,6.3
2025-2026,274,"Wayne (Detroit), MI - Oakland, MI","Macomb, Oakland, Wayne",Michigan,12/27/2025,11.44
2025-2026,275,"Marion (Indianapolis), IN - Johnson, IN","Hendricks, Johnson, Marion, Morgan, Putnam, Rush, Shelby",Indiana,12/27/2025,7.37
2025-2026,277,"Peoria (Peoria), IL - Tazewell, IL","Fulton, Marshall, Mason, Peoria, Tazewell",Illinois,1/3/2026,6.84
2025-2026,278,"Brown (Green Bay), WI - Oconto, WI","Brown, Door, Kewaunee, Oconto",Wisconsin,1/3/2026,8.41
2025-2026,279,"Champaign (Champaign), IL - Coles, IL","Champaign, Coles, Cumberland, Douglas, Ford",Illinois,2/21/2026,5.55
2025-2026,280,"Milwaukee (Milwaukee), WI - Waukesha, WI","Milwaukee, Ozaukee, Washington, Waukesha",Wisconsin,12/27/2025,11.75
2025-2026,282,"Marathon (Wausau), WI - Wood, WI","Clark, Lincoln, Marathon, Taylor, Wood",Wisconsin,1/10/2026,4.28
2025-2026,284,"Gogebic, MI - Ontonagon, MI","Gogebic, Ontonagon",Michigan,1/24/2026,12.14
2025-2026,285,"Ingham (Lansing), MI - Eaton, MI","Clinton, Eaton, Ingham, Shiawassee",Michigan,1/3/2026,4.13
2025-2026,286,"Ramsey (St. Paul), MN - Dakota, MN","Chisago, Dakota, Ramsey, Washington",Minnesota,12/27/2025,13.2
2025-2026,287,"Cook (Chicago), IL - DuPage, IL","Cook, DuPage, Lake, McHenry",Illinois,12/27/2025,9.7
2025-2026,289,"St. Louis (Duluth), MN - Itasca, MN","Carlton, Cook, Itasca, Koochiching, Lake, Pine, St. Louis",Minnesota,12/27/2025,13.32
2025-2026,29,"Warren, KY - Logan, KY","Allen, Butler, Edmonson, Logan, Simpson, Warren",Kentucky,12/27/2025,10.3
2025-2026,291,"Winnebago (Rockford), IL - Ogle, IL","Boone, Lee, Ogle, Winnebago",Illinois,12/27/2025,11.4
2025-2026,293,"Marquette, MI - Delta, MI","Alger, Delta, Luce, Marquette, Schoolcraft",Michigan,1/10/2026,3.72
2025-2026,294,"Chippewa, MI - Emmet, MI","Charlevoix, Cheboygan, Chippewa, Emmet, Mackinac",Michigan,1/3/2026,6.74
2025-2026,296,"Muskegon (Muskegon), MI - Newaygo, MI","Mason, Muskegon, Newaygo, Oceana",Michigan,1/3/2026,6.45
2025-2026,297,"St. Clair (Port Huron), MI - Sanilac, MI","Sanilac, St. Clair",Michigan,1/3/2026,7.79
2025-2026,298,"Eau Claire (Eau Claire), WI - Chippewa, WI","Buffalo, Chippewa, Dunn, Eau Claire, Pepin",Wisconsin,1/10/2026,5.47
2025-2026,299,"Madison (Alton), IL - Jersey, IL","Bond, Calhoun, Jersey, Madison",Illinois,2/14/2026,7.39
2025-2026,3,"Sussex, DE - Kent, DE","Kent, Sussex",Delaware,1/3/2026,8.85
2025-2026,30,"Alleghany Cnty & Clifton Forge Cty, VA - Covington City, VA","Alleghany Cnty and Clifton Forge Cty, Bath, Covington City",Virginia,1/10/2026,8.35
2025-2026,300,"Tippecanoe (Lafayette), IN - Clinton, IN","Benton, Carroll, Clinton, Tippecanoe, White",Indiana,12/27/2025,11.43
2025-2026,301,"Dane (Madison), WI - Sauk, WI","Columbia, Dane, Grant, Iowa, Marquette, Richland, Sauk",Wisconsin,1/3/2026,5.96
2025-2026,302,"Stephenson, IL - Jo Daviess, IL","Jo Daviess, Stephenson",Illinois,1/10/2026,7.69
2025-2026,303,"Will (Joliet), IL - Grundy, IL","Grundy, Will",Illinois,12/27/2025,11.67
2025-2026,304,"Allen (Fort Wayne), IN - Noble, IN","Allen, De Kalb, LaGrange, Noble, Steuben, Whitley",Indiana,1/3/2026,6.75
2025-2026,305,"Macon (Decatur), IL - Shelby, IL","Macon, Moultrie, Piatt, Shelby",Illinois,2/7/2026,7.47
2025-2026,306,"Winnebago (Oshkosh), WI - Fond du Lac, WI","Dodge, Fond du Lac, Green Lake, Waushara, Winnebago",Wisconsin,1/3/2026,9.03
2025-2026,307,"Rock Island (Moline), IL - Henry, IL","Henry, Mercer, Rock Island, Stark",Illinois,1/3/2026,6.68
2025-2026,308,"Lake (Gary), IN - Porter, IN","Jasper, Lake, Newton, Porter",Indiana,12/27/2025,13.74
2025-2026,309,"Kent (Grand Rapids), MI - Ionia, MI","Gratiot, Ionia, Kent, Mecosta, Montcalm",Michigan,1/3/2026,4.99
2025-2026,31,"Monongalia, WV - Marion, WV","Marion, Monongalia, Preston, Taylor",West Virginia,1/10/2026,3.36
2025-2026,310,"Crawford, IL - Lawrence, IL","Crawford, Lawrence",Illinois,2/28/2026,6.2
2025-2026,312,"St. Joseph (South Bend), IN - Marshall, IN","Fulton, Marshall, Pulaski, St. Joseph",Indiana,12/27/2025,11.1
2025-2026,313,"Bartholomew, IN - Jackson, IN","Bartholomew, Decatur, Jackson, Jennings",Indiana,2/21/2026,2.84
2025-2026,314,"Washburn, WI - Burnett, WI","Burnett, Washburn",Wisconsin,1/10/2026,7.92
2025-2026,315,"Dickinson, MI - Menominee, MI","Dickinson, Iron, Menominee",Michigan,1/3/2026,8.52
2025-2026,316,"Perry, IN",Perry,Indiana,2/28/2026,10.92
2025-2026,317,"Wexford, MI - Osceola, MI","Lake, Missaukee, Osceola, Wexford",Michigan,2/21/2026,5.95
2025-2026,318,"Sangamon (Springfield), IL - Christian, IL","Brown, Cass, Christian, Logan, McDonough, Menard, Sangamon, Schuyler",Illinois,2/14/2026,5.35
2025-2026,319,"Morgan, IL - Greene, IL","Greene, Morgan, Scott",Illinois,1/10/2026,4.14
2025-2026,32,"Hampden (Springfield), MA - Hampshire, MA","Hampden, Hampshire",Massachusetts,12/27/2025,17.38
2025-2026,320,"Ottawa (Holland), MI - Allegan, MI","Allegan, Ottawa",Michigan,1/3/2026,5.14
2025-2026,321,"Dearborn, IN - Jefferson (Madison), IN","Dearborn, Jefferson, Ohio, Ripley, Switzerland",Indiana,2/21/2026,6.54
2025-2026,322,"Saginaw (Saginaw), MI - Tuscola, MI","Huron, Saginaw, Tuscola",Michigan,1/10/2026,5.08
2025-2026,323,"Delaware (Muncie), IN - Randolph, IN","Blackford, Delaware, Randolph",Indiana,3/14/2026,8.74
2025-2026,324,"Knox, IL - Warren, IL","Knox, Warren",Illinois,1/31/2026,10.35
2025-2026,325,"St. Clair (Belleville), IL - Clinton, IL","Clinton, Monroe, Randolph, St. Clair",Illinois,12/27/2025,7.75
2025-2026,326,"Rock (Janesville), WI - Green, WI","Green, Lafayette, Rock",Wisconsin,1/3/2026,10.11
2025-2026,327,"Berrien (Benton Harbor), MI - Van Buren, MI","Berrien, Cass, Van Buren",Michigan,2/21/2026,4.92
2025-2026,328,"Genesee (Flint), MI - Lapeer, MI","Genesee, Lapeer",Michigan,1/3/2026,5.22
2025-2026,33,"Henrico (Richmond), VA - Chesterfield, VA","Amelia, Charles City, Charlotte, Chesterfield, Colonial Heights City, Cumberland, Essex, Goochland, Hanover, Henrico, King William, King and Queen, Lancaster, Middlesex, New Kent, Northumberland, Nottoway, Powhatan, Prince Edward, Richmond, Richmond City, Westmoreland",Virginia,1/3/2026,8.08
2025-2026,330,"Midland (Midland), MI - Isabella, MI","Clare, Gladwin, Isabella, Midland",Michigan,1/3/2026,7.26
2025-2026,331,"Williamson, IL - Jackson, IL","Franklin, Jackson, Perry, Williamson",Illinois,12/27/2025,6.26
2025-2026,332,"Huntington, IN - Adams, IN","Adams, Huntington, Jay, Wells",Indiana,3/7/2026,8.4
2025-2026,333,"Vermilion, IL - Edgar, IL","Edgar, Vermilion",Illinois,2/21/2026,6.53
2025-2026,334,"Macoupin, IL - Montgomery, IL","Macoupin, Montgomery",Illinois,2/21/2026,7.47
2025-2026,335,"Jefferson, IL - Wayne, IL","Jefferson, Wayne",Illinois,1/24/2026,8.25
2025-2026,336,"La Salle, IL - Livingston, IL","Bureau, La Salle, Livingston, Putnam",Illinois,1/3/2026,8.34
2025-2026,338,"McLean (Bloomington), IL - Woodford, IL","De Witt, McLean, Woodford",Illinois,1/3/2026,5.81
2025-2026,339,"Floyd (New Albany), IN - Harrison, IN","Crawford, Floyd, Harrison, Washington",Indiana,3/7/2026,4.87
2025-2026,341,"Monroe (Bloomington), IN - Greene, IN","Brown, Greene, Monroe, Owen",Indiana,2/21/2026,6.21
2025-2026,342,"Bay (Bay City), MI - Iosco, MI","Arenac, Bay, Iosco, Ogemaw, Oscoda",Michigan,1/3/2026,6.15
2025-2026,343,"Kankakee (Kankakee), IL - Iroquois, IL","Iroquois, Kankakee",Illinois,1/3/2026,6.95
2025-2026,344,"Outagamie (Appleton), WI - Waupaca, WI","Outagamie, Waupaca",Wisconsin,1/3/2026,7.16
2025-2026,348,"Kalamazoo (Kalamazoo), MI - St. Joseph, MI","Kalamazoo, St. Joseph",Michigan,2/21/2026,4.02
2025-2026,349,"Elkhart (Elkhart), IN - Kosciusko, IN","Elkhart, Kosciusko",Indiana,12/27/2025,12.14
2025-2026,35,"Cattaraugus, NY - Allegany, NY","Allegany, Cattaraugus",New York,1/3/2026,4.05
2025-2026,350,"Clayton, IA - Delaware, IA","Clayton, Delaware",Iowa,1/3/2026,17.21
2025-2026,351,"Richland, IL - Clay, IL","Clay, Edwards, Jasper, Richland",Illinois,1/31/2026,8.28
2025-2026,353,"Adams, IL - Pike, IL","Adams, Pike",Illinois,2/14/2026,5.05
2025-2026,355,"Sheboygan (Sheboygan), WI - Manitowoc, WI","Calumet, Manitowoc, Sheboygan",Wisconsin,1/3/2026,10.05
2025-2026,357,"Ashland, WI - Sawyer, WI","Ashland, Bayfield, Price, Sawyer",Wisconsin,1/17/2026,9.35
2025-2026,358,"Marion, IL - Washington, IL","Marion, Washington",Illinois,2/7/2026,8.56
2025-2026,359,"Houghton, MI - Baraga, MI","Baraga, Houghton, Keweenaw",Michigan,1/17/2026,4.03
2025-2026,36,"Bergen, NJ - Hudson (Jersey City), NJ","Bergen, Hudson, Passaic",New Jersey,12/27/2025,12.21
2025-2026,361,"Whiteside, IL - Carroll, IL","Carroll, Whiteside",Illinois,12/27/2025,12.56
2025-2026,362,"Hancock, IN - Henry (New Castle), IN","Hancock, Henry",Indiana,1/31/2026,5.2
2025-2026,363,"Effingham, IL - Fayette, IL","Effingham, Fayette",Illinois,2/14/2026,8.35
2025-2026,364,"Howard (Kokomo), IN - Cass, IN","Cass, Howard, Tipton",Indiana,12/20/2025,6.49
2025-2026,365,"Clark (Jeffersonville), IN - Scott, IN","Clark, Scott",Indiana,8/2/2025,0
2025-2026,367,"Hancock, IL",Hancock,Illinois,1/31/2026,9.09
2025-2026,37,"Pulaski, KY - Wayne, KY","McCreary, Pulaski, Wayne",Kentucky,1/10/2026,2.11
2025-2026,370,"Goodhue, MN",Goodhue,Minnesota,12/27/2025,19.09
2025-2026,373,"Kane (Aurora), IL - DeKalb, IL","DeKalb, Kane, Kendall",Illinois,12/27/2025,11.82
2025-2026,374,"Barron, WI - Rusk, WI","Barron, Rusk",Wisconsin,1/17/2026,8.07
2025-2026,375,"Jackson (Jackson), MI - Lenawee, MI","Branch, Hillsdale, Jackson, Lenawee",Michigan,1/3/2026,5.98
2025-2026,378,"La Porte, IN - Starke, IN","La Porte, Starke",Indiana,1/3/2026,9.79
2025-2026,379,"Shawano, WI - Langlade, WI","Langlade, Menominee, Shawano",Wisconsin,1/10/2026,6.29
2025-2026,38,"Kennebec, ME - Somerset, ME","Kennebec, Somerset, Waldo",Maine,1/10/2026,4.97
2025-2026,381,"Calhoun (Battle Creek), MI - Barry, MI","Barry, Calhoun",Michigan,2/28/2026,4.53
2025-2026,382,"Racine (Racine), WI - Kenosha, WI","Kenosha, Racine",Wisconsin,12/27/2025,9.91
2025-2026,383,"White, IL - Hamilton, IL","Hamilton, White",Illinois,1/10/2026,2.02
2025-2026,384,"Saline, IL - Gallatin, IL","Gallatin, Hardin, Pope, Saline",Illinois,1/31/2026,7.53
2025-2026,385,"Wayne, IN - Fayette, IN","Fayette, Union, Wayne",Indiana,1/31/2026,5.73
2025-2026,387,"Walworth, WI - Jefferson, WI","Jefferson, Walworth",Wisconsin,12/27/2025,10.68
2025-2026,389,"Grant, IN - Miami, IN","Grant, Miami, Wabash",Indiana,3/7/2026,6.06
2025-2026,39,"Tazewell, VA - Buchanan, VA","Bland, Buchanan, Tazewell",Virginia,1/10/2026,4.35
2025-2026,390,"Hamilton, IN - Madison (Anderson), IN","Hamilton, Madison",Indiana,12/27/2025,11.14
2025-2026,391,"Juneau, WI - Adams, WI","Adams, Juneau",Wisconsin,2/14/2026,7.27
2025-2026,392,"Roscommon, MI - Otsego, MI","Crawford, Otsego, Roscommon",Michigan,1/3/2026,6.69
2025-2026,394,"Dubois, IN",Dubois,Indiana,1/24/2026,20
2025-2026,395,"Winneshiek, IA",Winneshiek,Iowa,1/3/2026,19.91
2025-2026,396,"Rice, MN",Rice,Minnesota,1/3/2026,17.12
2025-2026,399,"Jackson, WI",Jackson,Wisconsin,1/10/2026,7.61
2025-2026,4,"Hartford (Hartford), CT - Tolland, CT","Hartford, Tolland, Windham",Connecticut,12/27/2025,12.11
2025-2026,40,"Henderson (Henderson), KY - Union, KY","Henderson, Union",Kentucky,12/27/2025,7.48
2025-2026,400,"Portage, WI",Portage,Wisconsin,1/3/2026,7.98
2025-2026,401,"Boone, IN",Boone,Indiana,1/3/2026,7.07
2025-2026,402,"Montgomery, IN",Montgomery,Indiana,12/27/2025,8.97
2025-2026,403,"Orleans (New Orleans), LA - Jefferson, LA","Jefferson, Orleans, Plaquemines, St. Bernard, St. Charles, St. James, St. John the Baptist",Louisiana,12/27/2025,12.33
2025-2026,405,"Potter (Amarillo), TX - Randall, TX","Armstrong, Briscoe, Carson, Dallam, Donley, Hansford, Hartley, Hutchinson, Moore, Ochiltree, Oldham, Potter, Randall, Sherman, Swisher",Texas,12/27/2025,18.07
2025-2026,406,"Lubbock (Lubbock), TX - Hockley, TX","Bailey, Borden, Cochran, Crosby, Dawson, Dickens, Garza, Hockley, King, Lamb, Lubbock, Lynn, Motley",Texas,12/27/2025,8.15
2025-2026,408,"Harris (Houston), TX - Fort Bend, TX","Austin, Chambers, Fort Bend, Harris, Liberty, Montgomery, San Jacinto, Waller",Texas,12/20/2025,6.78
2025-2026,409,"Forrest, MS - Lamar, MS","Covington, Forrest, Greene, Lamar, Perry",Mississippi,2/21/2026,4.59
2025-2026,41,"Westchester (Yonkers), NY - Dutchess, NY","Dutchess, Putnam, Ulster, Westchester",New York,12/20/2025,11.6
2025-2026,410,"Bexar (San Antonio), TX - Guadalupe, TX","Atascosa, Bandera, Bexar, Frio, Gonzales, Guadalupe, Kendall, La Salle, McMullen, Medina, Wilson, Zavala",Texas,12/27/2025,10.3
2025-2026,411,"Hinds (Jackson), MS - Rankin, MS","Attala, Hinds, Holmes, Leake, Madison, Rankin, Scott, Simpson",Mississippi,12/27/2025,5.8
2025-2026,413,"Jefferson (Beaumont), TX - Orange, TX","Hardin, Jasper, Jefferson, Newton, Orange, Tyler",Texas,12/20/2025,14.27
2025-2026,414,"Tulsa (Tulsa), OK - Rogers, OK","Craig, Creek, Mayes, Ottawa, Rogers, Tulsa",Oklahoma,2/7/2026,4.45
2025-2026,415,"El Paso (El Paso), TX - Hudspeth, TX","Culberson, El Paso, Hudspeth, Loving",Texas,12/20/2025,19.32
2025-2026,416,"Caddo (Shreveport), LA - Bossier, LA","Bossier, Caddo, De Soto, Natchitoches, Red River, Sabine, Webster",Louisiana,12/27/2025,7.3
2025-2026,417,"Oklahoma (Oklahoma City), OK - Canadian, OK","Canadian, Lincoln, Logan, Oklahoma, Pottawatomie",Oklahoma,12/27/2025,4.03
2025-2026,418,"Lee, MS - Monroe, MS","Chickasaw, Itawamba, Lee, Monroe, Prentiss",Mississippi,12/20/2025,4.17
2025-2026,419,"East Baton Rouge (Baton Rouge), LA - Livingston, LA","Ascension, East Baton Rouge, East Feliciana, Iberville, Livingston, Pointe Coupee, West Baton Rouge, West Feliciana",Louisiana,12/20/2025,5.71
2025-2026,420,"Wichita (Wichita Falls), TX - Montague, TX","Archer, Baylor, Clay, Knox, Montague, Throckmorton, Wichita, Young",Texas,1/31/2026,10.59
2025-2026,422,"Coahoma, MS - Tallahatchie, MS","Coahoma, Quitman, Tallahatchie",Mississippi,1/24/2026,3.94
2025-2026,423,"Tangipahoa, LA - St. Helena, LA","St. Helena, Tangipahoa",Louisiana,2/7/2026,10.77
2025-2026,424,"Lafayette (Lafayette), LA - Iberia, LA","Acadia, Iberia, Lafayette, St. Martin, Vermilion",Louisiana,12/20/2025,12.83
2025-2026,425,"Travis (Austin), TX - Williamson, TX","Bastrop, Burnet, Lee, Llano, Travis, Williamson",Texas,12/27/2025,6.62
2025-2026,426,"Tom Green (San Angelo), TX - Runnels, TX","Coke, Concho, Crockett, Irion, McCulloch, Menard, Reagan, Runnels, Schleicher, Sterling, Sutton, Tom Green",Texas,2/21/2026,5.27
2025-2026,427,"Hidalgo (Mcallen), TX - Starr, TX","Hidalgo, Starr",Texas,12/20/2025,12.85
2025-2026,428,"Taylor (Abilene), TX - Jones, TX","Callahan, Eastland, Haskell, Jones, Kent, Shackelford, Stephens, Stonewall, Taylor",Texas,1/31/2026,10.06
2025-2026,429,"Garfield (Enid), OK - Kingfisher, OK","Alfalfa, Blaine, Garfield, Grant, Kingfisher, Major, Woods",Oklahoma,2/7/2026,5.88
2025-2026,430,"Cleveland (Norman), OK - McClain, OK","Cleveland, Garvin, McClain, Murray",Oklahoma,1/10/2026,1.89
2025-2026,433,"Victoria (Victoria), TX - Calhoun, TX","Calhoun, DeWitt, Goliad, Jackson, Lavaca, Refugio, Victoria",Texas,12/27/2025,10.41
2025-2026,434,"Tarrant (Fort Worth), TX - Johnson, TX","Hood, Johnson, Parker, Somervell, Tarrant",Texas,12/27/2025,11.91
2025-2026,435,"Concordia, LA - Tensas, LA","Concordia, Tensas",Louisiana,1/31/2026,10.92
2025-2026,437,"Nueces (Corpus Christi), TX - San Patricio, TX","Aransas, Brooks, Duval, Jim Wells, Kenedy, Kleberg, Live Oak, Nueces, San Patricio",Texas,12/27/2025,6.99
2025-2026,439,"Lincoln, LA - Union, LA","Bienville, Jackson, Lincoln, Union",Louisiana,12/27/2025,10.06
2025-2026,441,"Smith (Tyler), TX - Henderson, TX","Henderson, Smith, Van Zandt, Wood",Texas,12/27/2025,7.72
2025-2026,443,"Ouachita (Monroe), LA - Morehouse, LA","Caldwell, East Carroll, Franklin, Morehouse, Ouachita, Richland, West Carroll",Louisiana,12/27/2025,9.26
2025-2026,444,"Ector (Odessa), TX - Reeves, TX","Crane, Ector, Reeves, Ward, Winkler",Texas,12/27/2025,7.11
2025-2026,447,"Nacogdoches, TX - Shelby, TX","Nacogdoches, Sabine, San Augustine, Shelby",Texas,12/20/2025,19.69
2025-2026,449,"Angelina, TX - Walker, TX","Angelina, Polk, Trinity, Walker",Texas,12/20/2025,10.81
2025-2026,45,"Christian (Hopkinsville), KY - Hopkins, KY","Caldwell, Christian, Hopkins, Muhlenberg, Todd, Trigg, Webster",Kentucky,12/27/2025,11.77
2025-2026,450,"Rapides (Alexandria), LA - Avoyelles, LA","Allen, Avoyelles, Catahoula, Grant, La Salle, Rapides",Louisiana,12/27/2025,6.21
2025-2026,451,"Montgomery, KS - Chautauqua, KS","Chautauqua, Elk, Montgomery",Kansas,2/21/2026,5.71
2025-2026,452,"Bell (Killeen), TX - Coryell, TX","Bell, Coryell, Lampasas, Milam",Texas,1/31/2026,3.38
2025-2026,453,"Dallas (Dallas), TX - Collin, TX","Collin, Dallas, Ellis, Hopkins, Hunt, Kaufman, Rains, Rockwall",Texas,12/27/2025,9.16
2025-2026,454,"Gregg (Longview), TX - Rusk, TX","Gregg, Panola, Rusk, Upshur",Texas,1/10/2026,5.01
2025-2026,455,"Jones, MS - Wayne, MS","Jasper, Jones, Smith, Wayne",Mississippi,2/14/2026,7.05
2025-2026,456,"Harrison (Biloxi), MS - Hancock, MS","Hancock, Harrison, Stone",Mississippi,2/14/2026,7.75
2025-2026,458,"Wilbarger, TX - Hardeman, TX","Foard, Hardeman, Wilbarger",Texas,1/17/2026,6.51
2025-2026,459,"Lafayette, MS - Calhoun, MS","Calhoun, Lafayette, Yalobusha",Mississippi,12/27/2025,6.74
2025-2026,46,"Boyd, KY - Greenup, KY","Boyd, Carter, Greenup, Lawrence, Martin",Kentucky,1/24/2026,3.43
2025-2026,460,"Gray, TX - Wheeler, TX","Gray, Hemphill, Roberts, Wheeler",Texas,2/7/2026,13.41
2025-2026,462,"McLennan (Waco), TX - Hill, TX","Bosque, Falls, Hamilton, Hill, Limestone, McLennan",Texas,1/31/2026,5.52
2025-2026,463,"St. Landry, LA - Evangeline, LA","Evangeline, St. Landry",Louisiana,12/27/2025,16.99
2025-2026,464,"Brazos (Bryan), TX - Washington, TX","Brazos, Burleson, Grimes, Robertson, Washington",Texas,12/20/2025,8.03
2025-2026,465,"Titus, TX - Morris, TX","Camp, Franklin, Morris, Titus",Texas,12/27/2025,8.75
2025-2026,467,"Terrebonne (Houma), LA - Lafourche, LA","Assumption, Lafourche, Terrebonne",Louisiana,12/20/2025,9.77
2025-2026,470,"Calcasieu (Lake Charles), LA - Vernon, LA","Beauregard, Calcasieu, Cameron, Jefferson Davis, Vernon",Louisiana,12/20/2025,8.98
2025-2026,471,"Jackson (Pascagoula), MS - George, MS","George, Jackson",Mississippi,2/14/2026,9.51
2025-2026,474,"Carter, OK - Marshall, OK","Carter, Johnston, Love, Marshall",Oklahoma,1/31/2026,6.93
2025-2026,475,"Custer, OK - Washita, OK","Custer, Washita",Oklahoma,2/7/2026,7.51
2025-2026,477,"Pike, MS - Marion, MS","Amite, Marion, Pike, Walthall",Mississippi,2/7/2026,4.2
2025-2026,478,"Pontotoc, OK - Seminole, OK","Coal, Hughes, Pontotoc, Seminole",Oklahoma,1/31/2026,10.24
2025-2026,479,"Palo Pinto, TX - Jack, TX","Jack, Palo Pinto",Texas,12/27/2025,4.39
2025-2026,48,"Frederick, MD",Frederick,Maryland,12/27/2025,12.49
2025-2026,481,"Hale, TX - Castro, TX","Castro, Floyd, Hale",Texas,3/14/2026,8.68
2025-2026,482,"Pontotoc, MS - Union, MS","Pontotoc, Tippah, Union",Mississippi,2/28/2026,5.67
2025-2026,484,"Oktibbeha, MS - Winston, MS","Choctaw, Oktibbeha, Webster, Winston",Mississippi,2/7/2026,6.22
2025-2026,485,"Harrison (Marshall), TX - Cass, TX","Cass, Harrison, Marion",Texas,1/31/2026,7.26
2025-2026,487,"Bolivar, MS - Leflore, MS","Bolivar, Humphreys, Leflore, Sunflower",Mississippi,12/20/2025,3.42
2025-2026,488,"Washington, MS - Sharkey, MS","Issaquena, Sharkey, Washington",Mississippi,2/28/2026,7.93
2025-2026,489,"Navarro, TX - Freestone, TX","Freestone, Navarro",Texas,2/14/2026,7.86
2025-2026,49,"Chittenden (Burlington), VT - Franklin, VT","Addison, Chittenden, Franklin, Grand Isle",Vermont,1/3/2026,7.85
2025-2026,490,"Fayette, TX - Colorado, TX","Colorado, Fayette",Texas,12/27/2025,5.24
2025-2026,491,"Deaf Smith, TX - Parmer, TX","Deaf Smith, Parmer",Texas,1/10/2026,9.64
2025-2026,492,"Midland (Midland), TX - Pecos, TX","Martin, Midland, Pecos, Terrell, Upton",Texas,12/27/2025,9.12
2025-2026,495,"Denton (Denton), TX - Wise, TX","Cooke, Denton, Wise",Texas,12/27/2025,7.57
2025-2026,498,"Alcorn, MS - Tishomingo, MS","Alcorn, Tishomingo",Mississippi,12/27/2025,5.43
2025-2026,5,"Newport News City, VA - Hampton City, VA","Gloucester, Hampton City, James City, Mathews, Newport News City, Poquoson City, Williamsburg City, York",Virginia,1/3/2026,7.06
2025-2026,50,"Randolph, WV - Barbour, WV","Barbour, Pocahontas, Randolph, Tucker",West Virginia,2/21/2026,7.2
2025-2026,500,"St. Tammany (Slidell), LA - Washington, LA","St. Tammany, Washington",Louisiana,2/14/2026,6.91
2025-2026,501,"Leon, TX - Madison, TX","Leon, Madison",Texas,12/20/2025,11.27
2025-2026,502,"Grenada, MS - Montgomery, MS","Carroll, Grenada, Montgomery",Mississippi,2/21/2026,10
2025-2026,503,"Nolan, TX - Mitchell, TX","Fisher, Mitchell, Nolan",Texas,2/7/2026,4.39
2025-2026,504,"Jefferson Davis, MS - Lawrence, MS","Jefferson Davis, Lawrence",Mississippi,2/21/2026,5.54
2025-2026,505,"Brazoria (Lake Jackson), TX - Wharton, TX","Brazoria, Matagorda, Wharton",Texas,12/20/2025,14.23
2025-2026,506,"Kerr, TX - Gillespie, TX","Blanco, Edwards, Gillespie, Kerr, Kimble, Mason, Real",Texas,2/14/2026,6.48
2025-2026,507,"Erath, TX - Comanche, TX","Comanche, Erath",Texas,1/31/2026,7.5
2025-2026,508,"Lea, NM",Lea,New Mexico,1/3/2026,9.18
2025-2026,509,"Anderson, TX - Cherokee, TX","Anderson, Cherokee, Houston",Texas,12/27/2025,7.63
2025-2026,51,"Laurel, KY - Whitley, KY","Clay, Knox, Laurel, Whitley",Kentucky,1/3/2026,6.75
2025-2026,510,"Hays (San Marcos), TX - Caldwell, TX","Caldwell, Hays",Texas,12/27/2025,10.65
2025-2026,511,"Lincoln, MS - Copiah, MS","Copiah, Lincoln",Mississippi,2/14/2026,4.68
2025-2026,512,"Childress, TX - Hall, TX","Childress, Cottle, Hall",Texas,3/7/2026,6.45
2025-2026,513,"Bee, TX - Karnes, TX","Bee, Karnes",Texas,1/10/2026,7.84
2025-2026,516,"Maverick, TX - Val Verde, TX","Kinney, Maverick, Val Verde",Texas,2/7/2026,11.19
2025-2026,517,"Comal, TX",Comal,Texas,2/14/2026,7.64
2025-2026,518,"Howard, TX - Glasscock, TX","Glasscock, Howard",Texas,2/14/2026,5.3
2025-2026,520,"Cameron (Brownsville), TX - Willacy, TX","Cameron, Willacy",Texas,12/20/2025,8.77
2025-2026,523,"Claiborne, LA",Claiborne,Louisiana,1/31/2026,11.25
2025-2026,525,"Wilkinson, MS",Wilkinson,Mississippi,2/7/2026,24.44
2025-2026,526,"Brewster, TX - Presidio, TX","Brewster, Jeff Davis, Presidio",Texas,12/20/2025,13.33
2025-2026,528,"St. Mary, LA",St. Mary,Louisiana,12/20/2025,10.29
2025-2026,53,"Barren, KY - Hart, KY","Barren, Hart, Metcalfe, Monroe",Kentucky,12/27/2025,6.76
2025-2026,530,"Winn, LA",Winn,Louisiana,2/14/2026,14.15
2025-2026,531,"Dimmit, TX",Dimmit,Texas,3/14/2026,6.54
2025-2026,532,"Galveston, TX",Galveston,Texas,12/20/2025,9.42
2025-2026,533,"Yazoo, MS",Yazoo,Mississippi,12/20/2025,23.66
2025-2026,536,"Uvalde, TX",Uvalde,Texas,2/14/2026,10.13
2025-2026,538,"Webb (Laredo), TX - Zapata, TX","Jim Hogg, Webb, Zapata",Texas,12/6/2025,11.46
2025-2026,54,"Erie (Buffalo), NY - Monroe, NY","Erie, Genesee, Livingston, Monroe, Niagara, Orleans, Wyoming",New York,12/27/2025,12.82
2025-2026,540,"Hennepin (Minneapolis), MN - Anoka, MN","Anoka, Carver, Hennepin, Le Sueur, McLeod, Scott, Sherburne, Sibley, Wright",Minnesota,12/27/2025,13.05
2025-2026,542,"Douglas (Omaha), NE - Sarpy, NE","Burt, Cass, Colfax, Cuming, Dodge, Douglas, Sarpy, Saunders, Washington",Nebraska,1/3/2026,3.52
2025-2026,545,"Linn (Cedar Rapids), IA - Johnson, IA","Benton, Cedar, Iowa, Johnson, Jones, Linn, Louisa, Washington",Iowa,1/17/2026,5.02
2025-2026,546,"Polk (Des Moines), IA - Dallas, IA","Adair, Clarke, Dallas, Decatur, Jasper, Madison, Marion, Polk, Ringgold, Union, Warren",Iowa,1/3/2026,6.91
2025-2026,547,"Clay, MN - Becker, MN","Becker, Clay, Mahnomen, Norman, Wilkin",Minnesota,1/3/2026,10
2025-2026,55,"Wise, VA - Lee, VA","Dickenson, Lee, Norton City, Wise",Virginia,1/3/2026,9.16
2025-2026,551,"Ford, KS - Gray, KS","Clark, Ford, Gray, Hodgeman, Meade",Kansas,2/7/2026,20.38
2025-2026,552,"Howard, IA",Howard,Iowa,1/17/2026,8.33
2025-2026,554,"Shawnee (Topeka), KS - Riley, KS","Brown, Jackson, Jefferson, Nemaha, Osage, Pottawatomie, Riley, Shawnee, Wabaunsee",Kansas,2/7/2026,5.7
2025-2026,555,"Hall, NE - Hamilton, NE","Greeley, Hall, Hamilton, Howard, Merrick",Nebraska,12/27/2025,8.37
2025-2026,556,"Cerro Gordo, IA - Kossuth, IA","Cerro Gordo, Franklin, Hancock, Kossuth, Winnebago, Worth",Iowa,2/14/2026,4.01
2025-2026,557,"Black Hawk (Waterloo), IA - Bremer, IA","Black Hawk, Bremer, Buchanan, Butler, Fayette, Grundy",Iowa,1/10/2026,5.6
2025-2026,56,"Onondaga (Syracuse), NY - Oswego, NY","Cayuga, Onondaga, Oswego",New York,12/27/2025,7.55
2025-2026,560,"Woodbury (Sioux City), IA - Plymouth, IA","Buena Vista, Cherokee, Ida, Monona, Plymouth, Woodbury",Iowa,1/3/2026,7.11
2025-2026,561,"Lancaster (Lincoln), NE - Gage, NE","Butler, Gage, Jefferson, Lancaster, Saline, Seward",Nebraska,2/14/2026,6.63
2025-2026,563,"Union, IL - Alexander, IL","Alexander, Pulaski, Union",Illinois,2/14/2026,7.97
2025-2026,564,"Adams, NE - Clay, NE","Adams, Clay, Nuckolls, Webster",Nebraska,1/3/2026,10.82
2025-2026,565,"Ellis, KS - Rooks, KS","Ellis, Gove, Graham, Logan, Rooks, Trego",Kansas,2/14/2026,9.2
2025-2026,567,"Lyon, KS - Coffey, KS","Chase, Coffey, Greenwood, Lyon",Kansas,2/7/2026,6.67
2025-2026,569,"Saline, KS - Ellsworth, KS","Ellsworth, Lincoln, Ottawa, Saline",Kansas,1/31/2026,2.18
2025-2026,570,"Buffalo, NE - Dawson, NE","Buffalo, Dawson, Franklin, Frontier, Gosper, Kearney, Sherman",Nebraska,12/27/2025,6.75
2025-2026,573,"Blue Earth, MN - Nicollet, MN","Blue Earth, Nicollet, Waseca, Watonwan",Minnesota,1/3/2026,9.56
2025-2026,575,"Finney, KS - Scott, KS","Finney, Hamilton, Haskell, Kearny, Lane, Scott",Kansas,2/14/2026,8.19
2025-2026,576,"Sedgwick (Wichita), KS - Butler, KS","Butler, Cowley, Harvey, Marion, Sedgwick, Sumner",Kansas,1/31/2026,2.91
2025-2026,577,"Madison, NE - Wayne, NE","Antelope, Madison, Pierce, Stanton, Wayne",Nebraska,1/31/2026,5.7
2025-2026,58,"Otsego, NY - Chenango, NY","Chenango, Delaware, Otsego, Schoharie",New York,12/27/2025,9.88
2025-2026,583,"Barton, KS - Pawnee, KS","Barton, Edwards, Pawnee, Rush",Kansas,2/21/2026,7.42
2025-2026,585,"Webster, IA - Humboldt, IA","Humboldt, Pocahontas, Webster",Iowa,2/21/2026,7.6
2025-2026,587,"Seward, KS - Morton, KS","Morton, Seward",Kansas,1/24/2026,11.52
2025-2026,588,"Stearns (St. Cloud), MN - Benton, MN","Benton, Meeker, Morrison, Stearns, Todd",Minnesota,1/3/2026,10.79
2025-2026,589,"Wapello, IA - Mahaska, IA","Jefferson, Keokuk, Mahaska, Monroe, Van Buren, Wapello",Iowa,1/24/2026,10.89
2025-2026,59,"Oneida (Utica), NY - Madison, NY","Herkimer, Madison, Oneida",New York,12/27/2025,11.26
2025-2026,592,"Kandiyohi, MN - Chippewa, MN","Chippewa, Kandiyohi, Lac qui Parle, Swift, Yellow Medicine",Minnesota,1/3/2026,12.09
2025-2026,593,"Lincoln, NE - Keith, NE","Arthur, Hooker, Keith, Lincoln, McPherson, Perkins",Nebraska,1/3/2026,3.16
2025-2026,596,"Pottawattamie (Council Bluffs), IA - Harrison, IA","Audubon, Cass, Harrison, Mills, Pottawattamie, Shelby",Iowa,1/3/2026,6.88
2025-2026,598,"Reno, KS - Rice, KS","Reno, Rice, Stafford",Kansas,1/17/2026,6.01
2025-2026,60,"Raleigh, WV - Fayette, WV","Fayette, Raleigh, Summers, Wyoming",West Virginia,1/17/2026,5.54
2025-2026,601,"Labette, KS - Neosho, KS","Allen, Labette, Neosho, Woodson",Kansas,1/10/2026,5.14
2025-2026,602,"Brown, MN - Renville, MN","Brown, Redwood, Renville",Minnesota,1/3/2026,11.26
2025-2026,603,"Isanti (Cambridge), MN - Mille Lacs, MN","Isanti, Kanabec, Mille Lacs",Minnesota,12/27/2025,13.05
2025-2026,606,"Story, IA - Boone, IA","Boone, Hamilton, Hardin, Story, Wright",Iowa,1/3/2026,7.97
2025-2026,608,"Douglas, MN - Pope, MN","Douglas, Pope, Stevens",Minnesota,12/27/2025,12.4
2025-2026,609,"Lyon, MN - Lincoln, MN","Lincoln, Lyon",Minnesota,1/17/2026,9.13
2025-2026,61,"District of Columbia, DC",District of Columbia,District of Columbia,12/27/2025,8.6
2025-2026,612,"Crow Wing, MN - Cass, MN","Aitkin, Cass, Crow Wing, Hubbard, Wadena",Minnesota,1/3/2026,9.41
2025-2026,618,"Pratt, KS - Kiowa, KS","Comanche, Kiowa, Pratt",Kansas,2/7/2026,11.81
2025-2026,62,"Madison, KY - Rockcastle, KY","Estill, Jackson, Madison, Rockcastle",Kentucky,12/27/2025,9.63
2025-2026,621,"Wyandotte (Kansas City), KS - Leavenworth, KS","Leavenworth, Wyandotte",Kansas,1/3/2026,6.57
2025-2026,624,"Johnson (Overland Park), KS - Douglas, KS","Anderson, Douglas, Franklin, Johnson, Miami",Kansas,12/27/2025,14.31
2025-2026,625,"Clay, IA - Dickinson, IA","Clay, Dickinson, Palo Alto",Iowa,1/24/2026,7.49
2025-2026,626,"Emmet, IA",Emmet,Iowa,1/17/2026,16.67
2025-2026,628,"Richardson, NE - Pawnee, NE","Pawnee, Richardson",Nebraska,2/28/2026,7.81
2025-2026,63,"Rockingham, VA - Harrisonburg City, VA","Harrisonburg City, Page, Rockingham",Virginia,1/3/2026,10.09
2025-2026,630,"Crawford, KS - Bourbon, KS","Bourbon, Crawford, Linn",Kansas,1/24/2026,6.78
2025-2026,631,"Roseau, MN - Lake of the Woods, MN","Lake of the Woods, Roseau",Minnesota,1/10/2026,5.32
2025-2026,633,"Carroll, IA - Sac, IA","Calhoun, Carroll, Sac",Iowa,1/10/2026,7.1
2025-2026,634,"Floyd, IA - Chickasaw, IA","Chickasaw, Floyd",Iowa,12/27/2025,8.93
2025-2026,637,"Phillips, KS - Norton, KS","Norton, Phillips, Smith",Kansas,1/31/2026,11.3
2025-2026,64,"Atlantic (Atlantic City), NJ - Cape May, NJ","Atlantic, Cape May",New Jersey,12/27/2025,14.61
2025-2026,641,"Scott (Davenport), IA - Muscatine, IA","Muscatine, Scott",Iowa,12/27/2025,11.83
2025-2026,644,"Page, IA - Fremont, IA","Fremont, Page, Taylor",Iowa,1/3/2026,7.09
2025-2026,646,"Freeborn, MN - Faribault, MN","Faribault, Freeborn",Minnesota,1/3/2026,16.08
2025-2026,647,"Montgomery, IA - Adams, IA","Adams, Montgomery",Iowa,1/24/2026,9.82
2025-2026,649,"Appanoose, IA - Davis, IA","Appanoose, Davis",Iowa,1/17/2026,7.34
2025-2026,65,"Steuben, NY - Chemung (Elmira), NY","Chemung, Schuyler, Steuben",New York,1/3/2026,9.03
2025-2026,650,"Geary, KS - Dickinson, KS","Dickinson, Geary, Morris",Kansas,2/14/2026,4.64
2025-2026,651,"Platte, NE - Boone, NE","Boone, Nance, Platte",Nebraska,2/7/2026,7.04
2025-2026,66,"Essex (Newark), NJ - Middlesex, NJ","Essex, Middlesex, Somerset, Union",New Jersey,12/27/2025,12.68
2025-2026,67,"Rowan, KY - Morgan, KY","Elliott, Menifee, Morgan, Rowan",Kentucky,1/10/2026,5.56
2025-2026,671,"Atchison, KS",Atchison,Kansas,2/7/2026,13.83
2025-2026,672,"Sioux, IA",Sioux,Iowa,1/17/2026,3.15
2025-2026,674,"McPherson, KS",McPherson,Kansas,2/14/2026,1.06
2025-2026,679,"Marshall, IA - Tama, IA","Marshall, Tama",Iowa,1/24/2026,9.38
2025-2026,68,"Bristol (New Bedford), MA",Bristol,Massachusetts,12/27/2025,13
2025-2026,686,"Poweshiek, IA",Poweshiek,Iowa,1/17/2026,8.92
2025-2026,688,"Denver (Denver), CO - Jefferson, CO","Adams, Arapahoe, Clear Creek, Denver, Douglas, Elbert, Gilpin, Grand, Jefferson, Park, Summit",Colorado,12/27/2025,8.92
2025-2026,689,"Multnomah (Portland), OR - Washington, OR","Clackamas, Clatsop, Columbia, Multnomah, Washington",Oregon,1/31/2026,6.54
2025-2026,69,"Fairfax, VA - Arlington, VA","Alexandria City, Arlington, Fairfax, Fairfax City, Falls Church City, Loudoun",Virginia,12/27/2025,11.17
2025-2026,691,"Yellowstone (Billings), MT - Big Horn, MT","Big Horn, Carbon, Golden Valley, Musselshell, Rosebud, Stillwater, Treasure, Yellowstone",Montana,12/27/2025,8.41
2025-2026,692,"Cascade (Great Falls), MT - Glacier, MT","Cascade, Chouteau, Glacier, Judith Basin, Pondera, Teton, Toole",Montana,12/27/2025,7.59
2025-2026,693,"Bernalillo (Albuquerque), NM - Sandoval, NM","Bernalillo, Cibola, Sandoval, Socorro, Torrance, Valencia",New Mexico,12/27/2025,7.8
2025-2026,694,"Nez Perce, ID - Idaho, ID","Clearwater, Idaho, Lewis, Nez Perce",Idaho,2/21/2026,3.2
2025-2026,695,"Twin Falls, ID - Jerome, ID","Gooding, Jerome, Lincoln, Twin Falls",Idaho,12/27/2025,7.94
2025-2026,696,"Bannock, ID - Bingham, ID","Bannock, Bingham, Caribou, Oneida, Power",Idaho,12/27/2025,8.25
2025-2026,7,"Kanawha (Charleston), WV - Putnam, WV","Boone, Clay, Kanawha, Nicholas, Putnam, Webster",West Virginia,1/31/2026,6.26
2025-2026,70,"Montgomery, VA - Pulaski, VA","Giles, Montgomery, Pulaski, Radford City, Wythe",Virginia,12/27/2025,10.77
2025-2026,703,"Utah (Provo), UT - Sanpete, UT","Juab, Millard, Sanpete, Sevier, Utah, Wayne",Utah,12/27/2025,11.83
2025-2026,704,"Pueblo (Pueblo), CO - Las Animas, CO","Huerfano, Las Animas, Pueblo",Colorado,1/3/2026,10.58
2025-2026,705,"Marion (Salem), OR - Yamhill, OR","Marion, Polk, Yamhill",Oregon,2/7/2026,8.68
2025-2026,707,"Clark (Las Vegas), NV - Nye, NV","Clark, Esmeralda, Lincoln, Nye",Nevada,12/27/2025,3.46
2025-2026,708,"Salt Lake (Salt Lake City), UT - Tooele, UT","Duchesne, Salt Lake, Summit, Tooele, Uintah, Wasatch",Utah,12/27/2025,8.95
2025-2026,71,"Halifax with South Boston City, VA - Mecklenburg, VA","Halifax with South Boston City, Lunenburg, Mecklenburg",Virginia,1/3/2026,11.12
2025-2026,711,"Mesa, CO - Garfield, CO","Eagle, Garfield, Mesa, Pitkin, Rio Blanco",Colorado,12/27/2025,14.26
2025-2026,712,"Hill, MT - Blaine, MT","Blaine, Hill, Liberty, Phillips",Montana,3/14/2026,7.14
2025-2026,713,"Missoula, MT - Ravalli, MT","Granite, Lake, Mineral, Missoula, Ravalli, Sanders",Montana,1/31/2026,6.53
2025-2026,716,"Ada (Boise City), ID - Canyon, ID","Ada, Boise, Canyon, Elmore, Gem, Owyhee, Valley",Idaho,12/27/2025,8.52
2025-2026,717,"Umatilla, OR - Morrow, OR","Morrow, Umatilla",Oregon,1/24/2026,2.97
2025-2026,719,"Deschutes, OR - Crook, OR","Crook, Deschutes, Harney, Jefferson, Wheeler",Oregon,2/7/2026,6.56
2025-2026,72,"Washington (Hagerstown), MD",Washington,Maryland,1/3/2026,4.48
2025-2026,720,"Elko, NV - Lander, NV","Elko, Eureka, Lander",Nevada,2/7/2026,6.68
2025-2026,721,"Lewis and Clark, MT - Jefferson, MT","Broadwater, Jefferson, Lewis and Clark",Montana,2/21/2026,4.24
2025-2026,722,"Bonneville, ID - Madison, ID","Bonneville, Butte, Clark, Custer, Fremont, Jefferson, Madison, Teton",Idaho,12/20/2025,6.78
2025-2026,724,"Santa Fe (Santa Fe), NM - Rio Arriba, NM","Los Alamos, Rio Arriba, Santa Fe, Taos",New Mexico,12/27/2025,13.59
2025-2026,725,"Curry, NM - Roosevelt, NM","Curry, De Baca, Quay, Roosevelt",New Mexico,1/3/2026,12.32
2025-2026,726,"Natrona (Casper), WY - Converse, WY","Converse, Natrona",Wyoming,1/3/2026,2.74
2025-2026,727,"Linn, OR - Benton, OR","Benton, Linn",Oregon,1/31/2026,9.18
2025-2026,728,"Flathead, MT - Lincoln, MT","Flathead, Lincoln",Montana,12/27/2025,5.11
2025-2026,729,"Payette, ID - Washington, ID","Adams, Payette, Washington",Idaho,1/17/2026,6
2025-2026,73,"Alleghany, NC",Alleghany,North Carolina,1/10/2026,27.27
2025-2026,730,"Cassia, ID - Minidoka, ID","Cassia, Minidoka",Idaho,12/20/2025,8.61
2025-2026,732,"Dona Ana (Las Cruces), NM - Luna, NM","Dona Ana, Luna, Sierra",New Mexico,12/27/2025,20.32
2025-2026,734,"Kootenai, ID - Bonner, ID","Benewah, Bonner, Boundary, Kootenai, Shoshone",Idaho,2/7/2026,5.42
2025-2026,74,"Essex (Lynn), MA",Essex,Massachusetts,1/3/2026,9.72
2025-2026,741,"Cheyenne, NE - Kimball, NE","Cheyenne, Deuel, Kimball",Nebraska,1/3/2026,8.42
2025-2026,742,"Silver Bow, MT - Deer Lodge, MT","Beaverhead, Deer Lodge, Silver Bow",Montana,2/28/2026,4.71
2025-2026,743,"Klamath, OR - Lake, OR","Klamath, Lake",Oregon,2/14/2026,6.94
2025-2026,744,"Davis, UT - Weber (Ogden), UT","Box Elder, Davis, Morgan, Rich, Weber",Utah,12/27/2025,9.14
2025-2026,748,"Wasco, OR - Hood River, OR","Gilliam, Hood River, Sherman, Wasco",Oregon,1/31/2026,10.21
2025-2026,749,"Park, WY - Big Horn, WY","Big Horn, Park",Wyoming,12/27/2025,10.51
2025-2026,75,"New Castle (Wilmington), DE",New Castle,Delaware,12/27/2025,8.32
2025-2026,754,"El Paso (Colorado Springs), CO - Teller, CO","Cheyenne, El Paso, Kit Carson, Lincoln, Teller",Colorado,12/27/2025,9.16
2025-2026,755,"Iron, UT - Beaver, UT","Beaver, Iron",Utah,1/3/2026,5.21
2025-2026,756,"Park, MT - Sweet Grass, MT","Park, Sweet Grass",Montana,2/21/2026,4.32
2025-2026,759,"Union, OR - Baker, OR","Baker, Union, Wallowa",Oregon,2/7/2026,7.13
2025-2026,76,"Fulton, NY - Montgomery (Amsterdam), NY","Fulton, Montgomery",New York,12/27/2025,10.91
2025-2026,760,"Weld, CO - Morgan, CO","Morgan, Washington, Weld, Yuma",Colorado,12/27/2025,12.24
2025-2026,767,"Richland, MT - Dawson, MT","Dawson, McCone, Richland, Wibaux",Montana,1/17/2026,9.22
2025-2026,769,"Otero, NM - Lincoln, NM","Lincoln, Otero",New Mexico,12/27/2025,18.03
2025-2026,77,"Petersburg City, VA - Prince George, VA","Dinwiddie, Hopewell City, Petersburg City, Prince George, Surry, Sussex",Virginia,12/27/2025,9.79
2025-2026,770,"Sheridan, WY - Johnson, WY","Johnson, Sheridan",Wyoming,12/27/2025,3.68
2025-2026,772,"Chaves, NM - Eddy, NM","Chaves, Eddy",New Mexico,1/17/2026,5.7
2025-2026,773,"Gallatin and Yellowstone National Park, MT - Madison, MT","Gallatin and Yellowstone National Park, Madison",Montana,1/10/2026,4.33
2025-2026,775,"Teton, WY - Lincoln, WY","Lincoln, Sublette, Teton",Wyoming,1/3/2026,8.28
2025-2026,777,"Fremont, WY - Washakie, WY","Fremont, Hot Springs, Washakie",Wyoming,1/3/2026,6
2025-2026,779,"Roosevelt, MT - Valley, MT","Roosevelt, Valley",Montana,1/31/2026,6.61
2025-2026,782,"Lane (Eugene), OR - Douglas, OR","Douglas, Lane",Oregon,2/7/2026,6.44
2025-2026,783,"Lincoln, OR - Tillamook, OR","Lincoln, Tillamook",Oregon,1/31/2026,7.31
2025-2026,784,"Latah, ID",Latah,Idaho,2/28/2026,3.16
2025-2026,792,"Uinta, WY",Uinta,Wyoming,4/25/2026,5.78
2025-2026,793,"Grant, NM - Hidalgo, NM","Catron, Grant, Hidalgo",New Mexico,12/27/2025,27.8
2025-2026,795,"Boulder, CO - Broomfield, CO","Boulder, Broomfield",Colorado,12/27/2025,11.48
2025-2026,796,"Larimer, CO",Larimer,Colorado,12/27/2025,7.93
2025-2026,80,"St. Lawrence, NY - Jefferson, NY","Jefferson, Lewis, St. Lawrence",New York,12/27/2025,12.3
2025-2026,801,"San Miguel, NM - Mora, NM","Guadalupe, Harding, Mora, San Miguel",New Mexico,1/10/2026,6.51
2025-2026,805,"White Pine, NV",White Pine,Nevada,1/31/2026,3.03
2025-2026,808,"Blaine, ID - Camas, ID","Blaine, Camas",Idaho,1/3/2026,9.23
2025-2026,809,"Carbon, UT - Emery, UT","Carbon, Emery",Utah,1/3/2026,6.98
2025-2026,81,"Clinton, NY - Franklin, NY","Clinton, Essex, Franklin",New York,12/27/2025,9.83
2025-2026,82,"Taylor, KY - Adair, KY","Adair, Green, Russell, Taylor",Kentucky,12/27/2025,6.54
2025-2026,821,"Honolulu (Honolulu), HI - Maui, HI","Honolulu, Kalawao, Maui",Hawaii,12/27/2025,10.16
2025-2026,822,"Kauai, HI",Kauai,Hawaii,3/14/2026,6.8
2025-2026,823,"Hawaii, HI",Hawaii,Hawaii,1/3/2026,6
2025-2026,825,"Henry, GA - Forsyth, GA","Fayette, Forsyth, Henry, Rockdale, Walton",Georgia,12/27/2025,11.66
2025-2026,826,"Cherokee, GA - Douglas, GA","Cherokee, Douglas, Paulding, Pickens",Georgia,12/27/2025,16.68
2025-2026,827,"Newton (Covington), GA",Newton,Georgia,12/20/2025,9.52
2025-2026,828,"Baldwin, GA",Baldwin,Georgia,12/27/2025,11.17
2025-2026,829,"Clarke (Athens), GA - Barrow, GA","Barrow, Clarke, Jackson, Madison, Oconee, Oglethorpe",Georgia,12/27/2025,14.93
2025-2026,83,"Suffolk, NY - Nassau, NY","Nassau, Suffolk",New York,12/20/2025,9.42
2025-2026,830,"Richmond (South Augusta), GA - Columbia, GA","Burke, Columbia, Jenkins, Lincoln, McDuffie, Richmond",Georgia,1/3/2026,4.59
2025-2026,831,"Washtenaw, MI - Livingston, MI","Livingston, Washtenaw",Michigan,12/27/2025,6.74
2025-2026,85,"New Haven (New Haven), CT - Litchfield, CT","Litchfield, Middlesex, New Haven",Connecticut,12/27/2025,10.49
2025-2026,851,"Mineral, WV - Hardy, WV","Grant, Hardy, Mineral",West Virginia,1/3/2026,9.15
2025-2026,852,"Wicomico, MD - Worcester, MD","Somerset, Wicomico, Worcester",Maryland,12/27/2025,14.79
2025-2026,853,"Virginia Beach City, VA - Norfolk City, VA","Chesapeake City, Franklin City, Isle of Wight, Norfolk City, Portsmouth City, Southampton, Suffolk City, Virginia Beach City",Virginia,12/27/2025,10.34
2025-2026,854,"Bennington, VT",Bennington,Vermont,1/3/2026,6.97
2025-2026,855,"McCracken, KY - Graves, KY","Ballard, Carlisle, Crittenden, Graves, Hickman, Livingston, Lyon, Marshall, McCracken",Kentucky,1/3/2026,7.11
2025-2026,856,"Logan, WV - Mingo, WV","Logan, Mingo",West Virginia,1/17/2026,10.47
2025-2026,857,"Washington, VT - Windsor, VT","Orange, Washington, Windsor",Vermont,1/3/2026,6.14
2025-2026,86,"Orange (Newburgh), NY - Sullivan, NY","Orange, Sullivan",New York,12/27/2025,13.06
2025-2026,860,"Ohio (Wheeling), WV - Marshall, WV","Marshall, Ohio, Tyler, Wetzel",West Virginia,1/3/2026,5.43
2025-2026,861,"Berkeley, WV - Jefferson, WV","Berkeley, Hampshire, Jefferson, Morgan",West Virginia,1/3/2026,10.01
2025-2026,862,"Greenbrier, WV - Monroe, WV","Greenbrier, Monroe",West Virginia,1/24/2026,9.06
2025-2026,863,"Wood (Parkersburg), WV - Jackson, WV","Calhoun, Jackson, Pleasants, Ritchie, Roane, Wirt, Wood",West Virginia,2/28/2026,6.04
2025-2026,865,"Rockland, NY",Rockland,New York,12/20/2025,10.53
2025-2026,866,"Mercer, WV - McDowell, WV","McDowell, Mercer",West Virginia,3/7/2026,6.51
2025-2026,867,"Cabell (Huntington), WV - Wayne, WV","Cabell, Lincoln, Wayne",West Virginia,1/24/2026,4.81
2025-2026,869,"Montgomery, MD - Prince Georges, MD","Charles, Montgomery, Prince Georges, St. Marys",Maryland,12/27/2025,11.28
2025-2026,87,"Morris (Parsippany-Troy Hills Township), NJ - Sussex, NJ","Morris, Sussex",New Jersey,12/27/2025,10.64
2025-2026,875,"Harford, MD - Cecil, MD","Cecil, Harford",Maryland,12/27/2025,10.62
2025-2026,877,"Windham, VT",Windham,Vermont,1/10/2026,4.06
2025-2026,878,"Claiborne, TN",Claiborne,Tennessee,1/3/2026,7.45
2025-2026,88,"Saratoga, NY - Schenectady (Schenectady), NY","Hamilton, Saratoga, Schenectady, Warren, Washington",New York,12/27/2025,10.75
2025-2026,881,"Columbia, NY - Greene, NY","Columbia, Greene",New York,12/27/2025,9.38
2025-2026,882,"Henry, TN - Carroll, TN","Benton, Carroll, Henry",Tennessee,12/27/2025,9.15
2025-2026,883,"Pittsylvania (Danville), VA - Danville City, VA","Danville City, Pittsylvania",Virginia,1/3/2026,11
2025-2026,885,"Hamilton (Chattanooga), TN - Marion, TN","Hamilton, Marion, Sequatchie",Tennessee,12/27/2025,13.66
2025-2026,886,"Beaufort, SC - Jasper, SC","Beaufort, Jasper",South Carolina,12/27/2025,7.16
2025-2026,887,"Shelby (Memphis), TN - Tipton, TN","Fayette, Shelby, Tipton",Tennessee,12/27/2025,8.69
2025-2026,888,"Washington, VA - Smyth, VA","Bristol City, Russell, Scott, Smyth, Washington",Virginia,1/24/2026,7.71
2025-2026,889,"Aiken, SC - Edgefield, SC","Aiken, Barnwell, Edgefield",South Carolina,1/3/2026,8.85
2025-2026,89,"Hardin, KY - Meade, KY","Breckinridge, Grayson, Hardin, Larue, Meade",Kentucky,12/27/2025,9.46
2025-2026,890,"Glynn, GA - Camden, GA","Brantley, Camden, Charlton, Glynn, McIntosh",Georgia,2/14/2026,7.92
2025-2026,893,"Muscogee (Columbus), GA - Harris, GA","Chattahoochee, Harris, Marion, Muscogee, Schley, Stewart, Talbot, Webster",Georgia,12/27/2025,9.88
2025-2026,894,"Coweta, GA - Troup (La Grange), GA","Coweta, Heard, Meriwether, Troup",Georgia,12/27/2025,13.92
2025-2026,895,"Bradley, TN - Polk, TN","Bradley, Polk",Tennessee,12/27/2025,10.81
2025-2026,896,"Carroll, GA - Haralson, GA","Carroll, Haralson",Georgia,12/27/2025,9.6
2025-2026,897,"Weakley, TN - Obion, TN","Obion, Weakley",Tennessee,12/27/2025,11.71
2025-2026,899,"Johnson, TN",Johnson,Tennessee,1/24/2026,12.9
2025-2026,9,"Cumberland (Portland), ME - Knox, ME","Cumberland, Knox, Lincoln, Sagadahoc",Maine,1/3/2026,6.36
2025-2026,900,"Lincoln, TN",Lincoln,Tennessee,12/27/2025,12.82
2025-2026,902,"Vanderburgh (Evansville), IN - Warrick, IN","Gibson, Posey, Spencer, Vanderburgh, Warrick",Indiana,12/27/2025,7.69
2025-2026,904,"Mason, WV",Mason,West Virginia,2/14/2026,0.57
2025-2026,905,"Oneida, WI - Vilas, WI","Forest, Iron, Oneida, Vilas",Wisconsin,1/17/2026,5.31
2025-2026,906,"Polk, WI",Polk,Wisconsin,1/3/2026,8.94
2025-2026,907,"Douglas, WI",Douglas,Wisconsin,1/3/2026,12.31
2025-2026,908,"La Crosse (La Crosse), WI - Monroe, WI","La Crosse, Monroe, Trempealeau, Vernon",Wisconsin,1/3/2026,9.13
2025-2026,909,"Dubuque (Dubuque), IA - Jackson, IA","Dubuque, Jackson",Iowa,12/27/2025,13.11
2025-2026,910,"Knox, IN - Daviess, IN","Daviess, Knox, Martin, Pike",Indiana,1/3/2026,8.81
2025-2026,911,"Vigo (Terre Haute), IN - Clay, IN","Clay, Parke, Sullivan, Vermillion, Vigo",Indiana,1/10/2026,3.73
2025-2026,912,"Marinette, WI - Florence, WI","Florence, Marinette",Wisconsin,2/21/2026,7.4
2025-2026,913,"Daviess (Owensboro), KY - Ohio, KY","Daviess, Hancock, McLean, Ohio",Kentucky,1/3/2026,7.45
2025-2026,914,"Carroll, KY - Trimble, KY","Carroll, Trimble",Kentucky,12/27/2025,14.67
2025-2026,915,"Fountain, IN - Warren, IN","Fountain, Warren",Indiana,2/14/2026,3.5
2025-2026,917,"Des Moines, IA - Henry, IA","Des Moines, Henry",Iowa,1/31/2026,10.72
2025-2026,919,"Crawford, WI",Crawford,Wisconsin,1/10/2026,9.38
2025-2026,92,"Harrison, WV - Upshur, WV","Braxton, Doddridge, Gilmer, Harrison, Lewis, Upshur",West Virginia,2/21/2026,4.73
2025-2026,921,"Clinton, IA",Clinton,Iowa,1/3/2026,8.43
2025-2026,923,"St. Croix, WI - Pierce, WI","Pierce, St. Croix",Wisconsin,12/27/2025,11.35
2025-2026,924,"Hancock (Weirton), WV - Brooke, WV","Brooke, Hancock",West Virginia,1/3/2026,8.12
2025-2026,925,"Bowie (Texarkana), TX",Bowie,Texas,1/31/2026,6.68
2025-2026,926,"Lauderdale, MS - Neshoba, MS","Clarke, Kemper, Lauderdale, Neshoba, Newton",Mississippi,2/14/2026,10.91
2025-2026,928,"Warren, MS - Claiborne, MS","Claiborne, Warren",Mississippi,12/27/2025,9.55
2025-2026,929,"Adams, MS - Jefferson, MS","Adams, Franklin, Jefferson",Mississippi,1/31/2026,14.45
2025-2026,93,"Hunterdon, NJ - Warren (Phillipsburg), NJ","Hunterdon, Warren",New Jersey,12/27/2025,9.34
2025-2026,930,"Grayson (Sherman), TX - Fannin, TX","Fannin, Grayson",Texas,12/20/2025,12.69
2025-2026,931,"Lamar, TX - Red River, TX","Delta, Lamar, Red River",Texas,2/7/2026,6.02
2025-2026,932,"Delaware, OK",Delaware,Oklahoma,2/14/2026,7.89
2025-2026,934,"Lowndes, MS - Clay, MS","Clay, Lowndes, Noxubee",Mississippi,11/15/2025,8.5
2025-2026,936,"Pearl River, MS",Pearl River,Mississippi,2/14/2026,13.14
2025-2026,937,"Gaines, TX - Andrews, TX","Andrews, Gaines",Texas,1/3/2026,9.25
2025-2026,941,"Olmsted (Rochester), MN - Winona, MN","Dodge, Fillmore, Mower, Olmsted, Steele, Wabasha, Winona",Minnesota,1/3/2026,9.91
2025-2026,943,"Grant, KS - Stanton, KS","Grant, Stanton",Kansas,1/31/2026,5.36
2025-2026,95,"Androscoggin (Lewiston), ME - Oxford, ME","Androscoggin, Franklin, Oxford",Maine,12/27/2025,8.69
2025-2026,958,"Martin, MN",Martin,Minnesota,1/17/2026,22.8
2025-2026,96,"Harlan, KY - Bell, KY","Bell, Harlan",Kentucky,1/24/2026,9.08
2025-2026,962,"Washoe (Reno), NV - Carson City, NV","Carson City, Churchill, Douglas, Humboldt, Lyon, Mineral, Pershing, Storey, Washoe",Nevada,12/27/2025,11.84
2025-2026,964,"Washington, UT - Kane, UT","Garfield, Kane, Piute, Washington",Utah,1/3/2026,4.11
2025-2026,966,"Cache, UT",Cache,Utah,12/27/2025,8.11
2025-2026,968,"Malheur, OR",Malheur,Oregon,1/10/2026,8.91
2025-2026,969,"Coos, OR - Curry, OR","Coos, Curry",Oregon,2/7/2026,10.7
2025-2026,97,"Augusta, VA - Staunton City, VA","Augusta, Buena Vista City, Highland, Lexington City, Rockbridge, Staunton City, Waynesboro City",Virginia,1/3/2026,6.7
2025-2026,970,"San Juan, UT",San Juan,Utah,1/10/2026,6.52
2025-2026,971,"Laramie (Cheyenne), WY",Laramie,Wyoming,1/3/2026,8.27
2025-2026,973,"Jackson (Medford), OR - Josephine, OR","Jackson, Josephine",Oregon,2/7/2026,8.42
2025-2026,975,"Albany, WY - Carbon, WY","Albany, Carbon",Wyoming,12/6/2025,3.62
2025-2026,98,"York, ME",York,Maine,1/3/2026,8.51
2025-2026,985,"La Plata, CO - Montezuma, CO","Archuleta, Dolores, La Plata, Montezuma, San Juan",Colorado,12/27/2025,5.82
2025-2026,986,"San Juan, NM",San Juan,New Mexico,2/21/2026,5.09
2025-2026,99,"Albemarle, VA - Charlottesville City, VA","Albemarle, Buckingham, Charlottesville City, Culpeper, Fluvanna, Greene, Louisa, Madison, Nelson, Orange, Rappahannock",Virginia,1/3/2026,8.31
2025-2026,All,All,All,Alabama,1/3/2026,7.13
2025-2026,All,All,All,Alaska,1/3/2026,9.18
2025-2026,All,All,All,Arizona,2/21/2026,3.59
2025-2026,All,All,All,Arkansas,1/3/2026,4.97
2025-2026,All,All,All,California,2/14/2026,4.24
2025-2026,All,All,All,Colorado,1/3/2026,7.64
2025-2026,All,All,All,Connecticut,1/3/2026,8.53
2025-2026,All,All,All,Delaware,1/10/2026,5.55
2025-2026,All,All,All,District of Columbia,1/3/2026,7.6
2025-2026,All,All,All,Florida,1/3/2026,5.56
2025-2026,All,All,All,Georgia,1/3/2026,6.17
2025-2026,All,All,All,Hawaii,1/3/2026,7.58
2025-2026,All,All,All,Idaho,1/3/2026,5.41
2025-2026,All,All,All,Illinois,1/3/2026,6.92
2025-2026,All,All,All,Indiana,1/3/2026,6.33
2025-2026,All,All,All,Iowa,1/10/2026,5.29
2025-2026,All,All,All,Kansas,1/10/2026,4.28
2025-2026,All,All,All,Kentucky,1/3/2026,6.01
2025-2026,All,All,All,Louisiana,1/3/2026,7.12
2025-2026,All,All,All,Maine,1/10/2026,4.88
2025-2026,All,All,All,Maryland,1/3/2026,8.61
2025-2026,All,All,All,Massachusetts,1/3/2026,8.78
2025-2026,All,All,All,Michigan,1/3/2026,7.08
2025-2026,All,All,All,Minnesota,1/3/2026,10.13
2025-2026,All,All,All,Mississippi,2/21/2026,4.66
2025-2026,All,All,All,Montana,1/10/2026,3.32
2025-2026,All,All,All,Nebraska,2/21/2026,3.92
2025-2026,All,All,All,Nevada,1/3/2026,3.96
2025-2026,All,All,All,New Hampshire,1/10/2026,6.26
2025-2026,All,All,All,New Jersey,1/3/2026,8.5
2025-2026,All,All,All,New Mexico,1/3/2026,8.26
2025-2026,All,All,All,New York,1/3/2026,6.56
2025-2026,All,All,All,North Carolina,1/3/2026,12.49
2025-2026,All,All,All,North Dakota,1/10/2026,4.88
2025-2026,All,All,All,Ohio,1/3/2026,6.79
2025-2026,All,All,All,Oklahoma,2/7/2026,3.59
2025-2026,All,All,All,Oregon,2/14/2026,5.68
2025-2026,All,All,All,Pennsylvania,1/10/2026,4.16
2025-2026,All,All,All,Rhode Island,1/3/2026,7.63
2025-2026,All,All,All,South Carolina,1/3/2026,7.13
2025-2026,All,All,All,South Dakota,1/10/2026,4.31
2025-2026,All,All,All,Tennessee,1/3/2026,5.95
2025-2026,All,All,All,Texas,1/3/2026,5.98
2025-2026,All,All,All,United States,1/3/2026,6.57
2025-2026,All,All,All,Utah,1/3/2026,6.97
2025-2026,All,All,All,Vermont,1/10/2026,4.39
2025-2026,All,All,All,Virginia,1/10/2026,5.52
2025-2026,All,All,All,Washington,2/14/2026,4.13
2025-2026,All,All,All,West Virginia,1/10/2026,3.84
2025-2026,All,All,All,Wisconsin,1/10/2026,5.24
2025-2026,All,All,All,Wyoming,1/10/2026,4.11
